Order ID,Order Date,Ship Date,Ship Mode,Segment,City,State,Region,Category,Sub-Category,Sales,Quantity,Discount,Profit
ORD-50001,2024-09-20,2024-09-25,Standard Class,Corporate,Arizona City,Arizona,West,Furniture,Bookcases,3221.17,8,0.0,-621.2
ORD-50002,2023-12-08,2023-12-14,Standard Class,Corporate,Utah City,Utah,West,Furniture,Tables,2480.65,1,0.0,232.11
ORD-50003,2024-09-01,2024-09-05,Same Day,Corporate,Arkansas City,Arkansas,South,Furniture,Bookcases,1780.31,3,0.0,778.75
ORD-50004,2020-06-15,2020-06-17,Same Day,Consumer,Detroit,Michigan,Central,Technology,Copiers,4829.19,2,0.0,-1390.93
ORD-50005,2021-05-23,2021-05-30,Standard Class,Consumer,New Jersey City,New Jersey,East,Technology,Machines,1776.21,2,0.1,-117.61
ORD-50006,2021-12-03,2021-12-05,Second Class,Consumer,Massachusetts City,Massachusetts,East,Office Supplies,Art,9398.62,4,0.0,3678.67
ORD-50007,2021-12-20,2021-12-25,Standard Class,Consumer,Louisiana City,Louisiana,South,Furniture,Tables,18669.71,9,0.0,1998.07
ORD-50008,2021-10-09,2021-10-16,First Class,Corporate,Houston,Texas,Central,Technology,Phones,4251.7,3,0.2,656.76
ORD-50009,2020-07-19,2020-07-23,Standard Class,Home Office,Maryland City,Maryland,East,Office Supplies,Paper,1089.54,7,0.1,217.3
ORD-50010,2024-10-28,2024-11-02,Same Day,Corporate,Kentucky City,Kentucky,South,Office Supplies,Storage,10622.75,5,0.0,2955.52
ORD-50011,2022-06-10,2022-06-15,Standard Class,Consumer,Montana City,Montana,West,Technology,Copiers,2240.97,1,0.0,182.48
ORD-50012,2023-04-09,2023-04-14,Standard Class,Consumer,Connecticut City,Connecticut,East,Technology,Copiers,618.89,3,0.0,245.87
ORD-50013,2024-07-01,2024-07-05,Standard Class,Consumer,Kansas City,Kansas,Central,Furniture,Tables,10828.76,7,0.3,-665.94
ORD-50014,2022-08-30,2022-08-31,Standard Class,Consumer,Houston,Texas,Central,Technology,Accessories,3817.53,9,0.0,837.29
ORD-50015,2024-06-19,2024-06-20,Standard Class,Consumer,Delaware City,Delaware,East,Technology,Copiers,705.03,4,0.0,156.68
ORD-50016,2020-04-22,2020-04-24,Standard Class,Consumer,Los Angeles,California,West,Furniture,Furnishings,714.62,5,0.0,125.6
ORD-50017,2020-09-03,2020-09-07,Standard Class,Corporate,Philadelphia,Pennsylvania,East,Office Supplies,Supplies,840.23,1,0.1,-20.3
ORD-50018,2020-05-23,2020-05-24,Standard Class,Corporate,Savannah,Georgia,South,Office Supplies,Storage,3833.62,3,0.0,798.06
ORD-50019,2022-05-13,2022-05-20,Standard Class,Consumer,New Mexico City,New Mexico,West,Technology,Copiers,7274.32,7,0.4,-1432.02
ORD-50020,2023-08-14,2023-08-17,Standard Class,Home Office,Arkansas City,Arkansas,South,Furniture,Tables,4047.87,9,0.0,-422.51
ORD-50021,2020-01-09,2020-01-10,Standard Class,Corporate,Missouri City,Missouri,Central,Furniture,Furnishings,4092.75,3,0.25,13.84
ORD-50022,2023-12-16,2023-12-20,Standard Class,Consumer,Iowa City,Iowa,Central,Technology,Phones,7614.99,9,0.1,-2255.59
ORD-50023,2024-08-31,2024-09-04,Second Class,Corporate,Savannah,Georgia,South,Office Supplies,Storage,3022.82,5,0.0,-76.02
ORD-50024,2021-11-18,2021-11-22,Standard Class,Consumer,Louisiana City,Louisiana,South,Technology,Phones,9577.72,6,0.0,4116.1
ORD-50025,2022-03-08,2022-03-09,Standard Class,Corporate,Grand Rapids,Michigan,Central,Technology,Copiers,6194.53,5,0.0,460.84
ORD-50026,2023-05-28,2023-06-03,Same Day,Consumer,North Carolina City,North Carolina,South,Furniture,Furnishings,5835.52,3,0.15,2420.6
ORD-50027,2022-09-19,2022-09-23,Standard Class,Home Office,Dallas,Texas,Central,Furniture,Bookcases,6803.77,7,0.0,435.17
ORD-50028,2023-09-08,2023-09-14,Standard Class,Home Office,Rhode Island City,Rhode Island,East,Office Supplies,Fasteners,9259.76,6,0.0,-1012.81
ORD-50029,2020-09-02,2020-09-09,Standard Class,Corporate,Pittsburgh,Pennsylvania,East,Furniture,Furnishings,6078.79,3,0.0,964.31
ORD-50030,2020-01-20,2020-01-21,Standard Class,Corporate,Mississippi City,Mississippi,South,Technology,Phones,3003.02,3,0.0,-54.99
ORD-50031,2024-09-17,2024-09-24,Same Day,Consumer,Maryland City,Maryland,East,Technology,Accessories,12598.5,6,0.0,-3412.61
ORD-50032,2020-09-20,2020-09-25,Standard Class,Consumer,Utah City,Utah,West,Technology,Machines,16895.56,7,0.0,-4413.77
ORD-50033,2020-09-25,2020-09-27,Standard Class,Corporate,North Carolina City,North Carolina,South,Technology,Machines,817.55,1,0.0,20.55
ORD-50034,2022-03-01,2022-03-08,Second Class,Consumer,Maryland City,Maryland,East,Office Supplies,Envelopes,1031.25,1,0.0,-123.91
ORD-50035,2023-04-27,2023-05-04,Second Class,Corporate,Rhode Island City,Rhode Island,East,Furniture,Chairs,7683.53,7,0.0,956.81
ORD-50036,2023-05-28,2023-06-02,Standard Class,Consumer,Nevada City,Nevada,West,Office Supplies,Paper,3155.45,4,0.0,-906.02
ORD-50037,2024-10-23,2024-10-28,Standard Class,Consumer,Connecticut City,Connecticut,East,Technology,Machines,5795.2,5,0.25,-604.61
ORD-50038,2022-10-12,2022-10-17,Second Class,Consumer,Vermont City,Vermont,East,Technology,Accessories,6490.64,7,0.4,2274.32
ORD-50039,2022-08-14,2022-08-17,First Class,Corporate,Tennessee City,Tennessee,South,Office Supplies,Storage,785.23,1,0.5,297.61
ORD-50040,2022-04-28,2022-04-30,Standard Class,Corporate,Atlanta,Georgia,South,Technology,Accessories,4229.03,2,0.0,304.61
ORD-50041,2023-10-31,2023-11-04,Standard Class,Home Office,Connecticut City,Connecticut,East,Office Supplies,Envelopes,9677.75,4,0.0,2544.87
ORD-50042,2022-09-04,2022-09-05,Second Class,Consumer,North Carolina City,North Carolina,South,Furniture,Bookcases,4309.48,5,0.0,904.49
ORD-50043,2020-03-02,2020-03-06,First Class,Consumer,Montana City,Montana,West,Technology,Phones,2430.97,3,0.0,-709.53
ORD-50044,2023-11-08,2023-11-12,Standard Class,Home Office,Detroit,Michigan,Central,Technology,Machines,7925.58,5,0.0,1203.35
ORD-50045,2022-11-28,2022-12-03,First Class,Corporate,South Carolina City,South Carolina,South,Furniture,Bookcases,10353.03,5,0.15,1133.0
ORD-50046,2022-07-01,2022-07-06,First Class,Home Office,Tacoma,Washington,West,Furniture,Tables,8590.7,8,0.0,2718.05
ORD-50047,2024-07-29,2024-08-03,Standard Class,Consumer,Philadelphia,Pennsylvania,East,Furniture,Chairs,7121.82,7,0.5,1887.52
ORD-50048,2020-03-31,2020-04-02,First Class,Corporate,Virginia City,Virginia,East,Furniture,Furnishings,873.98,3,0.0,3.41
ORD-50049,2022-10-21,2022-10-24,Standard Class,Corporate,Vermont City,Vermont,East,Furniture,Bookcases,2406.0,1,0.0,231.64
ORD-50050,2020-06-21,2020-06-26,Standard Class,Home Office,Minnesota City,Minnesota,Central,Office Supplies,Art,307.13,5,0.5,-75.14
ORD-50051,2023-08-21,2023-08-27,Standard Class,Consumer,Oregon City,Oregon,West,Furniture,Tables,14937.85,6,0.0,5614.67
ORD-50052,2021-01-07,2021-01-09,Standard Class,Consumer,Nebraska City,Nebraska,Central,Office Supplies,Art,2334.58,2,0.0,-69.43
ORD-50053,2024-10-13,2024-10-18,Second Class,Consumer,Alabama City,Alabama,South,Technology,Phones,1005.85,3,0.2,414.76
ORD-50054,2022-04-03,2022-04-09,First Class,Consumer,South Carolina City,South Carolina,South,Technology,Phones,891.58,7,0.0,252.5
ORD-50055,2022-04-06,2022-04-09,Standard Class,Consumer,Albany,New York,East,Furniture,Tables,1555.44,9,0.0,-147.68
ORD-50056,2024-07-26,2024-08-01,First Class,Corporate,Louisiana City,Louisiana,South,Office Supplies,Art,4407.29,5,0.4,1486.29
ORD-50057,2020-02-20,2020-02-25,Second Class,Consumer,Missouri City,Missouri,Central,Office Supplies,Paper,495.7,1,0.15,-131.28
ORD-50058,2021-03-13,2021-03-19,First Class,Consumer,Idaho City,Idaho,West,Technology,Accessories,779.83,1,0.0,94.13
ORD-50059,2022-07-07,2022-07-14,Second Class,Consumer,Rhode Island City,Rhode Island,East,Furniture,Furnishings,3368.01,3,0.3,548.81
ORD-50060,2023-09-20,2023-09-23,Standard Class,Corporate,Massachusetts City,Massachusetts,East,Office Supplies,Binders,16380.87,9,0.0,4713.43
ORD-50061,2022-03-07,2022-03-11,Standard Class,Corporate,Louisiana City,Louisiana,South,Office Supplies,Storage,2107.6,1,0.0,93.48
ORD-50062,2024-11-05,2024-11-08,Standard Class,Consumer,Massachusetts City,Massachusetts,East,Furniture,Tables,1831.68,9,0.0,253.82
ORD-50063,2021-10-28,2021-11-02,Same Day,Home Office,Utah City,Utah,West,Furniture,Bookcases,4532.43,3,0.0,-785.46
ORD-50064,2024-03-16,2024-03-21,Standard Class,Consumer,Mississippi City,Mississippi,South,Furniture,Tables,1055.48,2,0.0,-55.33
ORD-50065,2020-08-01,2020-08-08,Standard Class,Consumer,Montana City,Montana,West,Office Supplies,Paper,405.09,1,0.0,123.41
ORD-50066,2021-12-26,2022-01-01,Second Class,Consumer,Detroit,Michigan,Central,Technology,Copiers,6708.6,8,0.1,-1698.91
ORD-50067,2022-07-07,2022-07-13,Second Class,Corporate,Idaho City,Idaho,West,Technology,Copiers,181.45,2,0.0,18.05
ORD-50068,2022-11-28,2022-11-29,First Class,Consumer,Montana City,Montana,West,Technology,Phones,1491.04,9,0.3,216.49
ORD-50069,2020-04-20,2020-04-24,Standard Class,Consumer,Mississippi City,Mississippi,South,Technology,Phones,11786.4,8,0.0,1453.78
ORD-50070,2023-09-05,2023-09-07,Standard Class,Home Office,Rhode Island City,Rhode Island,East,Furniture,Tables,7518.87,6,0.0,-917.9
ORD-50071,2021-05-30,2021-06-05,Standard Class,Consumer,Connecticut City,Connecticut,East,Office Supplies,Labels,4051.38,8,0.3,-971.62
ORD-50072,2020-01-06,2020-01-08,Standard Class,Home Office,Idaho City,Idaho,West,Furniture,Furnishings,6884.18,6,0.5,468.55
ORD-50073,2021-12-15,2021-12-17,Standard Class,Corporate,Virginia City,Virginia,East,Office Supplies,Paper,5781.57,6,0.5,1348.35
ORD-50074,2020-11-15,2020-11-21,Standard Class,Corporate,Miami,Florida,South,Technology,Phones,1594.37,4,0.0,231.84
ORD-50075,2022-06-16,2022-06-21,Second Class,Corporate,Pittsburgh,Pennsylvania,East,Furniture,Bookcases,1166.76,5,0.0,-247.91
ORD-50076,2023-01-23,2023-01-24,First Class,Corporate,Idaho City,Idaho,West,Office Supplies,Fasteners,3737.49,2,0.0,927.46
ORD-50077,2022-07-06,2022-07-10,First Class,Corporate,Springfield,Illinois,Central,Technology,Phones,2771.86,9,0.15,830.6
ORD-50078,2020-03-18,2020-03-20,First Class,Consumer,Nevada City,Nevada,West,Furniture,Chairs,6486.06,9,0.1,252.71
ORD-50079,2021-07-28,2021-08-04,Standard Class,Corporate,North Carolina City,North Carolina,South,Furniture,Tables,6286.53,7,0.0,-1571.86
ORD-50080,2021-08-01,2021-08-08,Second Class,Consumer,North Carolina City,North Carolina,South,Technology,Copiers,5564.44,4,0.2,918.44
ORD-50081,2024-01-04,2024-01-05,Second Class,Home Office,Louisiana City,Louisiana,South,Technology,Machines,1949.75,1,0.0,248.43
ORD-50082,2022-03-16,2022-03-21,Standard Class,Consumer,Connecticut City,Connecticut,East,Technology,Accessories,16947.47,8,0.0,1300.15
ORD-50083,2024-09-04,2024-09-06,Standard Class,Consumer,South Carolina City,South Carolina,South,Furniture,Bookcases,6008.52,4,0.0,-667.85
ORD-50084,2023-03-03,2023-03-10,Standard Class,Consumer,Cincinnati,Ohio,Central,Office Supplies,Binders,18951.99,8,0.0,3005.61
ORD-50085,2022-10-04,2022-10-08,First Class,Consumer,Idaho City,Idaho,West,Technology,Machines,72.21,1,0.0,11.2
ORD-50086,2024-10-15,2024-10-18,Standard Class,Home Office,Virginia City,Virginia,East,Furniture,Tables,1481.98,5,0.0,-237.5
ORD-50087,2021-01-05,2021-01-12,Standard Class,Consumer,Montana City,Montana,West,Furniture,Bookcases,1359.74,9,0.0,395.47
ORD-50088,2024-06-13,2024-06-16,First Class,Consumer,Rhode Island City,Rhode Island,East,Technology,Copiers,1641.17,2,0.3,230.26
ORD-50089,2023-04-18,2023-04-24,Standard Class,Corporate,Oregon City,Oregon,West,Office Supplies,Supplies,4734.06,6,0.0,-665.09
ORD-50090,2020-05-27,2020-06-02,First Class,Consumer,Wisconsin City,Wisconsin,Central,Furniture,Furnishings,10757.19,8,0.0,1576.35
ORD-50091,2023-09-03,2023-09-09,Standard Class,Corporate,Wisconsin City,Wisconsin,Central,Technology,Copiers,846.61,8,0.0,-67.28
ORD-50092,2023-05-30,2023-06-05,Second Class,Consumer,Spokane,Washington,West,Office Supplies,Art,1625.45,8,0.25,665.76
ORD-50093,2023-11-04,2023-11-05,Standard Class,Corporate,Mississippi City,Mississippi,South,Office Supplies,Storage,604.56,2,0.25,3.62
ORD-50094,2024-11-25,2024-11-30,Second Class,Consumer,Wisconsin City,Wisconsin,Central,Technology,Machines,4290.45,5,0.0,813.3
ORD-50095,2023-01-06,2023-01-12,First Class,Consumer,Idaho City,Idaho,West,Office Supplies,Storage,5010.01,5,0.0,24.02
ORD-50096,2023-01-13,2023-01-16,Standard Class,Corporate,Tacoma,Washington,West,Office Supplies,Fasteners,3070.15,2,0.3,961.21
ORD-50097,2023-02-16,2023-02-20,First Class,Consumer,Mississippi City,Mississippi,South,Technology,Accessories,7855.22,9,0.0,-621.75
ORD-50098,2021-12-14,2021-12-20,Standard Class,Consumer,Mississippi City,Mississippi,South,Office Supplies,Art,2237.96,1,0.0,188.76
ORD-50099,2023-05-09,2023-05-15,Second Class,Consumer,Iowa City,Iowa,Central,Office Supplies,Envelopes,2125.87,2,0.0,-608.44
ORD-50100,2020-02-03,2020-02-04,Standard Class,Consumer,Connecticut City,Connecticut,East,Office Supplies,Art,8758.4,7,0.0,-1707.77
ORD-50101,2021-09-01,2021-09-05,Second Class,Corporate,Montana City,Montana,West,Technology,Accessories,1243.27,1,0.0,-15.72
ORD-50102,2023-08-08,2023-08-11,Standard Class,Consumer,Pittsburgh,Pennsylvania,East,Technology,Phones,7859.2,8,0.0,3038.64
ORD-50103,2021-09-14,2021-09-20,Standard Class,Consumer,Colorado City,Colorado,West,Technology,Accessories,4868.52,4,0.0,-868.98
ORD-50104,2020-07-19,2020-07-21,Standard Class,Consumer,Orlando,Florida,South,Technology,Phones,6269.71,8,0.1,449.03
ORD-50105,2020-05-10,2020-05-12,First Class,Consumer,Idaho City,Idaho,West,Office Supplies,Paper,10447.92,6,0.0,-305.81
ORD-50106,2024-02-29,2024-03-07,Standard Class,Corporate,Miami,Florida,South,Furniture,Tables,6109.94,3,0.15,1863.05
ORD-50107,2024-04-09,2024-04-11,Standard Class,Home Office,Nevada City,Nevada,West,Office Supplies,Supplies,3049.41,9,0.4,-824.65
ORD-50108,2023-01-14,2023-01-16,Standard Class,Corporate,Maryland City,Maryland,East,Furniture,Bookcases,2201.49,7,0.0,865.84
ORD-50109,2021-01-06,2021-01-13,Standard Class,Corporate,Maryland City,Maryland,East,Furniture,Tables,9192.75,7,0.0,1353.19
ORD-50110,2020-07-01,2020-07-08,Standard Class,Consumer,Tacoma,Washington,West,Furniture,Bookcases,798.5,1,0.0,156.7
ORD-50111,2024-01-13,2024-01-20,Standard Class,Home Office,Chicago,Illinois,Central,Furniture,Tables,17331.99,7,0.0,-208.45
ORD-50112,2020-01-29,2020-02-04,Standard Class,Consumer,North Carolina City,North Carolina,South,Technology,Copiers,975.85,9,0.0,-93.91
ORD-50113,2020-12-05,2020-12-10,Second Class,Consumer,Nebraska City,Nebraska,Central,Office Supplies,Paper,186.53,8,0.0,-14.51
ORD-50114,2021-08-07,2021-08-14,Standard Class,Consumer,Connecticut City,Connecticut,East,Furniture,Furnishings,6815.69,5,0.2,-1587.66
ORD-50115,2022-12-21,2022-12-26,Same Day,Corporate,Maryland City,Maryland,East,Technology,Accessories,7448.93,4,0.0,3032.08
ORD-50116,2023-09-15,2023-09-18,Standard Class,Consumer,Utah City,Utah,West,Furniture,Bookcases,337.74,1,0.4,107.96
ORD-50117,2024-03-24,2024-03-27,Second Class,Consumer,Missouri City,Missouri,Central,Office Supplies,Fasteners,3365.24,3,0.15,747.14
ORD-50118,2022-06-11,2022-06-18,Standard Class,Corporate,North Carolina City,North Carolina,South,Technology,Accessories,11194.4,5,0.0,4008.67
ORD-50119,2020-06-18,2020-06-19,Standard Class,Home Office,Montana City,Montana,West,Technology,Phones,4660.0,2,0.0,-95.45
ORD-50120,2023-09-01,2023-09-06,First Class,Consumer,South Carolina City,South Carolina,South,Office Supplies,Binders,4957.63,2,0.0,299.64
ORD-50121,2020-02-09,2020-02-12,First Class,Corporate,Grand Rapids,Michigan,Central,Technology,Machines,11768.1,8,0.2,2281.12
ORD-50122,2024-09-12,2024-09-14,Standard Class,Consumer,Kansas City,Kansas,Central,Furniture,Bookcases,9197.96,7,0.25,3872.22
ORD-50123,2020-12-28,2021-01-02,Second Class,Consumer,Lansing,Michigan,Central,Technology,Accessories,1657.95,4,0.0,443.46
ORD-50124,2024-08-17,2024-08-18,Standard Class,Consumer,Louisiana City,Louisiana,South,Office Supplies,Supplies,605.74,2,0.0,63.6
ORD-50125,2023-06-10,2023-06-12,Standard Class,Consumer,Utah City,Utah,West,Technology,Accessories,7935.33,5,0.0,3197.31
ORD-50126,2022-11-06,2022-11-10,Standard Class,Consumer,Tennessee City,Tennessee,South,Office Supplies,Art,1461.69,1,0.0,-356.62
ORD-50127,2022-02-01,2022-02-04,Second Class,Consumer,Pittsburgh,Pennsylvania,East,Technology,Phones,968.28,1,0.0,64.37
ORD-50128,2022-01-07,2022-01-12,Same Day,Consumer,New Mexico City,New Mexico,West,Technology,Accessories,2420.56,9,0.0,716.75
ORD-50129,2024-01-22,2024-01-25,First Class,Consumer,Cleveland,Ohio,Central,Technology,Accessories,19269.14,8,0.0,7856.26
ORD-50130,2024-01-16,2024-01-19,Standard Class,Consumer,South Carolina City,South Carolina,South,Technology,Machines,4872.27,6,0.0,-682.95
ORD-50131,2024-04-11,2024-04-15,Standard Class,Consumer,Miami,Florida,South,Office Supplies,Fasteners,10867.64,5,0.0,437.64
ORD-50132,2021-11-23,2021-11-27,Same Day,Corporate,New Jersey City,New Jersey,East,Technology,Copiers,4282.79,9,0.0,637.05
ORD-50133,2022-08-13,2022-08-20,Second Class,Consumer,New Jersey City,New Jersey,East,Furniture,Tables,1319.88,2,0.2,-88.73
ORD-50134,2020-12-03,2020-12-09,Same Day,Corporate,San Antonio,Texas,Central,Furniture,Tables,12210.01,9,0.25,3478.49
ORD-50135,2021-08-10,2021-08-11,Standard Class,Consumer,Alabama City,Alabama,South,Technology,Machines,363.86,6,0.0,82.54
ORD-50136,2020-08-12,2020-08-13,First Class,Consumer,Delaware City,Delaware,East,Office Supplies,Art,880.13,4,0.0,-51.43
ORD-50137,2020-05-22,2020-05-24,Standard Class,Corporate,Maryland City,Maryland,East,Office Supplies,Labels,13447.26,8,0.0,3090.94
ORD-50138,2023-12-10,2023-12-11,Second Class,Consumer,Rhode Island City,Rhode Island,East,Office Supplies,Paper,4358.72,2,0.0,1253.42
ORD-50139,2023-11-14,2023-11-16,Second Class,Corporate,Colorado City,Colorado,West,Technology,Machines,10890.41,9,0.0,315.34
ORD-50140,2023-08-17,2023-08-20,Standard Class,Consumer,Massachusetts City,Massachusetts,East,Technology,Machines,8296.09,4,0.15,2935.78
ORD-50141,2022-07-02,2022-07-05,Standard Class,Corporate,Wisconsin City,Wisconsin,Central,Technology,Machines,22418.01,9,0.0,-5354.66
ORD-50142,2023-05-15,2023-05-16,First Class,Consumer,Oregon City,Oregon,West,Furniture,Chairs,2015.42,5,0.1,518.02
ORD-50143,2024-05-04,2024-05-05,Standard Class,Consumer,South Carolina City,South Carolina,South,Office Supplies,Art,7381.63,5,0.0,1141.51
ORD-50144,2020-07-04,2020-07-10,Standard Class,Home Office,Spokane,Washington,West,Technology,Accessories,1937.72,2,0.0,484.11
ORD-50145,2021-06-09,2021-06-15,Standard Class,Corporate,New Mexico City,New Mexico,West,Office Supplies,Fasteners,6248.29,6,0.0,-715.91
ORD-50146,2024-11-01,2024-11-07,Second Class,Corporate,Kentucky City,Kentucky,South,Technology,Phones,1186.03,2,0.25,-347.78
ORD-50147,2023-11-19,2023-11-21,Standard Class,Consumer,Iowa City,Iowa,Central,Furniture,Bookcases,3931.64,9,0.0,-446.1
ORD-50148,2023-02-04,2023-02-09,Standard Class,Consumer,Los Angeles,California,West,Office Supplies,Art,1005.58,1,0.25,305.95
ORD-50149,2020-11-29,2020-12-01,Standard Class,Consumer,Alabama City,Alabama,South,Technology,Phones,589.36,1,0.0,23.07
ORD-50150,2022-11-01,2022-11-03,Standard Class,Corporate,Missouri City,Missouri,Central,Furniture,Chairs,2415.09,2,0.0,1038.06
ORD-50151,2023-12-22,2023-12-28,Standard Class,Consumer,Idaho City,Idaho,West,Technology,Copiers,322.14,4,0.1,-47.87
ORD-50152,2024-12-04,2024-12-09,Standard Class,Consumer,Idaho City,Idaho,West,Office Supplies,Envelopes,13034.0,6,0.0,2557.59
ORD-50153,2023-03-14,2023-03-16,First Class,Consumer,New Mexico City,New Mexico,West,Technology,Accessories,9170.98,8,0.2,3567.59
ORD-50154,2020-12-26,2020-12-28,Standard Class,Corporate,Lansing,Michigan,Central,Office Supplies,Envelopes,2464.98,6,0.0,862.32
ORD-50155,2022-08-28,2022-09-01,Second Class,Consumer,Kansas City,Kansas,Central,Furniture,Chairs,6899.4,4,0.1,2110.42
ORD-50156,2024-07-22,2024-07-28,Standard Class,Home Office,Rhode Island City,Rhode Island,East,Technology,Copiers,29.31,1,0.0,-0.08
ORD-50157,2024-02-29,2024-03-03,Standard Class,Consumer,Detroit,Michigan,Central,Furniture,Chairs,590.68,3,0.0,107.46
ORD-50158,2022-03-26,2022-03-28,Standard Class,Home Office,Rhode Island City,Rhode Island,East,Technology,Phones,708.48,9,0.0,-0.63
ORD-50159,2021-05-12,2021-05-16,Same Day,Corporate,Cincinnati,Ohio,Central,Technology,Machines,422.16,7,0.0,157.27
ORD-50160,2022-02-27,2022-03-04,Standard Class,Consumer,Kansas City,Kansas,Central,Technology,Copiers,1068.12,4,0.0,-92.23
ORD-50161,2020-01-02,2020-01-03,Same Day,Corporate,Oregon City,Oregon,West,Office Supplies,Art,12981.7,7,0.1,-2127.98
ORD-50162,2021-03-20,2021-03-22,First Class,Corporate,Wisconsin City,Wisconsin,Central,Technology,Machines,5135.76,6,0.2,578.65
ORD-50163,2023-02-15,2023-02-20,First Class,Consumer,Mississippi City,Mississippi,South,Technology,Copiers,5236.0,9,0.0,-884.46
ORD-50164,2024-05-22,2024-05-24,Second Class,Consumer,Nebraska City,Nebraska,Central,Furniture,Tables,13420.06,7,0.1,-3064.45
ORD-50165,2021-11-17,2021-11-18,Second Class,Corporate,Mississippi City,Mississippi,South,Furniture,Bookcases,15113.36,7,0.0,-2511.32
ORD-50166,2023-01-05,2023-01-10,Standard Class,Consumer,Lansing,Michigan,Central,Technology,Accessories,1101.93,3,0.0,227.97
ORD-50167,2021-04-03,2021-04-10,Standard Class,Corporate,Massachusetts City,Massachusetts,East,Furniture,Bookcases,7378.15,4,0.1,987.12
ORD-50168,2020-03-13,2020-03-14,Standard Class,Corporate,Arizona City,Arizona,West,Furniture,Chairs,3588.66,4,0.0,1162.36
ORD-50169,2023-06-07,2023-06-09,Second Class,Corporate,South Carolina City,South Carolina,South,Technology,Machines,1765.83,3,0.0,-460.43
ORD-50170,2024-12-26,2024-12-30,Standard Class,Corporate,Savannah,Georgia,South,Furniture,Bookcases,2824.62,4,0.5,497.75
ORD-50171,2021-10-31,2021-11-01,First Class,Consumer,Montana City,Montana,West,Technology,Machines,115.67,8,0.2,45.73
ORD-50172,2023-06-25,2023-06-29,Standard Class,Consumer,Wisconsin City,Wisconsin,Central,Technology,Machines,6735.29,4,0.0,-1570.38
ORD-50173,2024-08-04,2024-08-08,Standard Class,Corporate,Los Angeles,California,West,Office Supplies,Art,1337.67,2,0.0,-53.85
ORD-50174,2024-09-21,2024-09-28,Same Day,Home Office,Kansas City,Kansas,Central,Furniture,Bookcases,9178.01,6,0.3,667.45
ORD-50175,2020-02-11,2020-02-17,First Class,Home Office,Connecticut City,Connecticut,East,Office Supplies,Art,7686.79,8,0.0,1853.03
ORD-50176,2024-08-25,2024-08-27,Standard Class,Consumer,Colorado City,Colorado,West,Office Supplies,Paper,2282.73,4,0.0,912.06
ORD-50177,2020-04-04,2020-04-10,Standard Class,Consumer,Rhode Island City,Rhode Island,East,Furniture,Tables,8988.72,4,0.0,-9.01
ORD-50178,2022-08-21,2022-08-22,Standard Class,Consumer,Missouri City,Missouri,Central,Office Supplies,Supplies,854.86,4,0.0,-188.71
ORD-50179,2024-01-30,2024-02-01,Standard Class,Consumer,Harrisburg,Pennsylvania,East,Technology,Copiers,319.07,2,0.0,70.6
ORD-50180,2023-09-14,2023-09-18,Standard Class,Consumer,Wisconsin City,Wisconsin,Central,Technology,Phones,266.1,1,0.0,119.09
ORD-50181,2022-03-30,2022-04-03,Standard Class,Consumer,Missouri City,Missouri,Central,Technology,Machines,4026.81,5,0.25,150.35
ORD-50182,2021-03-30,2021-04-04,Standard Class,Consumer,Lansing,Michigan,Central,Technology,Machines,16870.69,7,0.0,1029.25
ORD-50183,2023-12-17,2023-12-22,Standard Class,Corporate,Massachusetts City,Massachusetts,East,Technology,Phones,90.24,2,0.0,-13.61
ORD-50184,2021-12-03,2021-12-08,First Class,Corporate,Columbus,Ohio,Central,Technology,Phones,776.21,4,0.25,-91.12
ORD-50185,2023-12-16,2023-12-18,Second Class,Corporate,Delaware City,Delaware,East,Technology,Phones,20086.47,9,0.0,3897.16
ORD-50186,2020-08-19,2020-08-24,First Class,Home Office,Dallas,Texas,Central,Furniture,Chairs,6978.71,8,0.3,1238.74
ORD-50187,2021-08-03,2021-08-07,Standard Class,Home Office,Sacramento,California,West,Technology,Machines,13642.93,8,0.0,3236.68
ORD-50188,2020-08-19,2020-08-21,Standard Class,Consumer,Lansing,Michigan,Central,Furniture,Chairs,8428.93,4,0.15,1652.31
ORD-50189,2020-12-15,2020-12-21,Second Class,Consumer,North Carolina City,North Carolina,South,Technology,Accessories,4041.84,6,0.0,347.57
ORD-50190,2022-08-03,2022-08-06,Standard Class,Consumer,Iowa City,Iowa,Central,Furniture,Chairs,13889.77,9,0.0,1357.4
ORD-50191,2024-02-20,2024-02-22,Second Class,Consumer,Pittsburgh,Pennsylvania,East,Furniture,Furnishings,2924.64,2,0.0,-135.41
ORD-50192,2022-04-25,2022-04-29,Standard Class,Consumer,Augusta,Georgia,South,Furniture,Chairs,1687.02,4,0.0,-352.37
ORD-50193,2020-05-01,2020-05-07,First Class,Corporate,North Carolina City,North Carolina,South,Office Supplies,Paper,19067.29,9,0.0,3375.92
ORD-50194,2020-08-25,2020-09-01,Standard Class,Corporate,Connecticut City,Connecticut,East,Office Supplies,Supplies,759.07,6,0.15,-74.39
ORD-50195,2020-10-09,2020-10-11,Standard Class,Corporate,Savannah,Georgia,South,Furniture,Chairs,10176.35,8,0.0,102.4
ORD-50196,2020-01-23,2020-01-28,Standard Class,Consumer,San Antonio,Texas,Central,Technology,Copiers,11086.95,9,0.15,-1995.06
ORD-50197,2021-03-24,2021-03-28,Standard Class,Corporate,Vermont City,Vermont,East,Furniture,Furnishings,2025.43,2,0.0,235.59
ORD-50198,2020-04-21,2020-04-26,Standard Class,Corporate,Louisiana City,Louisiana,South,Technology,Copiers,6324.17,6,0.2,-1844.93
ORD-50199,2024-11-13,2024-11-20,Standard Class,Consumer,Chicago,Illinois,Central,Furniture,Furnishings,10967.39,5,0.0,-120.29
ORD-50200,2023-03-23,2023-03-28,Second Class,Consumer,Tennessee City,Tennessee,South,Office Supplies,Supplies,137.7,7,0.0,22.68
ORD-50201,2021-08-05,2021-08-09,Standard Class,Consumer,Arkansas City,Arkansas,South,Furniture,Furnishings,9063.3,5,0.0,1097.69
ORD-50202,2021-08-16,2021-08-19,Standard Class,Corporate,Kentucky City,Kentucky,South,Office Supplies,Supplies,2065.25,1,0.0,-388.78
ORD-50203,2024-09-23,2024-09-26,Standard Class,Corporate,Mississippi City,Mississippi,South,Office Supplies,Envelopes,2269.45,7,0.15,-279.38
ORD-50204,2023-08-19,2023-08-22,Second Class,Corporate,Arizona City,Arizona,West,Furniture,Bookcases,759.12,1,0.0,134.47
ORD-50205,2020-05-16,2020-05-18,Standard Class,Corporate,Alabama City,Alabama,South,Technology,Accessories,946.85,2,0.0,213.22
ORD-50206,2021-07-16,2021-07-21,Standard Class,Consumer,Massachusetts City,Massachusetts,East,Furniture,Tables,6402.09,3,0.0,296.41
ORD-50207,2024-05-24,2024-05-26,Standard Class,Consumer,Miami,Florida,South,Office Supplies,Supplies,2553.5,2,0.3,728.16
ORD-50208,2023-10-19,2023-10-23,Standard Class,Consumer,Alabama City,Alabama,South,Furniture,Tables,12461.68,9,0.4,-3094.0
ORD-50209,2020-06-11,2020-06-18,First Class,Consumer,Mississippi City,Mississippi,South,Office Supplies,Labels,3810.73,6,0.0,1271.23
ORD-50210,2021-08-18,2021-08-20,First Class,Consumer,Rhode Island City,Rhode Island,East,Furniture,Furnishings,1444.1,4,0.0,402.75
ORD-50211,2023-12-20,2023-12-22,Standard Class,Home Office,Harrisburg,Pennsylvania,East,Technology,Machines,5953.43,9,0.0,2587.74
ORD-50212,2021-01-05,2021-01-06,Same Day,Corporate,Lansing,Michigan,Central,Office Supplies,Envelopes,21769.92,9,0.0,5224.91
ORD-50213,2020-10-15,2020-10-16,Same Day,Corporate,New Mexico City,New Mexico,West,Furniture,Bookcases,4176.81,9,0.2,466.25
ORD-50214,2022-04-21,2022-04-26,Standard Class,Home Office,Massachusetts City,Massachusetts,East,Office Supplies,Labels,13490.61,9,0.1,630.3
ORD-50215,2020-12-09,2020-12-16,Standard Class,Corporate,North Carolina City,North Carolina,South,Furniture,Bookcases,6056.74,3,0.0,1754.69
ORD-50216,2022-12-27,2023-01-02,Second Class,Corporate,Louisiana City,Louisiana,South,Furniture,Furnishings,357.57,8,0.25,128.61
ORD-50217,2021-03-22,2021-03-24,Standard Class,Corporate,Arkansas City,Arkansas,South,Office Supplies,Art,9342.96,8,0.0,-64.97
ORD-50218,2021-01-13,2021-01-15,Standard Class,Consumer,Utah City,Utah,West,Technology,Machines,8888.51,8,0.0,-2039.67
ORD-50219,2022-06-23,2022-06-30,Standard Class,Consumer,Arkansas City,Arkansas,South,Furniture,Chairs,4487.88,2,0.0,995.97
ORD-50220,2024-07-07,2024-07-10,Same Day,Home Office,Augusta,Georgia,South,Technology,Phones,364.67,1,0.0,-9.93
ORD-50221,2024-12-15,2024-12-16,First Class,Home Office,South Carolina City,South Carolina,South,Office Supplies,Labels,1270.44,1,0.0,556.56
ORD-50222,2024-07-21,2024-07-24,Second Class,Corporate,Peoria,Illinois,Central,Office Supplies,Fasteners,886.25,4,0.1,325.87
ORD-50223,2020-09-21,2020-09-25,First Class,Consumer,Connecticut City,Connecticut,East,Technology,Phones,2611.89,9,0.0,825.95
ORD-50224,2023-02-28,2023-03-04,Standard Class,Consumer,Arkansas City,Arkansas,South,Furniture,Furnishings,2233.99,5,0.0,-524.13
ORD-50225,2020-11-02,2020-11-09,Standard Class,Home Office,Missouri City,Missouri,Central,Technology,Machines,10781.66,7,0.0,-385.11
ORD-50226,2021-04-27,2021-05-01,Second Class,Consumer,Detroit,Michigan,Central,Furniture,Furnishings,1721.29,4,0.0,564.21
ORD-50227,2020-05-22,2020-05-29,Standard Class,Consumer,Oregon City,Oregon,West,Office Supplies,Paper,8601.48,5,0.1,3472.66
ORD-50228,2023-05-15,2023-05-17,Second Class,Consumer,Tampa,Florida,South,Furniture,Bookcases,15312.17,7,0.0,-117.6
ORD-50229,2021-12-02,2021-12-05,Standard Class,Consumer,Massachusetts City,Massachusetts,East,Office Supplies,Art,8035.4,4,0.0,129.23
ORD-50230,2020-03-23,2020-03-29,First Class,Consumer,Vermont City,Vermont,East,Office Supplies,Fasteners,13597.89,9,0.2,5933.43
ORD-50231,2024-03-11,2024-03-14,First Class,Home Office,Rhode Island City,Rhode Island,East,Technology,Machines,1768.57,6,0.0,-439.92
ORD-50232,2024-08-04,2024-08-07,Standard Class,Consumer,Kansas City,Kansas,Central,Furniture,Furnishings,5197.35,9,0.0,1960.29
ORD-50233,2024-07-13,2024-07-20,Second Class,Consumer,Atlanta,Georgia,South,Furniture,Tables,1335.32,1,0.0,29.23
ORD-50234,2023-07-23,2023-07-28,Second Class,Consumer,Seattle,Washington,West,Technology,Phones,1893.83,9,0.3,382.36
ORD-50235,2020-11-27,2020-12-03,Standard Class,Consumer,Chicago,Illinois,Central,Furniture,Bookcases,17442.82,9,0.0,-3076.59
ORD-50236,2021-05-19,2021-05-24,Second Class,Consumer,Delaware City,Delaware,East,Furniture,Bookcases,6783.68,4,0.0,446.03
ORD-50237,2024-05-26,2024-06-02,Standard Class,Home Office,Pittsburgh,Pennsylvania,East,Technology,Copiers,4460.66,2,0.0,242.53
ORD-50238,2021-03-16,2021-03-21,Standard Class,Consumer,Delaware City,Delaware,East,Technology,Machines,4685.88,3,0.0,261.08
ORD-50239,2023-03-05,2023-03-08,First Class,Consumer,Minnesota City,Minnesota,Central,Furniture,Tables,4048.78,7,0.2,522.44
ORD-50240,2024-12-05,2024-12-10,Standard Class,Home Office,Vermont City,Vermont,East,Technology,Accessories,10241.22,5,0.0,825.02
ORD-50241,2024-08-09,2024-08-12,Standard Class,Corporate,Wisconsin City,Wisconsin,Central,Furniture,Furnishings,697.71,1,0.0,172.61
ORD-50242,2021-03-20,2021-03-21,First Class,Consumer,Kentucky City,Kentucky,South,Furniture,Chairs,11941.63,5,0.0,2117.26
ORD-50243,2024-08-08,2024-08-10,Second Class,Home Office,Colorado City,Colorado,West,Furniture,Bookcases,8015.53,4,0.0,-1677.1
ORD-50244,2024-11-13,2024-11-20,Second Class,Consumer,Kentucky City,Kentucky,South,Furniture,Chairs,9364.48,9,0.0,3427.67
ORD-50245,2021-12-13,2021-12-14,Standard Class,Consumer,Nebraska City,Nebraska,Central,Office Supplies,Binders,2652.26,6,0.0,999.48
ORD-50246,2020-09-24,2020-09-27,Standard Class,Home Office,Virginia City,Virginia,East,Office Supplies,Supplies,1123.58,5,0.0,133.69
ORD-50247,2024-12-24,2024-12-29,Second Class,Corporate,Montana City,Montana,West,Technology,Machines,3250.14,3,0.0,347.44
ORD-50248,2024-12-28,2024-12-31,Standard Class,Consumer,Vermont City,Vermont,East,Office Supplies,Art,13090.29,9,0.0,-796.54
ORD-50249,2023-11-04,2023-11-05,Standard Class,Consumer,Mississippi City,Mississippi,South,Technology,Phones,6432.64,5,0.0,-1713.76
ORD-50250,2022-07-02,2022-07-06,Standard Class,Consumer,Austin,Texas,Central,Technology,Phones,973.9,1,0.0,326.6
ORD-50251,2023-12-28,2024-01-02,Standard Class,Corporate,Savannah,Georgia,South,Furniture,Bookcases,3665.95,3,0.5,-43.42
ORD-50252,2024-05-05,2024-05-07,Standard Class,Consumer,Utah City,Utah,West,Technology,Machines,1902.24,5,0.0,713.46
ORD-50253,2023-01-15,2023-01-21,Second Class,Consumer,Missouri City,Missouri,Central,Office Supplies,Art,2069.37,1,0.0,321.08
ORD-50254,2023-07-25,2023-07-29,Same Day,Home Office,New Jersey City,New Jersey,East,Furniture,Chairs,2405.06,2,0.0,-276.15
ORD-50255,2023-02-06,2023-02-09,Standard Class,Home Office,Oregon City,Oregon,West,Technology,Accessories,3190.01,5,0.5,377.32
ORD-50256,2022-06-27,2022-07-04,First Class,Home Office,Sacramento,California,West,Technology,Machines,450.64,1,0.15,-33.63
ORD-50257,2021-06-03,2021-06-07,First Class,Consumer,Rhode Island City,Rhode Island,East,Office Supplies,Storage,10689.29,6,0.0,4521.8
ORD-50258,2020-09-02,2020-09-07,Second Class,Consumer,Springfield,Illinois,Central,Office Supplies,Envelopes,5520.27,5,0.2,-514.35
ORD-50259,2021-10-27,2021-10-31,Standard Class,Home Office,Vermont City,Vermont,East,Office Supplies,Paper,15126.41,7,0.0,-1295.76
ORD-50260,2021-12-04,2021-12-05,Standard Class,Corporate,Iowa City,Iowa,Central,Technology,Copiers,4546.01,5,0.5,25.86
ORD-50261,2021-05-25,2021-05-26,Standard Class,Consumer,Arizona City,Arizona,West,Technology,Phones,17.15,1,0.25,6.34
ORD-50262,2022-07-31,2022-08-06,Standard Class,Consumer,Utah City,Utah,West,Technology,Copiers,3678.13,2,0.0,793.71
ORD-50263,2020-05-05,2020-05-10,Standard Class,Consumer,Oregon City,Oregon,West,Office Supplies,Binders,13695.38,8,0.15,1320.69
ORD-50264,2020-04-22,2020-04-29,Standard Class,Corporate,Virginia City,Virginia,East,Technology,Accessories,399.18,4,0.2,101.93
ORD-50265,2023-02-24,2023-02-25,First Class,Corporate,Iowa City,Iowa,Central,Furniture,Furnishings,12318.45,8,0.0,2985.53
ORD-50266,2023-10-10,2023-10-13,Second Class,Consumer,New Jersey City,New Jersey,East,Office Supplies,Fasteners,2897.89,2,0.0,-649.98
ORD-50267,2024-08-06,2024-08-12,Standard Class,Corporate,Philadelphia,Pennsylvania,East,Technology,Accessories,1569.29,8,0.0,-197.28
ORD-50268,2024-05-09,2024-05-12,Standard Class,Consumer,Oregon City,Oregon,West,Technology,Accessories,10250.76,7,0.0,1848.8
ORD-50269,2023-07-28,2023-08-03,Standard Class,Consumer,Missouri City,Missouri,Central,Technology,Phones,7214.73,4,0.0,-1776.04
ORD-50270,2020-02-22,2020-02-29,Standard Class,Consumer,Savannah,Georgia,South,Office Supplies,Art,8238.02,7,0.1,8.93
ORD-50271,2024-10-05,2024-10-06,Standard Class,Consumer,Spokane,Washington,West,Office Supplies,Fasteners,30.67,2,0.0,7.06
ORD-50272,2020-11-20,2020-11-24,Second Class,Consumer,Idaho City,Idaho,West,Office Supplies,Supplies,7208.38,9,0.0,-700.69
ORD-50273,2020-06-25,2020-07-01,Standard Class,Consumer,Spokane,Washington,West,Technology,Copiers,12053.67,5,0.0,-3233.77
ORD-50274,2022-06-24,2022-07-01,Standard Class,Corporate,San Antonio,Texas,Central,Technology,Phones,4467.3,5,0.5,1209.65
ORD-50275,2022-09-05,2022-09-08,Second Class,Consumer,Cincinnati,Ohio,Central,Furniture,Tables,673.71,5,0.0,-7.52
ORD-50276,2024-11-26,2024-12-02,Second Class,Consumer,Arkansas City,Arkansas,South,Technology,Copiers,131.85,7,0.15,1.63
ORD-50277,2023-04-04,2023-04-07,Second Class,Consumer,Cincinnati,Ohio,Central,Office Supplies,Supplies,5848.44,4,0.1,911.27
ORD-50278,2022-11-17,2022-11-23,Second Class,Corporate,Rhode Island City,Rhode Island,East,Technology,Machines,7975.2,8,0.0,1071.72
ORD-50279,2024-07-31,2024-08-05,Standard Class,Consumer,Detroit,Michigan,Central,Furniture,Chairs,7319.09,5,0.3,2405.78
ORD-50280,2020-04-20,2020-04-26,Standard Class,Consumer,Cleveland,Ohio,Central,Office Supplies,Storage,10756.1,8,0.1,3853.21
ORD-50281,2023-03-25,2023-04-01,Standard Class,Consumer,Vermont City,Vermont,East,Office Supplies,Paper,2050.94,6,0.0,569.38
ORD-50282,2024-10-25,2024-10-30,Standard Class,Consumer,Rhode Island City,Rhode Island,East,Office Supplies,Envelopes,12960.37,7,0.0,-274.7
ORD-50283,2020-11-02,2020-11-03,Standard Class,Home Office,South Carolina City,South Carolina,South,Furniture,Bookcases,11630.98,7,0.2,505.91
ORD-50284,2021-09-01,2021-09-03,Standard Class,Consumer,New Jersey City,New Jersey,East,Technology,Phones,11796.12,7,0.1,1612.02
ORD-50285,2022-09-06,2022-09-08,Second Class,Corporate,Arkansas City,Arkansas,South,Technology,Phones,8458.89,6,0.0,-1107.81
ORD-50286,2023-11-18,2023-11-21,Standard Class,Corporate,Louisiana City,Louisiana,South,Office Supplies,Paper,1901.01,5,0.0,722.03
ORD-50287,2024-01-01,2024-01-05,Standard Class,Consumer,Los Angeles,California,West,Technology,Machines,298.19,2,0.1,118.67
ORD-50288,2024-08-23,2024-08-25,Standard Class,Consumer,Tennessee City,Tennessee,South,Furniture,Bookcases,4765.76,5,0.5,789.6
ORD-50289,2020-10-28,2020-11-02,Standard Class,Corporate,Massachusetts City,Massachusetts,East,Office Supplies,Binders,8452.64,6,0.0,-1209.66
ORD-50290,2022-05-12,2022-05-16,Second Class,Corporate,Los Angeles,California,West,Technology,Phones,685.44,4,0.4,305.78
ORD-50291,2020-12-22,2020-12-23,First Class,Consumer,Mississippi City,Mississippi,South,Office Supplies,Paper,2715.58,6,0.0,1183.68
ORD-50292,2023-07-20,2023-07-23,Standard Class,Consumer,North Carolina City,North Carolina,South,Furniture,Bookcases,4051.01,2,0.15,-724.1
ORD-50293,2022-11-28,2022-11-29,Standard Class,Corporate,Tennessee City,Tennessee,South,Technology,Accessories,6386.57,6,0.25,972.66
ORD-50294,2023-07-02,2023-07-05,Standard Class,Home Office,Nebraska City,Nebraska,Central,Furniture,Furnishings,12138.46,8,0.25,2993.9
ORD-50295,2024-01-14,2024-01-18,Second Class,Consumer,Utah City,Utah,West,Furniture,Bookcases,2785.31,9,0.0,1232.68
ORD-50296,2020-11-22,2020-11-23,Second Class,Consumer,Virginia City,Virginia,East,Furniture,Furnishings,721.33,3,0.0,24.0
ORD-50297,2021-11-23,2021-11-26,Standard Class,Consumer,Buffalo,New York,East,Furniture,Furnishings,2120.47,1,0.0,824.18
ORD-50298,2020-04-14,2020-04-19,Standard Class,Consumer,Louisiana City,Louisiana,South,Office Supplies,Storage,810.77,2,0.1,-106.48
ORD-50299,2020-04-08,2020-04-12,Second Class,Corporate,South Carolina City,South Carolina,South,Technology,Machines,3513.31,7,0.3,1439.9
ORD-50300,2022-05-23,2022-05-27,Standard Class,Corporate,South Carolina City,South Carolina,South,Furniture,Tables,4189.04,8,0.0,-215.01
ORD-50301,2021-02-24,2021-02-25,Standard Class,Consumer,Montana City,Montana,West,Technology,Machines,16240.27,8,0.0,3979.87
ORD-50302,2021-03-08,2021-03-15,Standard Class,Consumer,Iowa City,Iowa,Central,Office Supplies,Art,3678.61,5,0.0,404.74
ORD-50303,2023-09-11,2023-09-16,Second Class,Consumer,Kansas City,Kansas,Central,Furniture,Chairs,3593.75,7,0.0,-258.9
ORD-50304,2022-04-23,2022-04-29,Second Class,Consumer,Oregon City,Oregon,West,Office Supplies,Fasteners,10847.11,9,0.25,184.1
ORD-50305,2020-07-24,2020-07-25,Standard Class,Corporate,Connecticut City,Connecticut,East,Furniture,Furnishings,13537.93,6,0.0,-1822.66
ORD-50306,2020-09-28,2020-10-01,Standard Class,Consumer,Connecticut City,Connecticut,East,Office Supplies,Envelopes,3021.23,2,0.2,416.41
ORD-50307,2024-05-02,2024-05-06,Second Class,Consumer,New Mexico City,New Mexico,West,Office Supplies,Paper,1689.52,5,0.0,144.27
ORD-50308,2020-04-13,2020-04-20,Second Class,Home Office,Detroit,Michigan,Central,Furniture,Bookcases,1162.36,1,0.0,-239.63
ORD-50309,2021-04-21,2021-04-22,Standard Class,Corporate,Kansas City,Kansas,Central,Furniture,Tables,3395.97,4,0.0,-716.02
ORD-50310,2024-12-11,2024-12-15,Second Class,Consumer,Wisconsin City,Wisconsin,Central,Furniture,Chairs,3680.19,2,0.0,1054.85
ORD-50311,2021-11-04,2021-11-09,Standard Class,Corporate,Idaho City,Idaho,West,Office Supplies,Binders,3790.98,3,0.1,381.82
ORD-50312,2023-09-21,2023-09-27,Standard Class,Consumer,North Carolina City,North Carolina,South,Furniture,Chairs,4327.85,3,0.4,-562.42
ORD-50313,2021-03-03,2021-03-10,Standard Class,Corporate,New Mexico City,New Mexico,West,Furniture,Furnishings,14715.22,9,0.2,-1650.3
ORD-50314,2021-08-17,2021-08-20,Standard Class,Home Office,Louisiana City,Louisiana,South,Technology,Accessories,1689.94,1,0.0,-142.42
ORD-50315,2023-01-25,2023-01-30,Second Class,Corporate,Nevada City,Nevada,West,Technology,Machines,6121.5,6,0.0,-202.68
ORD-50316,2024-01-13,2024-01-19,Standard Class,Consumer,Rhode Island City,Rhode Island,East,Technology,Accessories,8503.04,4,0.1,1481.33
ORD-50317,2022-01-29,2022-02-02,Standard Class,Corporate,Maryland City,Maryland,East,Technology,Machines,3157.44,9,0.5,-787.38
ORD-50318,2023-09-10,2023-09-14,Standard Class,Home Office,Nebraska City,Nebraska,Central,Furniture,Tables,7394.58,4,0.0,-296.57
ORD-50319,2023-09-30,2023-10-03,Standard Class,Consumer,Louisiana City,Louisiana,South,Technology,Copiers,2188.03,6,0.5,334.17
ORD-50320,2023-02-05,2023-02-08,Second Class,Consumer,Utah City,Utah,West,Technology,Phones,8132.67,5,0.0,3446.31
ORD-50321,2023-09-11,2023-09-12,Standard Class,Corporate,New Mexico City,New Mexico,West,Furniture,Chairs,952.6,2,0.25,390.61
ORD-50322,2021-10-23,2021-10-26,First Class,Home Office,Rhode Island City,Rhode Island,East,Office Supplies,Envelopes,3111.25,6,0.0,-61.71
ORD-50323,2023-03-06,2023-03-10,First Class,Home Office,Houston,Texas,Central,Furniture,Furnishings,4052.89,9,0.2,-642.77
ORD-50324,2024-12-23,2024-12-29,Standard Class,Consumer,Alabama City,Alabama,South,Office Supplies,Paper,7793.77,5,0.3,198.86
ORD-50325,2022-07-03,2022-07-07,Second Class,Corporate,Arizona City,Arizona,West,Furniture,Bookcases,2879.38,2,0.1,-666.45
ORD-50326,2022-12-06,2022-12-13,Standard Class,Corporate,Missouri City,Missouri,Central,Technology,Copiers,108.59,2,0.0,4.8
ORD-50327,2024-06-17,2024-06-24,First Class,Corporate,New Mexico City,New Mexico,West,Furniture,Bookcases,6046.95,3,0.0,-529.24
ORD-50328,2021-08-25,2021-08-31,Standard Class,Corporate,North Carolina City,North Carolina,South,Office Supplies,Labels,1351.21,1,0.3,186.92
ORD-50329,2024-09-13,2024-09-18,Second Class,Consumer,Wisconsin City,Wisconsin,Central,Furniture,Furnishings,9858.28,5,0.0,3502.57
ORD-50330,2023-06-29,2023-07-02,First Class,Consumer,Utah City,Utah,West,Office Supplies,Supplies,348.11,2,0.0,100.54
ORD-50331,2020-05-14,2020-05-19,Standard Class,Corporate,Rhode Island City,Rhode Island,East,Furniture,Furnishings,72.55,1,0.15,0.53
ORD-50332,2022-10-04,2022-10-09,Standard Class,Consumer,Rhode Island City,Rhode Island,East,Furniture,Tables,2024.41,5,0.15,486.72
ORD-50333,2023-02-26,2023-03-02,First Class,Corporate,Arizona City,Arizona,West,Technology,Copiers,7816.32,7,0.0,2008.0
ORD-50334,2021-06-27,2021-07-04,Same Day,Consumer,New Jersey City,New Jersey,East,Furniture,Chairs,826.96,1,0.0,335.61
ORD-50335,2020-04-18,2020-04-21,Standard Class,Consumer,Houston,Texas,Central,Furniture,Chairs,5900.29,5,0.1,1937.84
ORD-50336,2021-04-01,2021-04-06,Standard Class,Consumer,Oregon City,Oregon,West,Office Supplies,Paper,4146.27,4,0.0,-878.33
ORD-50337,2021-09-11,2021-09-13,Standard Class,Corporate,Wisconsin City,Wisconsin,Central,Furniture,Tables,1360.3,1,0.0,339.14
ORD-50338,2022-07-20,2022-07-22,Standard Class,Consumer,New Mexico City,New Mexico,West,Office Supplies,Fasteners,10676.86,7,0.0,-71.81
ORD-50339,2024-05-26,2024-05-29,Standard Class,Home Office,Utah City,Utah,West,Technology,Accessories,1048.2,1,0.0,233.04
ORD-50340,2024-03-02,2024-03-07,First Class,Consumer,New Mexico City,New Mexico,West,Furniture,Chairs,1584.08,1,0.0,633.39
ORD-50341,2023-09-10,2023-09-12,First Class,Consumer,Idaho City,Idaho,West,Office Supplies,Paper,313.64,1,0.4,88.56
ORD-50342,2023-05-15,2023-05-20,Second Class,Consumer,Albany,New York,East,Furniture,Bookcases,13205.81,9,0.15,2944.32
ORD-50343,2021-05-13,2021-05-17,Standard Class,Home Office,Miami,Florida,South,Furniture,Tables,4756.85,3,0.2,16.3
ORD-50344,2020-02-26,2020-02-28,First Class,Consumer,Oregon City,Oregon,West,Technology,Phones,3123.78,8,0.25,-24.82
ORD-50345,2022-12-08,2022-12-13,Standard Class,Corporate,Iowa City,Iowa,Central,Technology,Machines,7744.32,6,0.0,3468.58
ORD-50346,2024-09-13,2024-09-19,Standard Class,Consumer,New Mexico City,New Mexico,West,Furniture,Bookcases,743.01,4,0.0,179.85
ORD-50347,2023-02-21,2023-02-23,Second Class,Consumer,Pittsburgh,Pennsylvania,East,Furniture,Chairs,12400.39,9,0.0,242.47
ORD-50348,2023-08-30,2023-09-03,Standard Class,Corporate,Connecticut City,Connecticut,East,Furniture,Tables,10601.81,7,0.1,-421.72
ORD-50349,2022-06-17,2022-06-22,Second Class,Corporate,Vermont City,Vermont,East,Furniture,Furnishings,11122.41,5,0.0,2988.6
ORD-50350,2021-06-11,2021-06-14,Standard Class,Corporate,Mississippi City,Mississippi,South,Furniture,Chairs,3010.86,2,0.0,1146.77
ORD-50351,2022-05-07,2022-05-14,Second Class,Consumer,Orlando,Florida,South,Office Supplies,Binders,11961.96,6,0.0,2124.1
ORD-50352,2023-11-02,2023-11-08,Standard Class,Consumer,San Francisco,California,West,Furniture,Furnishings,8965.97,6,0.0,2533.72
ORD-50353,2023-09-25,2023-09-27,Second Class,Consumer,Arizona City,Arizona,West,Technology,Copiers,7442.74,8,0.0,-783.85
ORD-50354,2023-02-17,2023-02-23,Second Class,Corporate,Connecticut City,Connecticut,East,Technology,Copiers,6541.78,8,0.0,560.31
ORD-50355,2023-07-11,2023-07-14,First Class,Consumer,Colorado City,Colorado,West,Furniture,Tables,10628.95,6,0.0,4774.2
ORD-50356,2020-12-16,2020-12-23,Standard Class,Consumer,New Mexico City,New Mexico,West,Technology,Phones,2416.47,3,0.0,-71.72
ORD-50357,2023-08-20,2023-08-25,Standard Class,Consumer,Utah City,Utah,West,Technology,Accessories,405.9,8,0.0,110.29
ORD-50358,2023-10-10,2023-10-13,Second Class,Corporate,Louisiana City,Louisiana,South,Technology,Machines,6489.35,3,0.0,2874.84
ORD-50359,2022-07-27,2022-07-28,Standard Class,Corporate,Oregon City,Oregon,West,Technology,Accessories,11985.42,8,0.0,-256.31
ORD-50360,2024-08-11,2024-08-15,Standard Class,Consumer,South Carolina City,South Carolina,South,Technology,Copiers,5171.27,4,0.4,403.37
ORD-50361,2021-04-15,2021-04-18,Standard Class,Consumer,Augusta,Georgia,South,Technology,Accessories,11325.54,9,0.0,4877.75
ORD-50362,2022-04-18,2022-04-22,Standard Class,Corporate,Vermont City,Vermont,East,Office Supplies,Storage,3134.12,6,0.0,629.4
ORD-50363,2020-07-25,2020-07-29,Standard Class,Consumer,Peoria,Illinois,Central,Furniture,Bookcases,10313.8,6,0.0,684.54
ORD-50364,2024-01-01,2024-01-03,Second Class,Corporate,Philadelphia,Pennsylvania,East,Furniture,Tables,1354.58,6,0.1,-338.79
ORD-50365,2022-09-02,2022-09-07,Same Day,Corporate,Albany,New York,East,Office Supplies,Labels,6853.53,5,0.2,2490.83
ORD-50366,2023-05-31,2023-06-07,Second Class,Corporate,Lansing,Michigan,Central,Furniture,Tables,11764.11,5,0.0,-571.04
ORD-50367,2022-12-23,2022-12-25,First Class,Corporate,Nevada City,Nevada,West,Technology,Machines,452.96,2,0.0,-64.28
ORD-50368,2022-07-16,2022-07-20,Standard Class,Home Office,New Jersey City,New Jersey,East,Office Supplies,Labels,5659.96,5,0.15,2410.13
ORD-50369,2020-07-10,2020-07-15,Standard Class,Consumer,Kentucky City,Kentucky,South,Technology,Machines,2360.77,7,0.0,-81.98
ORD-50370,2023-09-23,2023-09-29,First Class,Home Office,Columbus,Ohio,Central,Office Supplies,Labels,2799.93,7,0.0,901.54
ORD-50371,2020-08-25,2020-08-28,Standard Class,Consumer,Nevada City,Nevada,West,Office Supplies,Binders,3135.96,7,0.0,140.14
ORD-50372,2020-07-02,2020-07-04,Standard Class,Consumer,New Mexico City,New Mexico,West,Furniture,Bookcases,3269.95,2,0.1,924.7
ORD-50373,2021-11-09,2021-11-14,Same Day,Corporate,New Mexico City,New Mexico,West,Technology,Copiers,8901.82,4,0.0,819.59
ORD-50374,2023-05-19,2023-05-23,Standard Class,Consumer,Kansas City,Kansas,Central,Technology,Machines,4303.18,2,0.0,963.47
ORD-50375,2022-04-28,2022-04-29,Standard Class,Consumer,Montana City,Montana,West,Office Supplies,Supplies,12832.22,9,0.0,4519.57
ORD-50376,2024-08-22,2024-08-25,Standard Class,Consumer,New Jersey City,New Jersey,East,Technology,Machines,7168.15,5,0.0,-974.64
ORD-50377,2022-10-17,2022-10-23,Same Day,Consumer,Minnesota City,Minnesota,Central,Office Supplies,Supplies,10328.99,9,0.2,-1140.33
ORD-50378,2024-12-27,2025-01-01,First Class,Corporate,Virginia City,Virginia,East,Technology,Machines,4051.63,9,0.0,-447.77
ORD-50379,2021-06-08,2021-06-13,First Class,Consumer,Nebraska City,Nebraska,Central,Technology,Copiers,7938.39,4,0.0,-999.91
ORD-50380,2022-12-17,2022-12-19,Same Day,Consumer,Miami,Florida,South,Technology,Phones,18899.95,8,0.0,-2294.27
ORD-50381,2024-09-20,2024-09-27,Standard Class,Corporate,Colorado City,Colorado,West,Furniture,Chairs,975.16,1,0.1,391.41
ORD-50382,2024-07-05,2024-07-12,Second Class,Corporate,Philadelphia,Pennsylvania,East,Technology,Phones,5206.07,9,0.0,1458.56
ORD-50383,2021-10-10,2021-10-16,Same Day,Home Office,Wisconsin City,Wisconsin,Central,Office Supplies,Paper,3986.16,2,0.0,-191.31
ORD-50384,2020-03-12,2020-03-15,Standard Class,Corporate,Miami,Florida,South,Office Supplies,Paper,7669.46,8,0.0,-1981.45
ORD-50385,2021-02-27,2021-03-06,First Class,Home Office,Los Angeles,California,West,Office Supplies,Envelopes,5545.36,6,0.0,1775.31
ORD-50386,2020-05-18,2020-05-19,Standard Class,Consumer,Delaware City,Delaware,East,Furniture,Chairs,3576.16,8,0.4,-360.75
ORD-50387,2024-04-22,2024-04-29,Second Class,Consumer,Minnesota City,Minnesota,Central,Technology,Machines,7639.38,6,0.0,-678.29
ORD-50388,2023-06-05,2023-06-12,Standard Class,Corporate,New Jersey City,New Jersey,East,Office Supplies,Supplies,5967.85,3,0.0,-388.67
ORD-50389,2021-03-22,2021-03-26,Standard Class,Home Office,Orlando,Florida,South,Office Supplies,Supplies,3762.74,4,0.0,-663.51
ORD-50390,2022-01-18,2022-01-19,First Class,Consumer,Idaho City,Idaho,West,Technology,Machines,3885.14,8,0.0,763.18
ORD-50391,2022-10-25,2022-10-28,Second Class,Home Office,New Jersey City,New Jersey,East,Office Supplies,Storage,459.54,3,0.0,90.82
ORD-50392,2024-02-03,2024-02-07,Standard Class,Home Office,Harrisburg,Pennsylvania,East,Technology,Accessories,1732.27,1,0.0,428.36
ORD-50393,2021-09-19,2021-09-25,Standard Class,Home Office,New Mexico City,New Mexico,West,Furniture,Chairs,4889.03,4,0.0,340.35
ORD-50394,2022-09-10,2022-09-11,Standard Class,Corporate,New Jersey City,New Jersey,East,Technology,Accessories,5654.26,7,0.1,2254.16
ORD-50395,2024-04-24,2024-04-26,Standard Class,Corporate,North Carolina City,North Carolina,South,Office Supplies,Supplies,15088.05,8,0.2,4537.51
ORD-50396,2020-02-25,2020-02-28,Same Day,Consumer,Nebraska City,Nebraska,Central,Furniture,Chairs,3455.67,9,0.3,993.94
ORD-50397,2022-04-23,2022-04-30,Standard Class,Corporate,North Carolina City,North Carolina,South,Office Supplies,Storage,8558.5,6,0.0,2526.28
ORD-50398,2023-06-24,2023-07-01,Standard Class,Consumer,New Mexico City,New Mexico,West,Furniture,Furnishings,12142.54,7,0.0,5367.9
ORD-50399,2021-02-08,2021-02-15,First Class,Consumer,Houston,Texas,Central,Technology,Accessories,9609.73,8,0.0,-2509.68
ORD-50400,2021-05-10,2021-05-16,First Class,Home Office,Vermont City,Vermont,East,Furniture,Chairs,9092.7,8,0.2,2888.91
ORD-50401,2020-01-06,2020-01-11,First Class,Home Office,San Diego,California,West,Furniture,Furnishings,15429.67,9,0.0,6215.56
ORD-50402,2022-01-23,2022-01-25,Standard Class,Corporate,New Jersey City,New Jersey,East,Office Supplies,Labels,16249.33,7,0.0,-3456.74
ORD-50403,2024-06-23,2024-06-26,Standard Class,Consumer,Oregon City,Oregon,West,Furniture,Bookcases,16692.84,8,0.0,477.96
ORD-50404,2022-04-05,2022-04-11,Standard Class,Corporate,Seattle,Washington,West,Technology,Machines,2216.55,4,0.0,-616.5
ORD-50405,2020-08-24,2020-08-26,Standard Class,Consumer,Tennessee City,Tennessee,South,Furniture,Tables,2359.92,8,0.5,-243.64
ORD-50406,2023-08-29,2023-09-01,Standard Class,Corporate,Tacoma,Washington,West,Technology,Copiers,1435.22,2,0.1,30.63
ORD-50407,2020-12-15,2020-12-21,Same Day,Corporate,Augusta,Georgia,South,Office Supplies,Envelopes,2054.63,4,0.15,154.83
ORD-50408,2023-05-10,2023-05-14,Standard Class,Consumer,Harrisburg,Pennsylvania,East,Office Supplies,Supplies,5310.29,3,0.2,1245.98
ORD-50409,2022-09-05,2022-09-10,First Class,Consumer,Tennessee City,Tennessee,South,Technology,Machines,3696.77,3,0.4,0.59
ORD-50410,2024-03-18,2024-03-19,Second Class,Home Office,Louisiana City,Louisiana,South,Technology,Phones,1653.87,1,0.0,-118.47
ORD-50411,2022-12-28,2023-01-04,Standard Class,Home Office,Wisconsin City,Wisconsin,Central,Office Supplies,Storage,20642.41,9,0.0,-3546.32
ORD-50412,2024-02-26,2024-02-28,Standard Class,Corporate,Arkansas City,Arkansas,South,Office Supplies,Labels,16324.21,9,0.1,2478.62
ORD-50413,2021-02-08,2021-02-14,Same Day,Consumer,Vermont City,Vermont,East,Technology,Copiers,492.26,2,0.3,7.25
ORD-50414,2021-10-17,2021-10-23,Second Class,Consumer,Albany,New York,East,Office Supplies,Storage,1589.12,4,0.5,171.86
ORD-50415,2021-07-28,2021-08-01,Standard Class,Consumer,Idaho City,Idaho,West,Technology,Copiers,2083.42,1,0.0,-128.83
ORD-50416,2022-03-06,2022-03-12,Standard Class,Consumer,South Carolina City,South Carolina,South,Furniture,Tables,15250.63,7,0.0,4031.52
ORD-50417,2020-08-15,2020-08-22,Standard Class,Consumer,Columbus,Ohio,Central,Furniture,Chairs,1663.99,5,0.2,449.48
ORD-50418,2022-07-06,2022-07-08,Standard Class,Consumer,Tennessee City,Tennessee,South,Furniture,Tables,273.14,3,0.1,-42.32
ORD-50419,2023-10-22,2023-10-26,Standard Class,Home Office,Massachusetts City,Massachusetts,East,Furniture,Furnishings,1747.05,6,0.0,356.9
ORD-50420,2021-09-29,2021-10-02,Standard Class,Consumer,Columbus,Ohio,Central,Office Supplies,Binders,3366.22,2,0.0,112.42
ORD-50421,2021-01-18,2021-01-21,Standard Class,Corporate,Colorado City,Colorado,West,Technology,Accessories,3250.89,3,0.5,897.26
ORD-50422,2024-12-13,2024-12-19,Standard Class,Corporate,Arizona City,Arizona,West,Office Supplies,Binders,6928.72,8,0.2,811.65
ORD-50423,2021-08-29,2021-08-30,First Class,Corporate,Louisiana City,Louisiana,South,Office Supplies,Fasteners,2232.02,1,0.1,637.66
ORD-50424,2022-03-28,2022-03-31,Same Day,Consumer,Spokane,Washington,West,Technology,Accessories,946.82,3,0.1,137.93
ORD-50425,2024-12-24,2024-12-25,Standard Class,Consumer,Buffalo,New York,East,Office Supplies,Labels,9345.65,8,0.0,1830.4
ORD-50426,2023-06-14,2023-06-20,Standard Class,Corporate,Vermont City,Vermont,East,Technology,Phones,7910.72,9,0.5,-1284.79
ORD-50427,2021-05-19,2021-05-21,First Class,Corporate,Chicago,Illinois,Central,Office Supplies,Paper,2429.09,2,0.0,269.89
ORD-50428,2023-01-06,2023-01-08,Standard Class,Corporate,Alabama City,Alabama,South,Technology,Accessories,8910.42,4,0.0,670.14
ORD-50429,2023-02-25,2023-02-27,Standard Class,Consumer,Connecticut City,Connecticut,East,Office Supplies,Supplies,742.11,4,0.5,181.91
ORD-50430,2020-06-12,2020-06-16,Same Day,Corporate,Arizona City,Arizona,West,Furniture,Furnishings,3375.55,5,0.1,591.68
ORD-50431,2022-06-30,2022-07-01,Second Class,Corporate,Maryland City,Maryland,East,Technology,Accessories,9786.68,7,0.0,3034.61
ORD-50432,2024-12-01,2024-12-06,First Class,Consumer,Kansas City,Kansas,Central,Office Supplies,Fasteners,1617.58,1,0.0,-93.75
ORD-50433,2022-03-10,2022-03-15,Same Day,Consumer,North Carolina City,North Carolina,South,Office Supplies,Labels,12787.89,9,0.0,3953.93
ORD-50434,2021-12-31,2022-01-01,Standard Class,Home Office,Utah City,Utah,West,Office Supplies,Envelopes,8455.42,7,0.0,2725.12
ORD-50435,2021-06-11,2021-06-14,First Class,Consumer,Delaware City,Delaware,East,Technology,Phones,5837.89,5,0.0,11.84
ORD-50436,2020-05-10,2020-05-14,Standard Class,Consumer,Cleveland,Ohio,Central,Furniture,Furnishings,5229.19,4,0.1,1386.28
ORD-50437,2021-11-15,2021-11-18,Standard Class,Corporate,North Carolina City,North Carolina,South,Office Supplies,Storage,473.03,6,0.0,32.66
ORD-50438,2023-05-08,2023-05-10,Standard Class,Consumer,Minnesota City,Minnesota,Central,Technology,Copiers,5014.96,7,0.0,531.74
ORD-50439,2022-02-18,2022-02-25,Standard Class,Consumer,Kentucky City,Kentucky,South,Technology,Machines,3575.08,6,0.0,-343.78
ORD-50440,2024-05-19,2024-05-22,First Class,Corporate,New Jersey City,New Jersey,East,Office Supplies,Paper,6149.13,6,0.3,-1500.52
ORD-50441,2021-10-13,2021-10-16,Same Day,Corporate,Arizona City,Arizona,West,Furniture,Furnishings,6656.7,5,0.0,-1713.03
ORD-50442,2020-09-16,2020-09-19,First Class,Home Office,Minnesota City,Minnesota,Central,Office Supplies,Paper,10170.73,6,0.0,2975.05
ORD-50443,2024-01-30,2024-01-31,Standard Class,Consumer,Rhode Island City,Rhode Island,East,Office Supplies,Paper,417.38,1,0.0,-89.48
ORD-50444,2021-05-21,2021-05-28,Second Class,Consumer,Kentucky City,Kentucky,South,Furniture,Bookcases,6910.48,6,0.0,77.54
ORD-50445,2020-11-25,2020-11-27,Standard Class,Consumer,Utah City,Utah,West,Furniture,Tables,2640.53,2,0.0,-122.62
ORD-50446,2021-03-02,2021-03-08,Standard Class,Corporate,Missouri City,Missouri,Central,Office Supplies,Art,2081.44,2,0.25,276.28
ORD-50447,2024-07-16,2024-07-19,Standard Class,Corporate,Iowa City,Iowa,Central,Technology,Machines,4542.85,2,0.0,1631.23
ORD-50448,2022-07-30,2022-08-01,Standard Class,Corporate,Arizona City,Arizona,West,Furniture,Chairs,7582.14,6,0.0,1308.45
ORD-50449,2024-01-18,2024-01-23,Standard Class,Consumer,New Jersey City,New Jersey,East,Office Supplies,Binders,15327.95,7,0.0,-67.41
ORD-50450,2021-08-29,2021-09-04,First Class,Consumer,Kentucky City,Kentucky,South,Office Supplies,Storage,1685.54,1,0.0,487.87
ORD-50451,2024-11-17,2024-11-22,Standard Class,Consumer,Maryland City,Maryland,East,Furniture,Tables,686.93,2,0.0,-9.81
ORD-50452,2021-02-25,2021-03-02,First Class,Consumer,Harrisburg,Pennsylvania,East,Technology,Copiers,8363.6,4,0.0,-850.13
ORD-50453,2020-05-13,2020-05-15,Second Class,Home Office,Delaware City,Delaware,East,Office Supplies,Binders,10517.0,7,0.0,3678.0
ORD-50454,2021-03-04,2021-03-10,Standard Class,Corporate,Oregon City,Oregon,West,Technology,Phones,7584.16,5,0.0,-985.34
ORD-50455,2023-11-11,2023-11-14,Second Class,Consumer,New Mexico City,New Mexico,West,Technology,Copiers,1865.22,3,0.0,-3.09
ORD-50456,2024-09-10,2024-09-15,Standard Class,Consumer,Lansing,Michigan,Central,Technology,Accessories,3127.34,3,0.25,370.29
ORD-50457,2024-06-25,2024-06-27,Standard Class,Consumer,Missouri City,Missouri,Central,Furniture,Bookcases,6800.28,5,0.0,-355.02
ORD-50458,2023-09-30,2023-10-01,First Class,Home Office,Kentucky City,Kentucky,South,Furniture,Chairs,17059.89,9,0.0,-4361.71
ORD-50459,2023-03-10,2023-03-13,Standard Class,Consumer,Connecticut City,Connecticut,East,Technology,Phones,1851.69,9,0.0,-95.62
ORD-50460,2022-09-20,2022-09-23,Same Day,Consumer,Arkansas City,Arkansas,South,Furniture,Furnishings,11051.3,8,0.0,-56.8
ORD-50461,2021-01-01,2021-01-03,Second Class,Consumer,Missouri City,Missouri,Central,Furniture,Furnishings,2748.24,2,0.0,786.61
ORD-50462,2020-02-04,2020-02-11,Standard Class,Corporate,Springfield,Illinois,Central,Furniture,Bookcases,11157.03,6,0.15,752.02
ORD-50463,2024-03-05,2024-03-08,Standard Class,Consumer,Lansing,Michigan,Central,Technology,Accessories,1464.97,1,0.2,444.07
ORD-50464,2024-02-15,2024-02-21,Standard Class,Consumer,Houston,Texas,Central,Office Supplies,Storage,7837.41,6,0.0,1368.43
ORD-50465,2022-03-04,2022-03-09,Same Day,Corporate,Idaho City,Idaho,West,Technology,Copiers,3728.65,7,0.0,925.3
ORD-50466,2024-01-26,2024-01-27,Second Class,Corporate,Colorado City,Colorado,West,Office Supplies,Envelopes,1018.11,2,0.0,326.43
ORD-50467,2020-12-12,2020-12-18,Standard Class,Consumer,New Mexico City,New Mexico,West,Technology,Accessories,13432.83,9,0.2,3375.25
ORD-50468,2023-11-25,2023-11-29,Standard Class,Consumer,Tampa,Florida,South,Furniture,Tables,1462.28,2,0.0,557.15
ORD-50469,2022-04-13,2022-04-16,Standard Class,Consumer,Minnesota City,Minnesota,Central,Office Supplies,Envelopes,9496.39,8,0.0,2239.35
ORD-50470,2020-06-01,2020-06-06,Standard Class,Home Office,Kentucky City,Kentucky,South,Furniture,Bookcases,444.38,2,0.3,65.64
ORD-50471,2024-03-02,2024-03-03,Standard Class,Corporate,Colorado City,Colorado,West,Technology,Phones,928.5,2,0.0,272.07
ORD-50472,2024-07-15,2024-07-21,Second Class,Corporate,Philadelphia,Pennsylvania,East,Furniture,Chairs,1371.6,7,0.1,383.37
ORD-50473,2021-05-30,2021-06-06,First Class,Corporate,Cleveland,Ohio,Central,Furniture,Chairs,3129.49,4,0.0,-157.77
ORD-50474,2024-08-08,2024-08-15,Second Class,Corporate,Columbus,Ohio,Central,Technology,Phones,15730.03,9,0.25,-4138.32
ORD-50475,2021-04-29,2021-05-04,Standard Class,Consumer,Rhode Island City,Rhode Island,East,Office Supplies,Envelopes,2677.49,5,0.0,718.99
ORD-50476,2022-03-01,2022-03-08,Same Day,Consumer,Louisiana City,Louisiana,South,Office Supplies,Labels,11335.26,7,0.0,-221.49
ORD-50477,2022-02-26,2022-03-02,Standard Class,Consumer,Wisconsin City,Wisconsin,Central,Technology,Phones,3794.11,9,0.1,498.15
ORD-50478,2021-08-16,2021-08-19,Second Class,Consumer,Maryland City,Maryland,East,Office Supplies,Storage,5600.58,3,0.0,-1651.55
ORD-50479,2024-02-24,2024-03-02,Second Class,Corporate,Delaware City,Delaware,East,Furniture,Furnishings,667.36,3,0.4,-11.67
ORD-50480,2024-05-26,2024-05-28,Standard Class,Consumer,Los Angeles,California,West,Technology,Accessories,2024.93,1,0.0,696.62
ORD-50481,2022-07-02,2022-07-09,First Class,Consumer,New Mexico City,New Mexico,West,Office Supplies,Art,5813.34,7,0.0,1071.36
ORD-50482,2023-01-03,2023-01-09,Standard Class,Consumer,Virginia City,Virginia,East,Office Supplies,Binders,5048.29,5,0.1,-622.37
ORD-50483,2024-10-15,2024-10-18,First Class,Consumer,Idaho City,Idaho,West,Technology,Machines,17759.59,8,0.1,-1967.12
ORD-50484,2020-10-09,2020-10-10,Standard Class,Consumer,Oregon City,Oregon,West,Office Supplies,Envelopes,14875.06,7,0.0,4869.08
ORD-50485,2024-09-18,2024-09-25,Standard Class,Corporate,Dallas,Texas,Central,Technology,Machines,5361.56,3,0.1,-1184.63
ORD-50486,2024-03-01,2024-03-08,Standard Class,Consumer,Tampa,Florida,South,Office Supplies,Binders,1768.49,2,0.0,-171.69
ORD-50487,2024-09-20,2024-09-26,First Class,Home Office,Montana City,Montana,West,Office Supplies,Supplies,1130.94,2,0.0,-36.31
ORD-50488,2024-09-23,2024-09-28,Standard Class,Home Office,Peoria,Illinois,Central,Office Supplies,Fasteners,1031.27,6,0.0,39.65
ORD-50489,2024-01-08,2024-01-13,First Class,Consumer,Iowa City,Iowa,Central,Office Supplies,Envelopes,4478.43,2,0.0,63.72
ORD-50490,2024-02-14,2024-02-20,Second Class,Home Office,Nebraska City,Nebraska,Central,Technology,Accessories,12447.0,5,0.0,-3718.76
ORD-50491,2023-12-20,2023-12-21,Standard Class,Consumer,Montana City,Montana,West,Furniture,Furnishings,6260.63,6,0.25,1607.22
ORD-50492,2020-11-22,2020-11-23,Standard Class,Home Office,Utah City,Utah,West,Technology,Accessories,7073.29,4,0.0,-271.45
ORD-50493,2024-09-19,2024-09-25,Standard Class,Corporate,Sacramento,California,West,Office Supplies,Paper,1186.2,2,0.0,-321.2
ORD-50494,2020-08-16,2020-08-19,Second Class,Consumer,Iowa City,Iowa,Central,Office Supplies,Labels,1919.4,2,0.25,-561.55
ORD-50495,2024-06-29,2024-07-06,Second Class,Consumer,Pittsburgh,Pennsylvania,East,Technology,Copiers,474.59,1,0.25,-0.48
ORD-50496,2023-12-25,2023-12-29,Same Day,Home Office,Connecticut City,Connecticut,East,Office Supplies,Labels,1907.22,6,0.0,611.54
ORD-50497,2021-06-19,2021-06-26,Standard Class,Consumer,Delaware City,Delaware,East,Furniture,Tables,9710.69,9,0.0,126.69
ORD-50498,2024-03-02,2024-03-03,Standard Class,Corporate,Massachusetts City,Massachusetts,East,Technology,Machines,4204.79,2,0.0,-321.46
ORD-50499,2023-07-25,2023-07-28,Second Class,Corporate,Maryland City,Maryland,East,Furniture,Bookcases,451.86,2,0.3,-71.12
ORD-50500,2020-06-27,2020-06-28,Standard Class,Consumer,South Carolina City,South Carolina,South,Furniture,Tables,12907.31,6,0.0,1082.09
ORD-50501,2021-06-18,2021-06-25,Standard Class,Corporate,Cleveland,Ohio,Central,Technology,Phones,1442.4,2,0.0,-7.23
ORD-50502,2020-05-04,2020-05-05,Standard Class,Consumer,Maryland City,Maryland,East,Technology,Accessories,17947.39,9,0.0,-3287.42
ORD-50503,2020-02-14,2020-02-15,Standard Class,Consumer,Nebraska City,Nebraska,Central,Office Supplies,Storage,4871.02,7,0.0,2080.96
ORD-50504,2022-12-28,2023-01-02,Standard Class,Consumer,Columbus,Ohio,Central,Technology,Machines,14528.08,7,0.0,847.08
ORD-50505,2021-02-16,2021-02-18,Standard Class,Corporate,Nebraska City,Nebraska,Central,Technology,Copiers,7007.74,7,0.25,1184.83
ORD-50506,2023-04-18,2023-04-24,Standard Class,Corporate,Maryland City,Maryland,East,Furniture,Chairs,691.27,2,0.1,78.77
ORD-50507,2024-09-01,2024-09-04,Second Class,Consumer,Miami,Florida,South,Office Supplies,Storage,13575.15,9,0.0,3658.27
ORD-50508,2021-09-30,2021-10-04,Standard Class,Consumer,Orlando,Florida,South,Technology,Accessories,8436.73,9,0.1,-2370.62
ORD-50509,2020-04-10,2020-04-13,Standard Class,Consumer,New Mexico City,New Mexico,West,Furniture,Bookcases,4138.73,8,0.0,-316.68
ORD-50510,2022-06-07,2022-06-11,Standard Class,Consumer,Iowa City,Iowa,Central,Furniture,Chairs,779.58,1,0.0,99.64
ORD-50511,2021-11-25,2021-11-30,Standard Class,Consumer,Delaware City,Delaware,East,Office Supplies,Storage,2418.08,2,0.1,-178.7
ORD-50512,2022-01-04,2022-01-08,Same Day,Corporate,Chicago,Illinois,Central,Furniture,Tables,14790.0,8,0.0,-3832.33
ORD-50513,2021-06-21,2021-06-22,Second Class,Consumer,Missouri City,Missouri,Central,Technology,Copiers,665.45,1,0.0,44.44
ORD-50514,2021-08-10,2021-08-11,Standard Class,Consumer,Buffalo,New York,East,Technology,Phones,1362.68,1,0.25,-37.55
ORD-50515,2020-10-28,2020-11-01,First Class,Corporate,Tennessee City,Tennessee,South,Furniture,Tables,2114.92,1,0.0,2.98
ORD-50516,2020-05-27,2020-06-03,Second Class,Consumer,Mississippi City,Mississippi,South,Furniture,Bookcases,9597.38,7,0.0,-2685.82
ORD-50517,2021-02-01,2021-02-05,Standard Class,Home Office,North Carolina City,North Carolina,South,Furniture,Tables,2021.78,1,0.1,-224.16
ORD-50518,2024-05-20,2024-05-22,Same Day,Consumer,Vermont City,Vermont,East,Furniture,Furnishings,4320.74,7,0.0,-847.83
ORD-50519,2023-07-15,2023-07-17,First Class,Corporate,New Jersey City,New Jersey,East,Technology,Accessories,3163.36,3,0.0,589.49
ORD-50520,2020-05-02,2020-05-08,Second Class,Consumer,New Jersey City,New Jersey,East,Office Supplies,Binders,6952.29,7,0.0,959.0
ORD-50521,2021-03-18,2021-03-23,Standard Class,Corporate,South Carolina City,South Carolina,South,Technology,Phones,4879.85,5,0.1,495.36
ORD-50522,2021-02-08,2021-02-13,First Class,Consumer,Oregon City,Oregon,West,Furniture,Tables,12003.86,8,0.15,-843.86
ORD-50523,2021-06-29,2021-06-30,First Class,Consumer,New Mexico City,New Mexico,West,Office Supplies,Art,800.79,3,0.0,79.56
ORD-50524,2023-01-13,2023-01-19,First Class,Corporate,Louisiana City,Louisiana,South,Office Supplies,Envelopes,3072.25,3,0.3,834.6
ORD-50525,2024-01-04,2024-01-11,Standard Class,Consumer,Massachusetts City,Massachusetts,East,Furniture,Bookcases,4628.73,5,0.1,1434.26
ORD-50526,2024-03-29,2024-04-04,Second Class,Consumer,Kentucky City,Kentucky,South,Furniture,Tables,4031.43,2,0.0,1491.84
ORD-50527,2023-08-10,2023-08-16,First Class,Corporate,Colorado City,Colorado,West,Furniture,Chairs,5601.77,7,0.0,-1471.89
ORD-50528,2023-06-25,2023-07-01,Second Class,Corporate,Spokane,Washington,West,Technology,Accessories,4823.8,8,0.0,1385.64
ORD-50529,2022-10-13,2022-10-17,Standard Class,Consumer,Arkansas City,Arkansas,South,Office Supplies,Storage,22079.13,9,0.0,-6019.97
ORD-50530,2021-07-29,2021-08-05,Standard Class,Consumer,Kentucky City,Kentucky,South,Office Supplies,Fasteners,4224.65,2,0.0,-21.35
ORD-50531,2021-02-05,2021-02-11,Standard Class,Consumer,North Carolina City,North Carolina,South,Technology,Accessories,7743.95,5,0.0,2129.18
ORD-50532,2021-06-08,2021-06-09,Standard Class,Consumer,Spokane,Washington,West,Office Supplies,Art,7912.32,5,0.0,-1178.16
ORD-50533,2022-10-13,2022-10-15,First Class,Home Office,Utah City,Utah,West,Furniture,Furnishings,9190.51,6,0.0,-391.0
ORD-50534,2024-05-30,2024-06-01,Standard Class,Consumer,Delaware City,Delaware,East,Technology,Accessories,12048.79,5,0.0,-2894.28
ORD-50535,2020-01-16,2020-01-23,Standard Class,Corporate,Wisconsin City,Wisconsin,Central,Office Supplies,Binders,9596.86,5,0.0,-1497.43
ORD-50536,2023-10-17,2023-10-24,Second Class,Consumer,Arkansas City,Arkansas,South,Furniture,Tables,3044.69,3,0.0,-493.14
ORD-50537,2020-01-26,2020-01-31,Standard Class,Consumer,Minnesota City,Minnesota,Central,Furniture,Furnishings,412.77,1,0.5,-59.1
ORD-50538,2020-10-26,2020-10-30,Standard Class,Consumer,Arizona City,Arizona,West,Technology,Phones,765.0,1,0.0,79.39
ORD-50539,2020-07-15,2020-07-17,First Class,Home Office,New Jersey City,New Jersey,East,Office Supplies,Art,11293.72,6,0.0,-574.52
ORD-50540,2024-09-02,2024-09-03,Standard Class,Home Office,Arkansas City,Arkansas,South,Furniture,Furnishings,2358.34,3,0.0,-347.58
ORD-50541,2022-03-14,2022-03-15,Standard Class,Consumer,New Jersey City,New Jersey,East,Technology,Accessories,3044.76,5,0.0,1072.21
ORD-50542,2020-08-13,2020-08-14,Second Class,Corporate,Virginia City,Virginia,East,Office Supplies,Fasteners,2092.24,2,0.15,-269.38
ORD-50543,2023-04-05,2023-04-07,Standard Class,Consumer,Tennessee City,Tennessee,South,Furniture,Tables,19084.43,8,0.0,6932.56
ORD-50544,2023-03-19,2023-03-23,Second Class,Corporate,New Mexico City,New Mexico,West,Furniture,Tables,7249.68,7,0.0,2903.38
ORD-50545,2023-10-22,2023-10-25,Standard Class,Consumer,Louisiana City,Louisiana,South,Office Supplies,Fasteners,1929.81,1,0.1,263.52
ORD-50546,2021-12-07,2021-12-13,Second Class,Consumer,Arizona City,Arizona,West,Office Supplies,Art,4322.3,2,0.0,-1073.81
ORD-50547,2023-06-23,2023-06-28,Standard Class,Consumer,Nevada City,Nevada,West,Technology,Machines,10297.08,5,0.0,793.52
ORD-50548,2021-02-23,2021-02-27,Second Class,Consumer,Grand Rapids,Michigan,Central,Furniture,Tables,17034.87,7,0.0,-4148.4
ORD-50549,2020-02-11,2020-02-12,Standard Class,Home Office,Spokane,Washington,West,Furniture,Bookcases,13376.9,6,0.0,3066.14
ORD-50550,2023-01-06,2023-01-11,Second Class,Home Office,Iowa City,Iowa,Central,Furniture,Furnishings,180.07,1,0.15,-35.87
ORD-50551,2024-05-17,2024-05-20,Second Class,Consumer,Arizona City,Arizona,West,Furniture,Furnishings,230.3,8,0.3,5.67
ORD-50552,2022-06-15,2022-06-22,Standard Class,Home Office,Cleveland,Ohio,Central,Office Supplies,Fasteners,7408.55,8,0.4,-1941.93
ORD-50553,2024-12-17,2024-12-19,Standard Class,Consumer,Massachusetts City,Massachusetts,East,Furniture,Furnishings,7143.23,3,0.0,3207.99
ORD-50554,2023-09-08,2023-09-09,Standard Class,Consumer,New Mexico City,New Mexico,West,Furniture,Bookcases,8984.45,7,0.0,-1917.98
ORD-50555,2023-10-26,2023-10-31,Standard Class,Home Office,Connecticut City,Connecticut,East,Technology,Machines,2275.34,1,0.0,917.48
ORD-50556,2020-11-10,2020-11-14,Second Class,Corporate,Louisiana City,Louisiana,South,Office Supplies,Fasteners,149.48,2,0.0,32.84
ORD-50557,2022-02-01,2022-02-08,Standard Class,Consumer,Missouri City,Missouri,Central,Technology,Accessories,2046.06,4,0.5,695.64
ORD-50558,2024-08-14,2024-08-20,Standard Class,Consumer,Tennessee City,Tennessee,South,Furniture,Chairs,720.12,3,0.0,-15.68
ORD-50559,2023-08-04,2023-08-08,Standard Class,Home Office,North Carolina City,North Carolina,South,Technology,Phones,286.46,3,0.0,-12.45
ORD-50560,2021-10-02,2021-10-04,Standard Class,Consumer,Tennessee City,Tennessee,South,Furniture,Chairs,263.07,7,0.0,8.98
ORD-50561,2021-03-03,2021-03-09,First Class,Corporate,Harrisburg,Pennsylvania,East,Technology,Phones,6620.33,4,0.0,287.49
ORD-50562,2023-07-02,2023-07-05,Same Day,Consumer,Montana City,Montana,West,Technology,Phones,2017.17,4,0.2,-116.51
ORD-50563,2022-03-26,2022-03-30,Standard Class,Consumer,Augusta,Georgia,South,Office Supplies,Labels,2235.47,8,0.0,582.28
ORD-50564,2023-10-13,2023-10-17,Same Day,Consumer,New Mexico City,New Mexico,West,Furniture,Furnishings,1036.62,1,0.0,218.69
ORD-50565,2024-08-24,2024-08-30,Standard Class,Consumer,Oregon City,Oregon,West,Technology,Copiers,7399.26,3,0.0,2450.76
ORD-50566,2021-05-29,2021-06-04,Second Class,Consumer,Massachusetts City,Massachusetts,East,Office Supplies,Envelopes,310.77,1,0.0,33.75
ORD-50567,2024-07-27,2024-07-30,Standard Class,Consumer,Mississippi City,Mississippi,South,Technology,Machines,5293.55,3,0.0,1851.0
ORD-50568,2023-04-06,2023-04-12,Standard Class,Consumer,North Carolina City,North Carolina,South,Technology,Machines,5205.55,9,0.15,1789.37
ORD-50569,2020-12-20,2020-12-21,Second Class,Consumer,Massachusetts City,Massachusetts,East,Furniture,Furnishings,157.69,4,0.0,-26.49
ORD-50570,2022-04-14,2022-04-17,First Class,Consumer,New Mexico City,New Mexico,West,Office Supplies,Fasteners,11070.03,5,0.1,4876.64
ORD-50571,2023-02-17,2023-02-19,Standard Class,Corporate,Kansas City,Kansas,Central,Furniture,Chairs,5649.66,3,0.0,-280.6
ORD-50572,2023-02-13,2023-02-15,Standard Class,Corporate,Colorado City,Colorado,West,Furniture,Furnishings,576.08,7,0.0,228.84
ORD-50573,2021-01-30,2021-02-06,Standard Class,Consumer,Arizona City,Arizona,West,Furniture,Tables,6187.66,6,0.1,-1363.39
ORD-50574,2024-06-12,2024-06-19,Second Class,Corporate,Massachusetts City,Massachusetts,East,Office Supplies,Supplies,8875.26,5,0.15,-894.91
ORD-50575,2021-01-07,2021-01-12,Standard Class,Corporate,Connecticut City,Connecticut,East,Technology,Accessories,1484.5,2,0.0,-330.43
ORD-50576,2021-11-11,2021-11-14,First Class,Corporate,Virginia City,Virginia,East,Office Supplies,Art,6146.81,7,0.2,1042.14
ORD-50577,2024-03-22,2024-03-24,First Class,Consumer,New Mexico City,New Mexico,West,Furniture,Bookcases,1040.5,5,0.4,164.17
ORD-50578,2020-12-14,2020-12-20,Second Class,Corporate,New Mexico City,New Mexico,West,Technology,Copiers,3449.16,4,0.0,1006.54
ORD-50579,2023-12-05,2023-12-06,First Class,Corporate,Cincinnati,Ohio,Central,Furniture,Tables,4872.96,2,0.0,1541.7
ORD-50580,2021-09-06,2021-09-07,First Class,Corporate,Albany,New York,East,Technology,Copiers,3318.72,3,0.0,-754.13
ORD-50581,2023-04-26,2023-05-02,First Class,Consumer,Vermont City,Vermont,East,Furniture,Chairs,6432.4,4,0.0,-1611.05
ORD-50582,2024-09-20,2024-09-25,Second Class,Consumer,Albany,New York,East,Office Supplies,Envelopes,14340.61,8,0.0,2871.02
ORD-50583,2021-06-08,2021-06-15,Standard Class,Corporate,Miami,Florida,South,Technology,Machines,13052.04,6,0.0,1691.16
ORD-50584,2021-09-20,2021-09-27,Standard Class,Consumer,Rhode Island City,Rhode Island,East,Technology,Machines,804.51,3,0.0,-226.28
ORD-50585,2023-06-26,2023-07-01,Standard Class,Consumer,Tennessee City,Tennessee,South,Office Supplies,Labels,1452.08,6,0.0,-230.63
ORD-50586,2024-11-02,2024-11-07,Standard Class,Corporate,Connecticut City,Connecticut,East,Office Supplies,Fasteners,820.66,6,0.0,368.26
ORD-50587,2024-06-13,2024-06-18,Second Class,Home Office,Kansas City,Kansas,Central,Furniture,Bookcases,10674.23,8,0.15,2203.41
ORD-50588,2022-04-13,2022-04-14,Second Class,Corporate,New Mexico City,New Mexico,West,Furniture,Bookcases,10885.51,7,0.0,-1762.63
ORD-50589,2021-07-18,2021-07-20,Standard Class,Consumer,Virginia City,Virginia,East,Office Supplies,Envelopes,3312.13,2,0.0,863.28
ORD-50590,2020-04-26,2020-04-30,Same Day,Consumer,Idaho City,Idaho,West,Furniture,Chairs,1448.95,3,0.1,-243.54
ORD-50591,2024-01-21,2024-01-24,Same Day,Consumer,Vermont City,Vermont,East,Furniture,Chairs,4538.98,8,0.0,837.2
ORD-50592,2024-10-19,2024-10-22,First Class,Home Office,Rhode Island City,Rhode Island,East,Office Supplies,Storage,2321.12,2,0.5,881.1
ORD-50593,2024-10-05,2024-10-12,First Class,Consumer,Maryland City,Maryland,East,Technology,Copiers,705.21,2,0.3,-122.31
ORD-50594,2022-11-17,2022-11-22,Standard Class,Home Office,Tennessee City,Tennessee,South,Office Supplies,Envelopes,2897.59,6,0.0,379.4
ORD-50595,2020-11-02,2020-11-08,Standard Class,Consumer,Mississippi City,Mississippi,South,Technology,Phones,9190.51,5,0.0,-1607.09
ORD-50596,2024-08-31,2024-09-02,Standard Class,Consumer,Tennessee City,Tennessee,South,Furniture,Tables,11883.58,7,0.0,-2649.13
ORD-50597,2023-06-20,2023-06-21,Standard Class,Consumer,Connecticut City,Connecticut,East,Furniture,Furnishings,1555.64,2,0.1,320.03
ORD-50598,2022-08-04,2022-08-08,Standard Class,Consumer,San Diego,California,West,Office Supplies,Fasteners,2282.71,5,0.2,82.77
ORD-50599,2023-11-13,2023-11-14,Standard Class,Consumer,Wisconsin City,Wisconsin,Central,Office Supplies,Fasteners,678.87,1,0.4,-81.8
ORD-50600,2022-11-18,2022-11-23,Standard Class,Consumer,San Antonio,Texas,Central,Office Supplies,Paper,4771.25,6,0.1,-1330.74
ORD-50601,2023-06-08,2023-06-11,Second Class,Consumer,Cleveland,Ohio,Central,Office Supplies,Paper,6131.49,6,0.0,2343.29
ORD-50602,2022-09-24,2022-09-29,Standard Class,Home Office,Arizona City,Arizona,West,Office Supplies,Supplies,4654.18,4,0.3,359.1
ORD-50603,2021-10-10,2021-10-12,Standard Class,Home Office,South Carolina City,South Carolina,South,Office Supplies,Envelopes,1518.13,2,0.0,473.61
ORD-50604,2021-03-05,2021-03-09,Standard Class,Home Office,Kansas City,Kansas,Central,Office Supplies,Binders,1029.24,3,0.2,-91.49
ORD-50605,2020-02-16,2020-02-18,Standard Class,Consumer,Minnesota City,Minnesota,Central,Furniture,Furnishings,3875.74,5,0.0,896.99
ORD-50606,2022-09-23,2022-09-29,Standard Class,Consumer,Kentucky City,Kentucky,South,Technology,Copiers,6393.99,7,0.0,-1753.22
ORD-50607,2021-11-28,2021-11-29,First Class,Corporate,Iowa City,Iowa,Central,Furniture,Tables,2072.38,2,0.0,793.02
ORD-50608,2024-09-18,2024-09-24,Standard Class,Home Office,Connecticut City,Connecticut,East,Office Supplies,Art,11064.29,8,0.25,4639.4
ORD-50609,2021-12-19,2021-12-22,Standard Class,Consumer,Arizona City,Arizona,West,Furniture,Bookcases,193.9,3,0.0,-57.08
ORD-50610,2024-06-20,2024-06-27,Same Day,Home Office,Montana City,Montana,West,Furniture,Bookcases,7732.11,8,0.0,1322.37
ORD-50611,2023-12-06,2023-12-07,Standard Class,Corporate,Dallas,Texas,Central,Furniture,Tables,292.95,2,0.0,49.83
ORD-50612,2022-01-22,2022-01-28,Standard Class,Consumer,Louisiana City,Louisiana,South,Furniture,Tables,4348.73,2,0.0,1039.45
ORD-50613,2023-04-24,2023-04-30,First Class,Consumer,Montana City,Montana,West,Office Supplies,Paper,4897.41,7,0.4,870.83
ORD-50614,2021-10-14,2021-10-19,Standard Class,Consumer,Colorado City,Colorado,West,Technology,Machines,17534.63,9,0.0,83.27
ORD-50615,2020-05-10,2020-05-17,Standard Class,Consumer,Springfield,Illinois,Central,Office Supplies,Binders,14980.6,7,0.0,2087.64
ORD-50616,2022-04-14,2022-04-17,Standard Class,Home Office,Tacoma,Washington,West,Furniture,Furnishings,1086.18,1,0.1,174.74
ORD-50617,2022-08-01,2022-08-04,Standard Class,Consumer,Rhode Island City,Rhode Island,East,Office Supplies,Envelopes,7470.13,3,0.0,-2008.2
ORD-50618,2023-04-30,2023-05-03,Standard Class,Consumer,New Mexico City,New Mexico,West,Furniture,Bookcases,146.8,6,0.25,0.87
ORD-50619,2022-04-12,2022-04-17,Second Class,Corporate,Grand Rapids,Michigan,Central,Office Supplies,Supplies,7043.94,9,0.0,-1405.13
ORD-50620,2022-10-11,2022-10-15,Standard Class,Consumer,Missouri City,Missouri,Central,Technology,Accessories,17962.94,8,0.0,-2484.14
ORD-50621,2021-01-27,2021-02-01,Same Day,Home Office,Spokane,Washington,West,Office Supplies,Fasteners,138.9,1,0.0,58.85
ORD-50622,2024-03-26,2024-04-02,Standard Class,Corporate,Nevada City,Nevada,West,Technology,Machines,5273.67,3,0.0,788.51
ORD-50623,2023-07-02,2023-07-07,Standard Class,Consumer,Connecticut City,Connecticut,East,Furniture,Chairs,2916.9,2,0.15,-415.24
ORD-50624,2022-02-11,2022-02-16,Standard Class,Corporate,Kansas City,Kansas,Central,Technology,Phones,6863.98,9,0.5,609.34
ORD-50625,2022-08-07,2022-08-10,Second Class,Consumer,Peoria,Illinois,Central,Technology,Phones,11685.17,5,0.0,3097.82
ORD-50626,2024-03-01,2024-03-05,Standard Class,Corporate,Kentucky City,Kentucky,South,Office Supplies,Art,7473.94,7,0.5,2901.07
ORD-50627,2024-03-01,2024-03-08,Standard Class,Consumer,Delaware City,Delaware,East,Technology,Machines,2814.3,2,0.1,-640.31
ORD-50628,2023-08-21,2023-08-23,First Class,Home Office,Minnesota City,Minnesota,Central,Furniture,Tables,10430.24,7,0.0,-1870.71
ORD-50629,2024-12-29,2024-12-30,Standard Class,Corporate,Maryland City,Maryland,East,Furniture,Tables,1194.24,1,0.0,115.78
ORD-50630,2021-04-10,2021-04-17,Standard Class,Consumer,Virginia City,Virginia,East,Furniture,Bookcases,1222.01,8,0.0,-61.13
ORD-50631,2022-09-21,2022-09-26,Standard Class,Consumer,Minnesota City,Minnesota,Central,Furniture,Bookcases,6721.16,8,0.4,-478.38
ORD-50632,2021-06-07,2021-06-10,Standard Class,Consumer,Albany,New York,East,Technology,Accessories,9657.25,4,0.0,-1561.32
ORD-50633,2024-07-30,2024-08-03,Second Class,Corporate,Delaware City,Delaware,East,Technology,Machines,2058.14,4,0.15,-94.57
ORD-50634,2021-04-07,2021-04-12,First Class,Corporate,Missouri City,Missouri,Central,Office Supplies,Envelopes,3045.11,6,0.0,961.31
ORD-50635,2024-10-25,2024-10-26,Standard Class,Consumer,Idaho City,Idaho,West,Technology,Copiers,2867.57,8,0.4,1239.84
ORD-50636,2020-05-16,2020-05-20,Standard Class,Home Office,Cleveland,Ohio,Central,Office Supplies,Binders,591.58,6,0.1,-154.39
ORD-50637,2024-02-28,2024-03-06,Standard Class,Corporate,Lansing,Michigan,Central,Technology,Copiers,3803.33,5,0.0,1369.64
ORD-50638,2021-01-22,2021-01-28,First Class,Consumer,New Mexico City,New Mexico,West,Office Supplies,Art,4796.84,3,0.0,-137.91
ORD-50639,2021-03-14,2021-03-20,Standard Class,Corporate,Idaho City,Idaho,West,Furniture,Bookcases,1839.19,3,0.5,-310.52
ORD-50640,2023-12-06,2023-12-09,Standard Class,Consumer,North Carolina City,North Carolina,South,Furniture,Bookcases,5028.03,3,0.1,352.52
ORD-50641,2022-04-25,2022-04-26,Standard Class,Consumer,Augusta,Georgia,South,Furniture,Chairs,7113.99,5,0.0,-1852.34
ORD-50642,2024-03-21,2024-03-27,Standard Class,Consumer,Sacramento,California,West,Furniture,Bookcases,4415.57,2,0.0,640.8
ORD-50643,2023-03-27,2023-03-28,Standard Class,Consumer,Wisconsin City,Wisconsin,Central,Office Supplies,Art,7278.78,8,0.0,-1388.63
ORD-50644,2022-09-01,2022-09-04,Second Class,Home Office,Iowa City,Iowa,Central,Office Supplies,Binders,548.99,2,0.25,-78.52
ORD-50645,2024-02-02,2024-02-04,Standard Class,Home Office,Kentucky City,Kentucky,South,Technology,Copiers,4740.85,2,0.0,1382.95
ORD-50646,2024-02-07,2024-02-11,Second Class,Corporate,Mississippi City,Mississippi,South,Office Supplies,Envelopes,16087.03,8,0.0,-321.5
ORD-50647,2023-01-20,2023-01-27,Standard Class,Corporate,Missouri City,Missouri,Central,Office Supplies,Fasteners,1389.63,5,0.0,610.67
ORD-50648,2022-04-14,2022-04-18,Standard Class,Home Office,Rhode Island City,Rhode Island,East,Technology,Accessories,3824.31,4,0.0,-131.5
ORD-50649,2021-03-30,2021-04-05,Standard Class,Corporate,North Carolina City,North Carolina,South,Technology,Copiers,13977.23,9,0.15,2166.99
ORD-50650,2022-03-03,2022-03-06,First Class,Consumer,Mississippi City,Mississippi,South,Furniture,Furnishings,5828.84,8,0.0,-49.7
ORD-50651,2022-01-21,2022-01-23,Standard Class,Home Office,Nevada City,Nevada,West,Technology,Copiers,3266.04,5,0.5,1084.01
ORD-50652,2023-05-29,2023-06-01,Standard Class,Consumer,Massachusetts City,Massachusetts,East,Office Supplies,Storage,4644.01,2,0.0,1516.99
ORD-50653,2021-09-14,2021-09-20,Standard Class,Consumer,Louisiana City,Louisiana,South,Furniture,Tables,6209.3,3,0.0,-1571.99
ORD-50654,2024-05-11,2024-05-13,Standard Class,Consumer,Orlando,Florida,South,Furniture,Chairs,554.73,3,0.5,132.25
ORD-50655,2021-12-02,2021-12-09,Second Class,Consumer,New Jersey City,New Jersey,East,Office Supplies,Paper,4505.96,6,0.2,144.15
ORD-50656,2022-04-01,2022-04-06,Standard Class,Consumer,Oregon City,Oregon,West,Furniture,Tables,695.88,1,0.25,43.76
ORD-50657,2023-05-13,2023-05-18,Standard Class,Consumer,Rhode Island City,Rhode Island,East,Furniture,Furnishings,1347.97,6,0.0,110.71
ORD-50658,2022-08-26,2022-08-27,Standard Class,Consumer,Columbus,Ohio,Central,Technology,Accessories,15401.33,9,0.0,6687.1
ORD-50659,2022-09-25,2022-09-26,Standard Class,Consumer,Massachusetts City,Massachusetts,East,Technology,Phones,9278.96,8,0.0,1893.05
ORD-50660,2024-01-03,2024-01-04,Standard Class,Consumer,Maryland City,Maryland,East,Technology,Accessories,17488.45,7,0.0,-4754.3
ORD-50661,2020-08-19,2020-08-20,Standard Class,Home Office,Colorado City,Colorado,West,Office Supplies,Labels,16543.57,7,0.0,5564.62
ORD-50662,2020-10-10,2020-10-14,Standard Class,Consumer,Orlando,Florida,South,Furniture,Bookcases,338.57,1,0.2,67.04
ORD-50663,2022-10-11,2022-10-16,Standard Class,Corporate,Wisconsin City,Wisconsin,Central,Office Supplies,Storage,14221.24,6,0.0,1387.13
ORD-50664,2024-02-12,2024-02-15,Same Day,Corporate,Lansing,Michigan,Central,Technology,Copiers,4733.95,7,0.0,-1107.24
ORD-50665,2023-05-12,2023-05-18,Standard Class,Consumer,Cincinnati,Ohio,Central,Furniture,Tables,4086.03,7,0.3,123.73
ORD-50666,2020-06-14,2020-06-20,Standard Class,Consumer,Atlanta,Georgia,South,Technology,Machines,16468.31,7,0.0,-2480.66
ORD-50667,2021-06-01,2021-06-03,First Class,Corporate,Rhode Island City,Rhode Island,East,Technology,Accessories,712.4,2,0.0,19.27
ORD-50668,2020-04-05,2020-04-11,Second Class,Corporate,Connecticut City,Connecticut,East,Office Supplies,Supplies,14462.41,8,0.0,-3519.43
ORD-50669,2024-09-18,2024-09-23,Standard Class,Consumer,New Jersey City,New Jersey,East,Furniture,Bookcases,4918.47,8,0.1,-1355.7
ORD-50670,2023-02-01,2023-02-02,Standard Class,Home Office,Nevada City,Nevada,West,Office Supplies,Binders,2771.89,2,0.0,-634.73
ORD-50671,2021-12-01,2021-12-04,Standard Class,Consumer,Maryland City,Maryland,East,Office Supplies,Supplies,1717.73,1,0.0,368.57
ORD-50672,2020-02-14,2020-02-18,Standard Class,Corporate,Nebraska City,Nebraska,Central,Technology,Machines,564.89,1,0.15,109.28
ORD-50673,2021-11-17,2021-11-19,Second Class,Corporate,Massachusetts City,Massachusetts,East,Office Supplies,Storage,12485.54,8,0.0,-2557.61
ORD-50674,2020-03-23,2020-03-30,Standard Class,Corporate,Oregon City,Oregon,West,Office Supplies,Envelopes,2471.91,2,0.0,809.67
ORD-50675,2022-04-02,2022-04-03,Standard Class,Corporate,Miami,Florida,South,Furniture,Tables,4470.39,4,0.0,-1254.48
ORD-50676,2020-08-12,2020-08-19,Standard Class,Consumer,New Mexico City,New Mexico,West,Furniture,Chairs,95.46,3,0.2,26.6
ORD-50677,2020-12-09,2020-12-10,First Class,Home Office,Wisconsin City,Wisconsin,Central,Technology,Accessories,4001.44,2,0.0,411.4
ORD-50678,2020-01-16,2020-01-23,Standard Class,Corporate,Maryland City,Maryland,East,Technology,Phones,7489.27,3,0.0,-227.69
ORD-50679,2021-07-26,2021-07-28,Standard Class,Home Office,Chicago,Illinois,Central,Office Supplies,Storage,3822.85,6,0.0,-970.97
ORD-50680,2020-06-13,2020-06-18,Standard Class,Corporate,Virginia City,Virginia,East,Office Supplies,Labels,10081.6,9,0.1,2056.47
ORD-50681,2022-05-18,2022-05-22,Standard Class,Consumer,Pittsburgh,Pennsylvania,East,Technology,Phones,5328.85,9,0.1,-134.74
ORD-50682,2021-08-20,2021-08-25,Standard Class,Consumer,Arizona City,Arizona,West,Furniture,Tables,7243.43,5,0.0,2274.87
ORD-50683,2024-08-29,2024-09-02,Standard Class,Consumer,Minnesota City,Minnesota,Central,Furniture,Bookcases,436.01,1,0.0,100.33
ORD-50684,2021-01-21,2021-01-22,Second Class,Home Office,Kentucky City,Kentucky,South,Furniture,Furnishings,13696.86,6,0.0,2764.93
ORD-50685,2021-08-11,2021-08-14,Standard Class,Consumer,Albany,New York,East,Furniture,Chairs,1366.14,3,0.0,465.58
ORD-50686,2024-09-03,2024-09-08,First Class,Consumer,Virginia City,Virginia,East,Technology,Accessories,5620.96,5,0.0,-143.22
ORD-50687,2020-12-28,2021-01-01,Standard Class,Consumer,Montana City,Montana,West,Furniture,Tables,12297.48,7,0.25,3358.09
ORD-50688,2022-11-11,2022-11-12,Standard Class,Consumer,Missouri City,Missouri,Central,Office Supplies,Paper,6750.78,8,0.1,-1451.93
ORD-50689,2023-09-01,2023-09-07,Standard Class,Corporate,Minnesota City,Minnesota,Central,Office Supplies,Storage,3640.43,2,0.1,32.81
ORD-50690,2024-08-14,2024-08-15,First Class,Corporate,Miami,Florida,South,Office Supplies,Paper,13271.53,9,0.0,2763.94
ORD-50691,2022-12-15,2022-12-22,Standard Class,Corporate,Oregon City,Oregon,West,Technology,Copiers,3611.27,6,0.1,1243.13
ORD-50692,2020-03-24,2020-03-26,Standard Class,Consumer,Spokane,Washington,West,Furniture,Furnishings,1935.98,5,0.0,250.15
ORD-50693,2020-05-28,2020-06-01,Standard Class,Corporate,Grand Rapids,Michigan,Central,Furniture,Furnishings,2983.9,2,0.2,-270.47
ORD-50694,2020-11-06,2020-11-11,Second Class,Consumer,Tennessee City,Tennessee,South,Furniture,Bookcases,7890.29,6,0.0,754.98
ORD-50695,2024-04-13,2024-04-18,Standard Class,Consumer,New York City,New York,East,Technology,Copiers,3033.58,3,0.0,887.62
ORD-50696,2023-12-10,2023-12-12,Second Class,Corporate,Vermont City,Vermont,East,Office Supplies,Supplies,1796.98,2,0.0,-505.59
ORD-50697,2020-04-19,2020-04-20,First Class,Consumer,Arizona City,Arizona,West,Technology,Phones,1833.05,3,0.1,691.89
ORD-50698,2021-12-16,2021-12-18,First Class,Corporate,Arkansas City,Arkansas,South,Furniture,Furnishings,2825.66,3,0.1,-331.37
ORD-50699,2023-05-19,2023-05-25,Standard Class,Consumer,South Carolina City,South Carolina,South,Furniture,Bookcases,8977.31,6,0.0,-2089.24
ORD-50700,2023-10-18,2023-10-19,Standard Class,Consumer,Peoria,Illinois,Central,Technology,Machines,2000.98,5,0.0,816.06
ORD-50701,2024-01-30,2024-01-31,Standard Class,Consumer,Delaware City,Delaware,East,Office Supplies,Supplies,1617.51,1,0.25,41.11
ORD-50702,2022-07-06,2022-07-07,Standard Class,Consumer,Oregon City,Oregon,West,Furniture,Chairs,4031.22,9,0.0,-672.53
ORD-50703,2021-11-30,2021-12-06,Standard Class,Corporate,Rhode Island City,Rhode Island,East,Furniture,Chairs,9726.87,4,0.0,3511.14
ORD-50704,2023-05-16,2023-05-22,Second Class,Corporate,New Jersey City,New Jersey,East,Furniture,Furnishings,10301.2,6,0.15,412.69
ORD-50705,2020-10-03,2020-10-04,Second Class,Consumer,Vermont City,Vermont,East,Office Supplies,Fasteners,2090.74,4,0.25,844.74
ORD-50706,2022-12-24,2022-12-29,Standard Class,Consumer,Orlando,Florida,South,Technology,Phones,1176.46,1,0.0,527.81
ORD-50707,2024-12-24,2024-12-26,Standard Class,Corporate,Houston,Texas,Central,Office Supplies,Envelopes,1143.68,1,0.15,22.57
ORD-50708,2022-11-09,2022-11-10,Standard Class,Consumer,Chicago,Illinois,Central,Office Supplies,Labels,362.32,4,0.4,124.87
ORD-50709,2020-02-12,2020-02-14,Same Day,Corporate,Minnesota City,Minnesota,Central,Technology,Machines,1099.89,2,0.0,97.01
ORD-50710,2022-07-28,2022-07-30,First Class,Consumer,Miami,Florida,South,Office Supplies,Envelopes,2423.85,6,0.0,-437.39
ORD-50711,2022-04-21,2022-04-23,Standard Class,Consumer,Tennessee City,Tennessee,South,Furniture,Tables,5459.92,3,0.2,-369.09
ORD-50712,2023-10-14,2023-10-15,Second Class,Consumer,Minnesota City,Minnesota,Central,Office Supplies,Art,9072.4,6,0.0,1551.1
ORD-50713,2021-07-21,2021-07-27,First Class,Consumer,Rhode Island City,Rhode Island,East,Technology,Machines,18352.75,9,0.0,4337.72
ORD-50714,2021-11-11,2021-11-16,Second Class,Consumer,Peoria,Illinois,Central,Furniture,Furnishings,1276.09,2,0.25,33.19
ORD-50715,2021-02-24,2021-02-25,Standard Class,Corporate,Massachusetts City,Massachusetts,East,Office Supplies,Supplies,806.72,4,0.0,328.66
ORD-50716,2021-03-25,2021-03-28,Standard Class,Consumer,Utah City,Utah,West,Furniture,Chairs,3605.42,2,0.2,962.34
ORD-50717,2020-07-04,2020-07-06,Standard Class,Consumer,Minnesota City,Minnesota,Central,Technology,Accessories,1318.15,3,0.25,226.27
ORD-50718,2022-07-01,2022-07-07,First Class,Consumer,Oregon City,Oregon,West,Technology,Accessories,6077.1,5,0.0,-1557.78
ORD-50719,2022-08-05,2022-08-09,First Class,Consumer,North Carolina City,North Carolina,South,Furniture,Bookcases,5790.52,5,0.25,2075.24
ORD-50720,2021-02-13,2021-02-19,Second Class,Corporate,Montana City,Montana,West,Furniture,Chairs,3858.91,3,0.0,132.24
ORD-50721,2022-09-08,2022-09-13,First Class,Consumer,Nebraska City,Nebraska,Central,Furniture,Tables,8679.49,4,0.0,-713.66
ORD-50722,2024-07-18,2024-07-22,First Class,Consumer,Atlanta,Georgia,South,Technology,Machines,8042.73,5,0.0,-150.2
ORD-50723,2024-03-30,2024-04-01,Standard Class,Home Office,Grand Rapids,Michigan,Central,Furniture,Tables,246.95,1,0.25,2.65
ORD-50724,2022-07-30,2022-07-31,Standard Class,Corporate,Arizona City,Arizona,West,Office Supplies,Labels,9887.19,9,0.0,-1983.85
ORD-50725,2020-03-13,2020-03-15,Standard Class,Consumer,Spokane,Washington,West,Furniture,Furnishings,15806.57,9,0.2,-367.65
ORD-50726,2023-01-30,2023-02-05,First Class,Consumer,Columbus,Ohio,Central,Technology,Phones,13100.82,9,0.0,3004.27
ORD-50727,2020-05-12,2020-05-19,Second Class,Consumer,San Diego,California,West,Furniture,Bookcases,2345.16,3,0.2,-525.42
ORD-50728,2020-02-10,2020-02-17,Second Class,Consumer,New Jersey City,New Jersey,East,Furniture,Bookcases,8885.91,5,0.0,3349.16
ORD-50729,2023-11-26,2023-12-03,First Class,Corporate,Oregon City,Oregon,West,Furniture,Tables,12289.41,7,0.0,-3317.5
ORD-50730,2024-07-21,2024-07-22,Standard Class,Consumer,New Jersey City,New Jersey,East,Furniture,Furnishings,13235.93,9,0.0,4600.45
ORD-50731,2020-09-24,2020-09-29,Standard Class,Corporate,Pittsburgh,Pennsylvania,East,Furniture,Bookcases,1944.51,2,0.4,-24.71
ORD-50732,2022-04-16,2022-04-21,Standard Class,Consumer,Orlando,Florida,South,Furniture,Chairs,10596.2,9,0.0,-2227.21
ORD-50733,2023-09-30,2023-10-07,Standard Class,Consumer,Peoria,Illinois,Central,Office Supplies,Paper,13580.62,8,0.0,-633.36
ORD-50734,2021-05-11,2021-05-15,Standard Class,Consumer,Savannah,Georgia,South,Technology,Accessories,12164.05,5,0.0,-1983.12
ORD-50735,2023-04-30,2023-05-04,Standard Class,Consumer,Miami,Florida,South,Office Supplies,Paper,3654.6,3,0.0,696.19
ORD-50736,2022-08-13,2022-08-14,First Class,Consumer,Utah City,Utah,West,Technology,Accessories,1727.86,1,0.0,-117.15
ORD-50737,2023-02-01,2023-02-05,Standard Class,Home Office,Springfield,Illinois,Central,Office Supplies,Fasteners,14389.05,6,0.0,-3593.76
ORD-50738,2020-10-21,2020-10-25,Second Class,Home Office,Rhode Island City,Rhode Island,East,Office Supplies,Binders,4134.49,2,0.1,-749.01
ORD-50739,2021-01-15,2021-01-19,Standard Class,Consumer,Iowa City,Iowa,Central,Technology,Phones,15484.87,8,0.0,5568.31
ORD-50740,2022-10-05,2022-10-06,Standard Class,Consumer,Vermont City,Vermont,East,Office Supplies,Paper,11581.78,7,0.3,1338.79
ORD-50741,2022-01-16,2022-01-17,Standard Class,Consumer,Maryland City,Maryland,East,Technology,Machines,22144.82,9,0.0,9064.59
ORD-50742,2023-04-01,2023-04-08,Second Class,Consumer,Missouri City,Missouri,Central,Technology,Machines,2796.81,5,0.0,776.06
ORD-50743,2021-08-12,2021-08-15,Standard Class,Consumer,Missouri City,Missouri,Central,Office Supplies,Binders,4650.36,4,0.0,1175.6
ORD-50744,2023-01-01,2023-01-04,Second Class,Consumer,Vermont City,Vermont,East,Office Supplies,Art,1921.4,8,0.3,602.14
ORD-50745,2023-07-27,2023-07-29,Same Day,Consumer,Oregon City,Oregon,West,Furniture,Bookcases,3273.43,2,0.0,249.05
ORD-50746,2020-11-25,2020-11-26,First Class,Corporate,Columbus,Ohio,Central,Furniture,Bookcases,13387.79,9,0.0,-1458.26
ORD-50747,2020-09-13,2020-09-18,First Class,Corporate,North Carolina City,North Carolina,South,Technology,Phones,8872.96,4,0.0,2436.67
ORD-50748,2022-09-12,2022-09-19,Standard Class,Consumer,Alabama City,Alabama,South,Office Supplies,Storage,2653.51,9,0.0,180.49
ORD-50749,2022-01-12,2022-01-14,Standard Class,Consumer,Colorado City,Colorado,West,Technology,Copiers,4074.1,8,0.25,1166.12
ORD-50750,2022-09-13,2022-09-20,Same Day,Home Office,Nevada City,Nevada,West,Furniture,Chairs,3738.71,6,0.0,1285.57
ORD-50751,2024-04-27,2024-04-28,Standard Class,Consumer,New Jersey City,New Jersey,East,Furniture,Tables,874.0,9,0.25,-21.07
ORD-50752,2022-06-29,2022-07-01,First Class,Corporate,Grand Rapids,Michigan,Central,Technology,Accessories,15857.6,7,0.0,3513.38
ORD-50753,2020-07-25,2020-07-27,Standard Class,Consumer,Minnesota City,Minnesota,Central,Office Supplies,Storage,5142.61,9,0.3,-519.59
ORD-50754,2024-05-10,2024-05-17,Same Day,Consumer,Vermont City,Vermont,East,Technology,Accessories,20822.11,9,0.0,-3273.02
ORD-50755,2022-09-08,2022-09-13,Standard Class,Corporate,Massachusetts City,Massachusetts,East,Furniture,Tables,4873.99,5,0.0,-1011.53
ORD-50756,2022-04-28,2022-05-04,Standard Class,Consumer,Louisiana City,Louisiana,South,Office Supplies,Supplies,1912.55,1,0.0,244.3
ORD-50757,2023-12-27,2023-12-28,Same Day,Consumer,New York City,New York,East,Technology,Phones,5271.31,5,0.5,582.77
ORD-50758,2024-07-24,2024-07-25,Second Class,Corporate,Kansas City,Kansas,Central,Furniture,Furnishings,1764.79,2,0.0,-358.65
ORD-50759,2024-01-07,2024-01-11,Standard Class,Corporate,Tennessee City,Tennessee,South,Furniture,Chairs,2862.47,2,0.2,-791.73
ORD-50760,2020-09-03,2020-09-07,Standard Class,Consumer,Vermont City,Vermont,East,Technology,Phones,14841.2,6,0.0,-3117.52
ORD-50761,2023-11-06,2023-11-07,Standard Class,Consumer,Kentucky City,Kentucky,South,Furniture,Tables,1594.47,3,0.0,-221.75
ORD-50762,2021-07-11,2021-07-16,Standard Class,Consumer,Rhode Island City,Rhode Island,East,Technology,Phones,499.34,4,0.1,50.04
ORD-50763,2020-01-17,2020-01-22,Standard Class,Consumer,Tennessee City,Tennessee,South,Office Supplies,Labels,1922.77,6,0.0,442.2
ORD-50764,2023-09-21,2023-09-26,Standard Class,Consumer,Nevada City,Nevada,West,Office Supplies,Paper,1142.85,1,0.4,-173.91
ORD-50765,2023-12-15,2023-12-17,Standard Class,Corporate,Delaware City,Delaware,East,Furniture,Furnishings,8481.78,9,0.0,-1341.75
ORD-50766,2020-12-02,2020-12-09,Standard Class,Corporate,Savannah,Georgia,South,Technology,Accessories,2474.49,3,0.1,526.84
ORD-50767,2022-02-08,2022-02-10,Second Class,Home Office,Delaware City,Delaware,East,Office Supplies,Binders,717.97,1,0.0,173.28
ORD-50768,2020-05-02,2020-05-04,Second Class,Consumer,Nevada City,Nevada,West,Technology,Machines,1272.01,2,0.0,-237.98
ORD-50769,2022-12-18,2022-12-22,Standard Class,Corporate,Massachusetts City,Massachusetts,East,Office Supplies,Envelopes,7576.6,9,0.0,137.43
ORD-50770,2023-04-09,2023-04-13,Standard Class,Corporate,Los Angeles,California,West,Technology,Phones,3956.52,8,0.0,-629.04
ORD-50771,2022-02-23,2022-02-27,Standard Class,Consumer,South Carolina City,South Carolina,South,Technology,Phones,11983.54,8,0.1,-1652.6
ORD-50772,2021-05-27,2021-05-30,Standard Class,Corporate,South Carolina City,South Carolina,South,Office Supplies,Fasteners,19387.03,9,0.0,-3963.56
ORD-50773,2021-02-20,2021-02-26,Second Class,Corporate,Vermont City,Vermont,East,Furniture,Tables,18974.63,9,0.0,3569.53
ORD-50774,2020-10-20,2020-10-23,First Class,Consumer,Nevada City,Nevada,West,Office Supplies,Paper,7491.83,3,0.0,-982.14
ORD-50775,2023-03-11,2023-03-15,Standard Class,Home Office,San Francisco,California,West,Office Supplies,Paper,774.47,1,0.2,251.51
ORD-50776,2020-03-20,2020-03-27,Standard Class,Consumer,Los Angeles,California,West,Furniture,Chairs,3616.75,4,0.1,-1050.4
ORD-50777,2023-12-27,2023-12-31,Standard Class,Consumer,Oregon City,Oregon,West,Technology,Accessories,1346.54,1,0.25,417.24
ORD-50778,2021-12-03,2021-12-09,Second Class,Home Office,North Carolina City,North Carolina,South,Furniture,Furnishings,876.19,2,0.0,133.78
ORD-50779,2024-01-26,2024-01-30,Standard Class,Home Office,Missouri City,Missouri,Central,Furniture,Furnishings,21862.96,9,0.0,2571.39
ORD-50780,2020-10-15,2020-10-19,Standard Class,Corporate,Albany,New York,East,Office Supplies,Supplies,9937.72,8,0.0,1561.22
ORD-50781,2022-04-20,2022-04-23,Standard Class,Corporate,New Jersey City,New Jersey,East,Office Supplies,Art,3252.75,3,0.4,1295.63
ORD-50782,2024-08-03,2024-08-05,Standard Class,Corporate,Grand Rapids,Michigan,Central,Furniture,Tables,540.85,3,0.2,-101.96
ORD-50783,2022-03-20,2022-03-25,Standard Class,Consumer,Missouri City,Missouri,Central,Technology,Machines,836.07,2,0.15,11.23
ORD-50784,2020-03-29,2020-04-04,Same Day,Consumer,Nebraska City,Nebraska,Central,Furniture,Tables,6364.28,7,0.4,42.61
ORD-50785,2021-09-24,2021-09-25,Standard Class,Consumer,Kentucky City,Kentucky,South,Furniture,Bookcases,4752.93,8,0.0,822.91
ORD-50786,2020-12-09,2020-12-10,First Class,Home Office,San Diego,California,West,Technology,Phones,195.62,3,0.4,32.62
ORD-50787,2021-09-28,2021-10-01,First Class,Corporate,Nebraska City,Nebraska,Central,Office Supplies,Art,5304.48,3,0.0,-1586.23
ORD-50788,2024-07-18,2024-07-21,Second Class,Consumer,San Antonio,Texas,Central,Furniture,Chairs,8058.35,9,0.2,1963.7
ORD-50789,2023-03-05,2023-03-08,Standard Class,Corporate,Buffalo,New York,East,Furniture,Bookcases,11598.95,7,0.1,-1942.69
ORD-50790,2022-02-22,2022-03-01,Second Class,Corporate,Austin,Texas,Central,Office Supplies,Envelopes,5957.55,7,0.0,-465.48
ORD-50791,2022-03-30,2022-04-04,Standard Class,Consumer,Arkansas City,Arkansas,South,Office Supplies,Labels,16783.94,9,0.0,3479.18
ORD-50792,2023-05-22,2023-05-24,Standard Class,Consumer,Arkansas City,Arkansas,South,Technology,Copiers,527.43,2,0.3,138.72
ORD-50793,2022-04-14,2022-04-21,First Class,Home Office,Orlando,Florida,South,Office Supplies,Storage,1923.26,7,0.0,712.53
ORD-50794,2020-11-12,2020-11-18,Second Class,Consumer,Kansas City,Kansas,Central,Office Supplies,Fasteners,5174.84,4,0.0,1107.83
ORD-50795,2023-04-09,2023-04-14,First Class,Home Office,Kentucky City,Kentucky,South,Office Supplies,Envelopes,8090.9,4,0.0,1949.63
ORD-50796,2020-03-09,2020-03-10,Standard Class,Home Office,Wisconsin City,Wisconsin,Central,Technology,Machines,5048.96,3,0.0,1108.76
ORD-50797,2022-10-01,2022-10-08,First Class,Corporate,South Carolina City,South Carolina,South,Technology,Phones,10612.9,8,0.0,4252.61
ORD-50798,2023-02-28,2023-03-03,Standard Class,Consumer,Missouri City,Missouri,Central,Furniture,Chairs,10492.63,8,0.15,780.99
ORD-50799,2022-06-07,2022-06-14,Standard Class,Consumer,Buffalo,New York,East,Furniture,Chairs,1339.71,1,0.1,14.5
ORD-50800,2021-05-31,2021-06-05,Standard Class,Corporate,New Jersey City,New Jersey,East,Furniture,Furnishings,11260.73,8,0.0,-3115.93
ORD-50801,2022-10-29,2022-11-03,Standard Class,Consumer,Utah City,Utah,West,Office Supplies,Storage,6608.24,6,0.0,-1708.15
ORD-50802,2023-08-22,2023-08-26,First Class,Consumer,Utah City,Utah,West,Office Supplies,Binders,169.75,6,0.0,67.26
ORD-50803,2020-04-16,2020-04-20,Standard Class,Home Office,Maryland City,Maryland,East,Technology,Phones,2925.59,8,0.0,-128.21
ORD-50804,2021-02-06,2021-02-10,Standard Class,Consumer,Utah City,Utah,West,Furniture,Chairs,2094.26,5,0.0,637.48
ORD-50805,2023-04-27,2023-04-29,First Class,Consumer,Seattle,Washington,West,Office Supplies,Paper,2409.34,9,0.2,884.2
ORD-50806,2021-03-20,2021-03-22,First Class,Consumer,Buffalo,New York,East,Furniture,Tables,4025.25,8,0.0,1618.88
ORD-50807,2024-05-09,2024-05-12,Standard Class,Corporate,Kansas City,Kansas,Central,Technology,Phones,9729.57,6,0.1,-1102.29
ORD-50808,2021-04-11,2021-04-16,First Class,Consumer,South Carolina City,South Carolina,South,Office Supplies,Storage,4489.57,2,0.0,-376.13
ORD-50809,2020-10-28,2020-11-03,Standard Class,Consumer,Kentucky City,Kentucky,South,Technology,Accessories,5106.21,3,0.0,2124.08
ORD-50810,2022-03-06,2022-03-12,First Class,Consumer,Virginia City,Virginia,East,Technology,Machines,11949.55,7,0.0,-3245.91
ORD-50811,2020-11-20,2020-11-25,Same Day,Consumer,South Carolina City,South Carolina,South,Furniture,Tables,1260.66,2,0.0,-358.43
ORD-50812,2020-08-12,2020-08-13,Standard Class,Consumer,Wisconsin City,Wisconsin,Central,Furniture,Bookcases,1556.55,2,0.4,590.65
ORD-50813,2021-07-19,2021-07-24,First Class,Corporate,Seattle,Washington,West,Office Supplies,Fasteners,20925.13,9,0.0,81.85
ORD-50814,2023-04-13,2023-04-14,Standard Class,Corporate,Augusta,Georgia,South,Office Supplies,Labels,2266.04,1,0.0,18.95
ORD-50815,2024-07-04,2024-07-09,Second Class,Consumer,New Mexico City,New Mexico,West,Furniture,Bookcases,4165.85,2,0.0,-1207.14
ORD-50816,2023-08-12,2023-08-15,Standard Class,Corporate,Vermont City,Vermont,East,Furniture,Bookcases,7430.36,7,0.0,-1469.14
ORD-50817,2023-11-05,2023-11-09,Standard Class,Consumer,Colorado City,Colorado,West,Office Supplies,Fasteners,1892.01,2,0.0,-59.82
ORD-50818,2022-07-01,2022-07-03,First Class,Consumer,Tacoma,Washington,West,Technology,Phones,213.55,4,0.0,-1.82
ORD-50819,2021-12-28,2022-01-01,Standard Class,Consumer,Massachusetts City,Massachusetts,East,Office Supplies,Storage,3728.94,3,0.0,-16.55
ORD-50820,2022-01-28,2022-01-31,Standard Class,Home Office,Nevada City,Nevada,West,Office Supplies,Supplies,7775.3,7,0.1,527.48
ORD-50821,2023-09-24,2023-10-01,Second Class,Consumer,Nevada City,Nevada,West,Technology,Accessories,602.22,1,0.5,-121.79
ORD-50822,2020-08-22,2020-08-28,Second Class,Consumer,Wisconsin City,Wisconsin,Central,Technology,Machines,7623.35,7,0.0,-887.36
ORD-50823,2024-11-14,2024-11-20,Second Class,Consumer,Nebraska City,Nebraska,Central,Technology,Phones,10706.99,6,0.0,4339.52
ORD-50824,2021-09-14,2021-09-15,Standard Class,Home Office,North Carolina City,North Carolina,South,Furniture,Tables,12771.75,7,0.0,-601.53
ORD-50825,2021-03-20,2021-03-26,First Class,Consumer,Albany,New York,East,Technology,Copiers,567.36,6,0.3,-100.46
ORD-50826,2022-08-27,2022-09-03,Second Class,Home Office,Iowa City,Iowa,Central,Furniture,Tables,2622.42,3,0.0,399.29
ORD-50827,2021-03-25,2021-04-01,First Class,Corporate,Alabama City,Alabama,South,Technology,Accessories,2719.65,7,0.0,-283.02
ORD-50828,2021-05-24,2021-05-30,Second Class,Consumer,Arizona City,Arizona,West,Furniture,Furnishings,5851.25,5,0.5,1040.27
ORD-50829,2023-11-05,2023-11-06,First Class,Consumer,Virginia City,Virginia,East,Technology,Accessories,11383.86,6,0.0,-1613.61
ORD-50830,2024-08-25,2024-08-30,First Class,Corporate,Idaho City,Idaho,West,Office Supplies,Envelopes,17001.7,9,0.1,6545.23
ORD-50831,2023-09-21,2023-09-24,Standard Class,Consumer,Spokane,Washington,West,Furniture,Tables,7726.39,4,0.15,-559.22
ORD-50832,2022-03-26,2022-03-30,Standard Class,Consumer,San Francisco,California,West,Furniture,Bookcases,2781.4,2,0.2,100.49
ORD-50833,2022-06-20,2022-06-27,Standard Class,Corporate,Cincinnati,Ohio,Central,Office Supplies,Supplies,9510.45,7,0.25,2862.78
ORD-50834,2022-05-01,2022-05-06,Second Class,Consumer,Kansas City,Kansas,Central,Technology,Accessories,4113.6,2,0.0,1215.25
ORD-50835,2022-05-28,2022-06-03,Standard Class,Consumer,Missouri City,Missouri,Central,Office Supplies,Storage,2433.02,1,0.0,989.31
ORD-50836,2021-08-29,2021-09-01,Standard Class,Corporate,Virginia City,Virginia,East,Furniture,Tables,10690.83,6,0.0,-1798.69
ORD-50837,2020-03-26,2020-03-30,First Class,Consumer,Tampa,Florida,South,Office Supplies,Supplies,767.35,4,0.4,-132.51
ORD-50838,2020-02-18,2020-02-19,Standard Class,Consumer,Iowa City,Iowa,Central,Furniture,Tables,1104.45,2,0.1,-274.04
ORD-50839,2022-04-26,2022-04-28,Standard Class,Corporate,Colorado City,Colorado,West,Furniture,Tables,8559.97,7,0.0,2424.7
ORD-50840,2020-04-06,2020-04-13,Second Class,Consumer,New Jersey City,New Jersey,East,Furniture,Furnishings,577.34,4,0.0,-11.86
ORD-50841,2022-02-09,2022-02-13,Standard Class,Consumer,Alabama City,Alabama,South,Office Supplies,Storage,1874.36,1,0.0,572.63
ORD-50842,2023-02-12,2023-02-13,Standard Class,Home Office,Arkansas City,Arkansas,South,Technology,Machines,8368.38,5,0.1,-1723.21
ORD-50843,2020-01-19,2020-01-21,Second Class,Consumer,Vermont City,Vermont,East,Furniture,Tables,3700.96,6,0.0,-305.36
ORD-50844,2024-12-21,2024-12-28,Standard Class,Corporate,Missouri City,Missouri,Central,Technology,Copiers,2230.44,9,0.25,-278.34
ORD-50845,2022-10-20,2022-10-26,Standard Class,Consumer,Peoria,Illinois,Central,Furniture,Tables,8097.36,9,0.1,25.19
ORD-50846,2020-09-22,2020-09-28,Standard Class,Consumer,Mississippi City,Mississippi,South,Furniture,Tables,10656.43,6,0.0,4164.56
ORD-50847,2020-05-11,2020-05-14,Same Day,Corporate,Montana City,Montana,West,Technology,Copiers,7963.02,4,0.0,2806.54
ORD-50848,2022-05-30,2022-05-31,First Class,Consumer,Connecticut City,Connecticut,East,Technology,Accessories,1450.56,6,0.0,310.64
ORD-50849,2022-04-02,2022-04-09,Second Class,Consumer,Sacramento,California,West,Office Supplies,Binders,5848.46,8,0.0,-1166.24
ORD-50850,2020-08-22,2020-08-25,Standard Class,Consumer,Arkansas City,Arkansas,South,Technology,Copiers,861.0,1,0.0,-126.11
ORD-50851,2023-07-20,2023-07-22,Standard Class,Home Office,Nebraska City,Nebraska,Central,Office Supplies,Fasteners,530.1,1,0.0,142.23
ORD-50852,2024-04-19,2024-04-20,First Class,Consumer,Iowa City,Iowa,Central,Technology,Machines,4048.0,5,0.15,106.96
ORD-50853,2021-12-24,2021-12-31,Second Class,Consumer,Kansas City,Kansas,Central,Office Supplies,Fasteners,54.36,1,0.0,-11.98
ORD-50854,2023-09-02,2023-09-04,First Class,Corporate,New Mexico City,New Mexico,West,Technology,Machines,1261.02,3,0.0,-219.17
ORD-50855,2022-02-01,2022-02-07,Standard Class,Corporate,Nebraska City,Nebraska,Central,Technology,Copiers,4443.55,7,0.2,634.63
ORD-50856,2021-01-22,2021-01-28,Standard Class,Corporate,Connecticut City,Connecticut,East,Technology,Accessories,3203.61,2,0.1,793.89
ORD-50857,2020-10-19,2020-10-24,Standard Class,Consumer,Massachusetts City,Massachusetts,East,Technology,Phones,4831.5,7,0.3,2096.29
ORD-50858,2023-12-18,2023-12-19,Same Day,Home Office,Vermont City,Vermont,East,Furniture,Furnishings,7700.32,5,0.0,-1250.58
ORD-50859,2022-07-04,2022-07-09,Second Class,Corporate,Virginia City,Virginia,East,Technology,Accessories,8374.26,6,0.2,595.12
ORD-50860,2020-11-25,2020-11-28,Standard Class,Corporate,Nebraska City,Nebraska,Central,Furniture,Chairs,365.66,1,0.0,-47.78
ORD-50861,2020-05-18,2020-05-23,Standard Class,Corporate,Oregon City,Oregon,West,Technology,Accessories,149.06,5,0.5,32.78
ORD-50862,2020-05-19,2020-05-21,Second Class,Corporate,Kentucky City,Kentucky,South,Furniture,Chairs,3232.78,2,0.0,-920.66
ORD-50863,2022-10-25,2022-10-29,Standard Class,Consumer,Rhode Island City,Rhode Island,East,Office Supplies,Supplies,5742.53,3,0.0,79.46
ORD-50864,2021-10-14,2021-10-16,Second Class,Consumer,Colorado City,Colorado,West,Office Supplies,Storage,6988.98,7,0.0,-1684.37
ORD-50865,2020-03-12,2020-03-13,Standard Class,Corporate,New Jersey City,New Jersey,East,Technology,Phones,476.62,3,0.1,108.76
ORD-50866,2021-08-03,2021-08-09,Standard Class,Consumer,Cincinnati,Ohio,Central,Technology,Accessories,3413.39,4,0.4,221.12
ORD-50867,2024-09-04,2024-09-07,Standard Class,Home Office,Connecticut City,Connecticut,East,Furniture,Tables,39.0,1,0.15,12.03
ORD-50868,2023-11-22,2023-11-25,First Class,Corporate,Kentucky City,Kentucky,South,Technology,Accessories,1231.91,1,0.0,-76.45
ORD-50869,2022-05-06,2022-05-07,First Class,Consumer,Montana City,Montana,West,Furniture,Chairs,1378.08,4,0.0,233.76
ORD-50870,2021-08-05,2021-08-11,Standard Class,Home Office,Savannah,Georgia,South,Furniture,Furnishings,9164.75,9,0.15,1242.31
ORD-50871,2021-02-26,2021-03-01,Standard Class,Consumer,Pittsburgh,Pennsylvania,East,Technology,Copiers,1317.4,3,0.0,424.53
ORD-50872,2020-08-25,2020-09-01,Second Class,Consumer,Utah City,Utah,West,Furniture,Chairs,6545.74,3,0.1,1905.59
ORD-50873,2022-07-08,2022-07-15,Standard Class,Consumer,Arizona City,Arizona,West,Office Supplies,Supplies,5619.23,7,0.0,583.21
ORD-50874,2021-06-13,2021-06-20,Standard Class,Consumer,Arizona City,Arizona,West,Office Supplies,Fasteners,2630.76,4,0.5,-98.12
ORD-50875,2022-05-24,2022-05-25,Standard Class,Consumer,New Mexico City,New Mexico,West,Technology,Machines,8615.97,6,0.0,-586.31
ORD-50876,2023-05-13,2023-05-20,Second Class,Home Office,Nevada City,Nevada,West,Furniture,Furnishings,877.17,9,0.25,369.4
ORD-50877,2020-07-25,2020-07-31,Second Class,Corporate,Virginia City,Virginia,East,Technology,Copiers,1321.37,9,0.0,186.01
ORD-50878,2020-05-14,2020-05-21,Standard Class,Corporate,Iowa City,Iowa,Central,Office Supplies,Paper,8533.98,7,0.3,3276.23
ORD-50879,2021-10-17,2021-10-22,Same Day,Home Office,Montana City,Montana,West,Office Supplies,Storage,2255.19,1,0.0,403.78
ORD-50880,2022-04-27,2022-04-30,Standard Class,Corporate,Missouri City,Missouri,Central,Technology,Copiers,1124.04,2,0.0,-293.03
ORD-50881,2023-07-25,2023-07-26,Second Class,Corporate,Kentucky City,Kentucky,South,Technology,Phones,2410.71,6,0.0,-523.59
ORD-50882,2023-09-12,2023-09-17,Standard Class,Corporate,Tennessee City,Tennessee,South,Furniture,Bookcases,7477.18,4,0.2,-1485.88
ORD-50883,2024-11-14,2024-11-16,Same Day,Consumer,South Carolina City,South Carolina,South,Furniture,Tables,9769.96,7,0.0,3437.47
ORD-50884,2020-07-05,2020-07-11,Standard Class,Consumer,Utah City,Utah,West,Office Supplies,Labels,4489.54,6,0.5,1760.79
ORD-50885,2023-06-13,2023-06-18,Same Day,Consumer,Tacoma,Washington,West,Technology,Accessories,9237.6,4,0.0,-1643.53
ORD-50886,2020-01-26,2020-01-28,Standard Class,Consumer,Louisiana City,Louisiana,South,Furniture,Chairs,4474.48,4,0.0,744.71
ORD-50887,2021-07-08,2021-07-09,Standard Class,Consumer,Wisconsin City,Wisconsin,Central,Technology,Phones,943.57,4,0.4,236.44
ORD-50888,2022-01-16,2022-01-23,Standard Class,Corporate,Iowa City,Iowa,Central,Furniture,Tables,14296.8,7,0.0,-3262.99
ORD-50889,2024-01-27,2024-02-03,Standard Class,Home Office,Los Angeles,California,West,Technology,Accessories,4094.63,7,0.2,-704.69
ORD-50890,2022-05-24,2022-05-27,Standard Class,Home Office,Montana City,Montana,West,Furniture,Chairs,11494.05,5,0.0,-1706.15
ORD-50891,2021-05-28,2021-06-03,First Class,Consumer,Arkansas City,Arkansas,South,Office Supplies,Labels,943.03,5,0.0,-39.25
ORD-50892,2021-09-03,2021-09-10,Standard Class,Consumer,Mississippi City,Mississippi,South,Office Supplies,Storage,7043.34,7,0.15,2100.02
ORD-50893,2023-07-07,2023-07-14,Second Class,Consumer,Oregon City,Oregon,West,Technology,Machines,182.71,5,0.0,-4.55
ORD-50894,2024-12-19,2024-12-25,Standard Class,Corporate,Lansing,Michigan,Central,Office Supplies,Envelopes,6140.31,6,0.1,-691.4
ORD-50895,2021-10-02,2021-10-04,Standard Class,Consumer,Nebraska City,Nebraska,Central,Furniture,Bookcases,2376.55,8,0.5,639.94
ORD-50896,2020-08-07,2020-08-08,Same Day,Home Office,Missouri City,Missouri,Central,Furniture,Chairs,2554.44,2,0.2,-104.49
ORD-50897,2023-07-25,2023-07-30,Standard Class,Corporate,Maryland City,Maryland,East,Technology,Accessories,2476.76,3,0.2,743.7
ORD-50898,2023-01-29,2023-02-02,Standard Class,Consumer,Vermont City,Vermont,East,Technology,Machines,2694.88,2,0.0,1065.57
ORD-50899,2024-09-17,2024-09-21,Standard Class,Corporate,Nebraska City,Nebraska,Central,Furniture,Bookcases,2642.08,9,0.0,271.81
ORD-50900,2024-01-30,2024-02-05,Standard Class,Consumer,New Mexico City,New Mexico,West,Office Supplies,Envelopes,6745.67,3,0.0,803.62
ORD-50901,2024-04-12,2024-04-14,Standard Class,Corporate,Maryland City,Maryland,East,Technology,Accessories,2503.32,2,0.0,-431.13
ORD-50902,2020-05-26,2020-05-31,First Class,Consumer,New Mexico City,New Mexico,West,Technology,Machines,2497.26,1,0.0,347.4
ORD-50903,2022-03-12,2022-03-13,Standard Class,Consumer,Alabama City,Alabama,South,Office Supplies,Fasteners,3301.67,2,0.0,294.52
ORD-50904,2022-09-06,2022-09-10,Standard Class,Corporate,Nebraska City,Nebraska,Central,Technology,Copiers,13925.0,6,0.0,-1699.67
ORD-50905,2020-03-26,2020-04-01,Standard Class,Home Office,Connecticut City,Connecticut,East,Furniture,Bookcases,2879.44,2,0.1,57.43
ORD-50906,2023-04-03,2023-04-04,First Class,Consumer,Virginia City,Virginia,East,Technology,Phones,3423.15,2,0.0,-29.44
ORD-50907,2024-08-14,2024-08-16,Standard Class,Consumer,North Carolina City,North Carolina,South,Furniture,Chairs,2896.52,8,0.2,239.5
ORD-50908,2023-02-27,2023-02-28,Standard Class,Consumer,Kentucky City,Kentucky,South,Furniture,Bookcases,3221.69,3,0.0,76.94
ORD-50909,2020-11-20,2020-11-23,First Class,Corporate,Virginia City,Virginia,East,Furniture,Furnishings,8870.42,5,0.0,2510.08
ORD-50910,2021-09-23,2021-09-30,Standard Class,Consumer,Alabama City,Alabama,South,Office Supplies,Storage,4949.25,5,0.2,-544.88
ORD-50911,2021-11-07,2021-11-12,Standard Class,Consumer,Mississippi City,Mississippi,South,Technology,Accessories,5070.37,5,0.25,343.95
ORD-50912,2023-07-08,2023-07-09,Standard Class,Consumer,Maryland City,Maryland,East,Office Supplies,Envelopes,7729.59,4,0.0,-1370.72
ORD-50913,2020-11-04,2020-11-07,Second Class,Consumer,Lansing,Michigan,Central,Technology,Phones,2241.09,1,0.0,382.48
ORD-50914,2024-03-16,2024-03-18,Standard Class,Consumer,Tennessee City,Tennessee,South,Office Supplies,Art,15300.67,8,0.0,-2904.35
ORD-50915,2022-11-23,2022-11-27,Second Class,Corporate,Delaware City,Delaware,East,Office Supplies,Labels,7976.21,7,0.25,-321.44
ORD-50916,2023-03-29,2023-04-01,Standard Class,Consumer,San Antonio,Texas,Central,Furniture,Bookcases,9443.3,6,0.0,-2320.58
ORD-50917,2020-02-14,2020-02-19,Standard Class,Corporate,Massachusetts City,Massachusetts,East,Office Supplies,Supplies,1999.05,3,0.0,480.4
ORD-50918,2021-01-07,2021-01-13,Second Class,Consumer,Harrisburg,Pennsylvania,East,Furniture,Bookcases,1780.94,2,0.0,-523.11
ORD-50919,2022-02-24,2022-03-02,Standard Class,Home Office,New Jersey City,New Jersey,East,Office Supplies,Envelopes,632.65,5,0.0,45.86
ORD-50920,2022-07-21,2022-07-24,Second Class,Home Office,Kansas City,Kansas,Central,Office Supplies,Labels,1927.34,7,0.0,629.61
ORD-50921,2022-04-19,2022-04-22,Standard Class,Corporate,Massachusetts City,Massachusetts,East,Office Supplies,Storage,2427.94,2,0.3,-484.42
ORD-50922,2021-12-15,2021-12-18,First Class,Corporate,Seattle,Washington,West,Technology,Copiers,1373.16,1,0.4,554.44
ORD-50923,2023-11-23,2023-11-27,Standard Class,Corporate,Nebraska City,Nebraska,Central,Office Supplies,Labels,1384.16,2,0.0,465.9
ORD-50924,2022-04-25,2022-04-26,Standard Class,Consumer,Louisiana City,Louisiana,South,Furniture,Bookcases,21233.19,9,0.0,-978.96
ORD-50925,2020-03-18,2020-03-24,Second Class,Corporate,Tennessee City,Tennessee,South,Office Supplies,Storage,876.85,6,0.5,218.53
ORD-50926,2020-04-13,2020-04-19,Standard Class,Consumer,Kentucky City,Kentucky,South,Office Supplies,Labels,1098.62,1,0.15,-238.55
ORD-50927,2022-07-27,2022-07-28,Standard Class,Consumer,Missouri City,Missouri,Central,Furniture,Furnishings,13384.94,9,0.0,5822.97
ORD-50928,2020-10-20,2020-10-22,Second Class,Consumer,Tennessee City,Tennessee,South,Technology,Accessories,1869.56,8,0.0,-121.47
ORD-50929,2020-12-08,2020-12-13,First Class,Consumer,Arizona City,Arizona,West,Furniture,Bookcases,7828.34,4,0.0,-8.42
ORD-50930,2024-03-12,2024-03-16,Standard Class,Corporate,Idaho City,Idaho,West,Office Supplies,Fasteners,2823.05,2,0.0,815.06
ORD-50931,2021-08-23,2021-08-28,First Class,Home Office,Montana City,Montana,West,Technology,Accessories,8016.17,6,0.0,898.75
ORD-50932,2024-02-21,2024-02-25,Standard Class,Consumer,Orlando,Florida,South,Office Supplies,Envelopes,12636.94,7,0.0,-1304.06
ORD-50933,2022-11-01,2022-11-05,Second Class,Corporate,Kansas City,Kansas,Central,Office Supplies,Storage,4183.54,2,0.0,184.05
ORD-50934,2022-04-23,2022-04-28,Standard Class,Consumer,Detroit,Michigan,Central,Technology,Machines,5867.08,4,0.4,2259.9
ORD-50935,2021-05-10,2021-05-11,Standard Class,Corporate,Los Angeles,California,West,Technology,Accessories,2082.85,5,0.0,-177.05
ORD-50936,2024-01-17,2024-01-20,Second Class,Home Office,New York City,New York,East,Technology,Phones,4057.06,3,0.1,-387.78
ORD-50937,2022-01-07,2022-01-11,First Class,Home Office,Colorado City,Colorado,West,Technology,Accessories,6507.85,7,0.0,1514.1
ORD-50938,2022-01-18,2022-01-20,Standard Class,Consumer,Virginia City,Virginia,East,Furniture,Chairs,2117.61,1,0.0,-132.95
ORD-50939,2024-02-01,2024-02-07,Standard Class,Consumer,Pittsburgh,Pennsylvania,East,Furniture,Bookcases,15867.99,8,0.2,1750.96
ORD-50940,2020-03-21,2020-03-26,First Class,Corporate,Massachusetts City,Massachusetts,East,Office Supplies,Supplies,4077.25,7,0.0,1664.22
ORD-50941,2023-03-10,2023-03-14,Standard Class,Consumer,Kentucky City,Kentucky,South,Technology,Accessories,685.1,2,0.0,58.85
ORD-50942,2020-10-16,2020-10-20,Second Class,Home Office,Utah City,Utah,West,Technology,Machines,14666.59,9,0.1,3804.49
ORD-50943,2023-11-13,2023-11-14,Standard Class,Consumer,Springfield,Illinois,Central,Furniture,Bookcases,7350.26,3,0.0,181.77
ORD-50944,2021-09-14,2021-09-19,First Class,Corporate,Connecticut City,Connecticut,East,Office Supplies,Binders,5131.06,7,0.0,1429.92
ORD-50945,2021-05-28,2021-05-29,First Class,Consumer,Virginia City,Virginia,East,Technology,Accessories,8833.15,9,0.1,3599.28
ORD-50946,2022-05-05,2022-05-11,Standard Class,Consumer,Wisconsin City,Wisconsin,Central,Technology,Copiers,8479.15,7,0.25,3110.56
ORD-50947,2020-07-23,2020-07-26,Standard Class,Consumer,Albany,New York,East,Furniture,Furnishings,7241.71,8,0.4,-814.7
ORD-50948,2023-04-12,2023-04-16,Standard Class,Consumer,South Carolina City,South Carolina,South,Technology,Accessories,2652.03,2,0.2,-79.79
ORD-50949,2021-01-04,2021-01-09,Second Class,Home Office,Mississippi City,Mississippi,South,Office Supplies,Binders,9328.07,9,0.0,3037.23
ORD-50950,2022-12-27,2023-01-01,Standard Class,Corporate,San Francisco,California,West,Office Supplies,Binders,8227.18,5,0.0,-986.83
ORD-50951,2020-07-24,2020-07-25,Same Day,Home Office,Rhode Island City,Rhode Island,East,Office Supplies,Binders,2053.85,1,0.0,-79.32
ORD-50952,2021-06-23,2021-06-29,Standard Class,Home Office,Missouri City,Missouri,Central,Technology,Accessories,2087.04,3,0.0,297.89
ORD-50953,2024-05-27,2024-06-03,Standard Class,Consumer,Kentucky City,Kentucky,South,Furniture,Furnishings,3349.93,8,0.1,806.23
ORD-50954,2021-05-26,2021-06-02,Standard Class,Home Office,Nevada City,Nevada,West,Furniture,Chairs,10030.85,9,0.2,-2307.44
ORD-50955,2020-12-16,2020-12-23,Standard Class,Corporate,Tennessee City,Tennessee,South,Technology,Accessories,4512.73,3,0.0,-805.63
ORD-50956,2023-09-10,2023-09-12,Same Day,Corporate,Utah City,Utah,West,Technology,Copiers,524.5,3,0.0,77.3
ORD-50957,2022-08-07,2022-08-12,Second Class,Consumer,Delaware City,Delaware,East,Technology,Copiers,5355.15,4,0.0,-536.68
ORD-50958,2023-07-03,2023-07-07,Standard Class,Corporate,Virginia City,Virginia,East,Technology,Machines,942.14,3,0.0,373.04
ORD-50959,2020-05-13,2020-05-17,Standard Class,Consumer,North Carolina City,North Carolina,South,Office Supplies,Supplies,6240.53,5,0.0,-1802.85
ORD-50960,2024-02-26,2024-02-28,Standard Class,Consumer,Virginia City,Virginia,East,Technology,Accessories,2421.7,5,0.0,-167.72
ORD-50961,2021-03-06,2021-03-12,Standard Class,Consumer,Louisiana City,Louisiana,South,Technology,Copiers,925.29,3,0.5,-95.37
ORD-50962,2022-02-16,2022-02-23,Standard Class,Consumer,Louisiana City,Louisiana,South,Furniture,Bookcases,5750.55,3,0.0,-516.97
ORD-50963,2020-03-09,2020-03-16,Second Class,Consumer,Mississippi City,Mississippi,South,Office Supplies,Binders,3848.14,5,0.2,1663.85
ORD-50964,2023-10-04,2023-10-08,Same Day,Home Office,Kentucky City,Kentucky,South,Furniture,Bookcases,9762.97,9,0.4,3228.54
ORD-50965,2021-01-31,2021-02-06,Standard Class,Corporate,Cleveland,Ohio,Central,Technology,Machines,6050.22,6,0.3,2158.64
ORD-50966,2020-05-28,2020-05-31,Standard Class,Corporate,Virginia City,Virginia,East,Furniture,Furnishings,296.23,2,0.15,-52.27
ORD-50967,2021-05-27,2021-05-28,First Class,Corporate,Arizona City,Arizona,West,Furniture,Tables,9672.89,8,0.2,3972.18
ORD-50968,2022-10-25,2022-10-27,Standard Class,Consumer,Cleveland,Ohio,Central,Technology,Accessories,898.71,6,0.25,-149.47
ORD-50969,2023-12-11,2023-12-14,Standard Class,Consumer,Delaware City,Delaware,East,Technology,Copiers,1786.7,5,0.0,311.79
ORD-50970,2021-10-05,2021-10-10,First Class,Consumer,Minnesota City,Minnesota,Central,Office Supplies,Labels,3564.63,3,0.0,1599.86
ORD-50971,2021-01-02,2021-01-05,Standard Class,Home Office,Miami,Florida,South,Furniture,Tables,2192.91,1,0.0,502.22
ORD-50972,2022-07-23,2022-07-26,Standard Class,Consumer,Minnesota City,Minnesota,Central,Office Supplies,Paper,14220.83,8,0.0,1121.64
ORD-50973,2024-09-07,2024-09-14,Standard Class,Corporate,Spokane,Washington,West,Furniture,Furnishings,1115.28,8,0.0,137.29
ORD-50974,2024-07-30,2024-08-06,Second Class,Consumer,Seattle,Washington,West,Technology,Phones,8097.51,7,0.25,3112.39
ORD-50975,2024-11-24,2024-11-29,Second Class,Consumer,New Mexico City,New Mexico,West,Office Supplies,Fasteners,1993.5,8,0.0,-585.93
ORD-50976,2020-06-24,2020-06-27,Second Class,Consumer,Utah City,Utah,West,Furniture,Furnishings,745.6,1,0.0,-216.64
ORD-50977,2023-09-30,2023-10-06,Second Class,Consumer,New York City,New York,East,Furniture,Bookcases,13219.75,7,0.0,-3263.25
ORD-50978,2023-03-02,2023-03-09,Second Class,Consumer,Spokane,Washington,West,Office Supplies,Labels,7248.28,9,0.15,-622.96
ORD-50979,2022-09-25,2022-09-28,Second Class,Home Office,Mississippi City,Mississippi,South,Office Supplies,Envelopes,737.25,1,0.0,97.36
ORD-50980,2022-10-26,2022-10-28,Second Class,Consumer,Alabama City,Alabama,South,Office Supplies,Supplies,750.92,4,0.0,113.38
ORD-50981,2021-01-11,2021-01-15,First Class,Consumer,Mississippi City,Mississippi,South,Office Supplies,Envelopes,4309.78,8,0.25,-464.63
ORD-50982,2021-05-12,2021-05-14,Second Class,Home Office,Missouri City,Missouri,Central,Technology,Phones,4515.39,4,0.0,1399.26
ORD-50983,2020-01-16,2020-01-22,Second Class,Home Office,Detroit,Michigan,Central,Furniture,Chairs,315.68,1,0.0,122.69
ORD-50984,2023-09-23,2023-09-28,Second Class,Consumer,South Carolina City,South Carolina,South,Technology,Copiers,12113.45,9,0.2,4535.73
ORD-50985,2023-08-12,2023-08-16,Standard Class,Consumer,San Francisco,California,West,Technology,Machines,614.21,5,0.0,199.0
ORD-50986,2021-09-10,2021-09-17,Standard Class,Consumer,Connecticut City,Connecticut,East,Furniture,Bookcases,1853.75,2,0.4,806.96
ORD-50987,2020-03-18,2020-03-20,Standard Class,Consumer,Missouri City,Missouri,Central,Office Supplies,Labels,2654.94,2,0.1,445.58
ORD-50988,2021-04-09,2021-04-15,Standard Class,Corporate,Arizona City,Arizona,West,Office Supplies,Envelopes,4569.66,7,0.2,-395.47
ORD-50989,2022-12-17,2022-12-23,Standard Class,Corporate,Philadelphia,Pennsylvania,East,Furniture,Chairs,580.04,1,0.0,101.9
ORD-50990,2022-09-05,2022-09-09,Standard Class,Corporate,Montana City,Montana,West,Technology,Machines,1759.4,2,0.0,-7.93
ORD-50991,2021-06-14,2021-06-21,Second Class,Home Office,Utah City,Utah,West,Office Supplies,Binders,1709.59,2,0.0,314.49
ORD-50992,2023-09-26,2023-09-28,First Class,Corporate,Dallas,Texas,Central,Office Supplies,Binders,875.68,5,0.1,203.53
ORD-50993,2024-09-18,2024-09-25,Standard Class,Consumer,Buffalo,New York,East,Office Supplies,Art,538.9,2,0.0,116.15
ORD-50994,2023-08-02,2023-08-04,Standard Class,Consumer,Massachusetts City,Massachusetts,East,Office Supplies,Binders,14297.89,6,0.0,-4137.07
ORD-50995,2022-10-10,2022-10-14,Standard Class,Consumer,Peoria,Illinois,Central,Office Supplies,Art,3961.29,2,0.0,1007.13
ORD-50996,2021-01-12,2021-01-17,Standard Class,Consumer,Minnesota City,Minnesota,Central,Furniture,Bookcases,5545.22,9,0.0,1613.41
ORD-50997,2022-03-28,2022-04-01,Standard Class,Corporate,Harrisburg,Pennsylvania,East,Furniture,Chairs,3782.45,8,0.1,-436.1
ORD-50998,2022-04-28,2022-05-03,Second Class,Home Office,Louisiana City,Louisiana,South,Technology,Copiers,14791.1,9,0.3,255.98
ORD-50999,2023-12-10,2023-12-13,First Class,Consumer,Virginia City,Virginia,East,Furniture,Chairs,1076.42,1,0.0,-11.73
ORD-51000,2024-04-29,2024-05-06,Standard Class,Consumer,Nevada City,Nevada,West,Office Supplies,Fasteners,12030.07,6,0.0,340.85
ORD-51001,2021-11-14,2021-11-21,Standard Class,Consumer,Virginia City,Virginia,East,Furniture,Furnishings,10787.67,8,0.2,4750.63
ORD-51002,2020-03-16,2020-03-22,Standard Class,Consumer,Missouri City,Missouri,Central,Furniture,Bookcases,14018.23,8,0.0,5729.4
ORD-51003,2022-11-10,2022-11-11,Standard Class,Corporate,Louisiana City,Louisiana,South,Office Supplies,Storage,6006.94,9,0.0,-1270.22
ORD-51004,2021-08-17,2021-08-22,Second Class,Consumer,Buffalo,New York,East,Furniture,Bookcases,4277.0,4,0.0,1758.02
ORD-51005,2020-12-02,2020-12-06,Standard Class,Consumer,Maryland City,Maryland,East,Office Supplies,Fasteners,6157.12,3,0.0,-528.63
ORD-51006,2021-06-30,2021-07-06,Second Class,Consumer,Virginia City,Virginia,East,Furniture,Tables,4039.51,5,0.0,1515.53
ORD-51007,2021-05-09,2021-05-10,Standard Class,Consumer,Tennessee City,Tennessee,South,Technology,Copiers,8149.3,8,0.2,-329.39
ORD-51008,2024-04-02,2024-04-08,First Class,Corporate,Buffalo,New York,East,Office Supplies,Supplies,5244.17,8,0.0,310.69
ORD-51009,2024-12-21,2024-12-24,First Class,Consumer,Connecticut City,Connecticut,East,Technology,Machines,585.85,2,0.15,-61.24
ORD-51010,2022-12-19,2022-12-23,Standard Class,Consumer,Nebraska City,Nebraska,Central,Furniture,Tables,7965.27,5,0.15,1222.35
ORD-51011,2022-02-05,2022-02-11,Standard Class,Consumer,Nevada City,Nevada,West,Furniture,Bookcases,15349.98,9,0.2,2986.1
ORD-51012,2023-05-07,2023-05-11,Standard Class,Corporate,Alabama City,Alabama,South,Office Supplies,Fasteners,713.0,3,0.15,93.69
ORD-51013,2023-07-19,2023-07-20,Standard Class,Home Office,Virginia City,Virginia,East,Office Supplies,Labels,14579.98,7,0.1,2811.0
ORD-51014,2020-05-13,2020-05-18,Same Day,Corporate,Tacoma,Washington,West,Technology,Machines,741.37,2,0.2,-71.53
ORD-51015,2023-08-12,2023-08-18,Same Day,Consumer,Iowa City,Iowa,Central,Technology,Copiers,4027.15,4,0.0,-21.79
ORD-51016,2022-07-04,2022-07-05,Standard Class,Corporate,New Jersey City,New Jersey,East,Furniture,Chairs,539.73,1,0.0,-59.56
ORD-51017,2020-11-11,2020-11-12,First Class,Corporate,Chicago,Illinois,Central,Furniture,Tables,1491.64,3,0.4,430.58
ORD-51018,2024-12-21,2024-12-23,Standard Class,Consumer,Delaware City,Delaware,East,Office Supplies,Labels,2609.49,4,0.0,-274.87
ORD-51019,2024-10-05,2024-10-06,Standard Class,Corporate,Augusta,Georgia,South,Office Supplies,Envelopes,3682.23,4,0.0,888.03
ORD-51020,2023-12-29,2023-12-31,Standard Class,Home Office,Minnesota City,Minnesota,Central,Technology,Copiers,903.64,1,0.1,6.33
ORD-51021,2022-01-19,2022-01-24,First Class,Consumer,Los Angeles,California,West,Office Supplies,Labels,3742.26,6,0.0,1674.05
ORD-51022,2024-05-17,2024-05-21,Second Class,Home Office,New Mexico City,New Mexico,West,Office Supplies,Art,18367.09,9,0.0,2632.4
ORD-51023,2021-10-13,2021-10-20,First Class,Corporate,Maryland City,Maryland,East,Furniture,Tables,11873.62,5,0.0,1429.64
ORD-51024,2022-07-17,2022-07-18,Second Class,Home Office,Wisconsin City,Wisconsin,Central,Office Supplies,Envelopes,17122.97,7,0.0,357.32
ORD-51025,2022-05-09,2022-05-11,Standard Class,Consumer,Louisiana City,Louisiana,South,Furniture,Chairs,4016.75,6,0.0,-937.12
ORD-51026,2020-06-06,2020-06-07,First Class,Corporate,Nebraska City,Nebraska,Central,Technology,Phones,5087.64,6,0.4,-1316.79
ORD-51027,2024-05-02,2024-05-09,Standard Class,Consumer,Mississippi City,Mississippi,South,Technology,Machines,3282.38,8,0.2,785.08
ORD-51028,2024-12-22,2024-12-26,First Class,Corporate,Tennessee City,Tennessee,South,Furniture,Tables,16746.17,9,0.0,-3155.13
ORD-51029,2022-01-31,2022-02-01,Standard Class,Consumer,Nebraska City,Nebraska,Central,Furniture,Furnishings,1735.04,4,0.0,-496.65
ORD-51030,2022-09-20,2022-09-26,Standard Class,Consumer,Alabama City,Alabama,South,Technology,Accessories,1083.78,2,0.0,116.41
ORD-51031,2022-05-08,2022-05-11,Standard Class,Corporate,Iowa City,Iowa,Central,Furniture,Chairs,1298.57,1,0.2,480.59
ORD-51032,2021-03-19,2021-03-26,Standard Class,Home Office,Miami,Florida,South,Technology,Machines,15961.18,9,0.1,5680.25
ORD-51033,2023-02-13,2023-02-18,Standard Class,Consumer,San Antonio,Texas,Central,Furniture,Furnishings,3224.75,5,0.0,1242.34
ORD-51034,2022-12-06,2022-12-08,Standard Class,Corporate,Philadelphia,Pennsylvania,East,Technology,Accessories,1712.03,4,0.0,415.03
ORD-51035,2020-12-03,2020-12-04,Second Class,Home Office,Nevada City,Nevada,West,Furniture,Furnishings,17166.81,8,0.0,2130.27
ORD-51036,2021-09-17,2021-09-20,Standard Class,Consumer,Springfield,Illinois,Central,Office Supplies,Envelopes,12385.05,7,0.15,4114.47
ORD-51037,2022-06-13,2022-06-20,Standard Class,Consumer,Virginia City,Virginia,East,Office Supplies,Envelopes,10185.3,7,0.0,3894.53
ORD-51038,2024-05-01,2024-05-07,Standard Class,Consumer,Utah City,Utah,West,Technology,Machines,1464.84,1,0.0,460.04
ORD-51039,2022-04-04,2022-04-09,Standard Class,Corporate,Miami,Florida,South,Office Supplies,Supplies,6888.17,4,0.0,2657.69
ORD-51040,2023-01-11,2023-01-15,Standard Class,Consumer,Oregon City,Oregon,West,Technology,Accessories,10319.29,6,0.1,4084.97
ORD-51041,2021-07-21,2021-07-27,Standard Class,Consumer,Tacoma,Washington,West,Technology,Copiers,11595.12,8,0.4,1666.21
ORD-51042,2024-06-10,2024-06-14,Second Class,Home Office,Tacoma,Washington,West,Technology,Machines,15169.52,9,0.0,6548.33
ORD-51043,2024-10-13,2024-10-19,First Class,Consumer,Buffalo,New York,East,Technology,Copiers,1305.28,1,0.0,-171.42
ORD-51044,2022-06-11,2022-06-14,Standard Class,Consumer,Delaware City,Delaware,East,Technology,Copiers,11608.01,9,0.2,524.16
ORD-51045,2023-08-06,2023-08-08,Standard Class,Corporate,Wisconsin City,Wisconsin,Central,Furniture,Furnishings,2717.89,2,0.3,279.11
ORD-51046,2021-12-19,2021-12-24,Second Class,Consumer,Maryland City,Maryland,East,Furniture,Tables,6831.22,4,0.0,2531.25
ORD-51047,2020-05-11,2020-05-17,Standard Class,Consumer,Nevada City,Nevada,West,Office Supplies,Labels,2629.96,2,0.0,-676.87
ORD-51048,2020-09-27,2020-10-04,Standard Class,Corporate,Peoria,Illinois,Central,Furniture,Furnishings,1536.59,1,0.0,411.76
ORD-51049,2022-05-25,2022-05-26,Same Day,Consumer,Iowa City,Iowa,Central,Technology,Machines,2414.12,1,0.0,-237.58
ORD-51050,2021-02-10,2021-02-11,Standard Class,Consumer,New Jersey City,New Jersey,East,Technology,Accessories,4856.11,4,0.0,1002.26
ORD-51051,2022-05-04,2022-05-11,Standard Class,Consumer,Buffalo,New York,East,Furniture,Chairs,1569.92,7,0.1,408.58
ORD-51052,2022-03-17,2022-03-23,Second Class,Consumer,Nevada City,Nevada,West,Technology,Accessories,1256.49,8,0.2,-362.28
ORD-51053,2023-10-30,2023-11-03,Standard Class,Consumer,Wisconsin City,Wisconsin,Central,Office Supplies,Supplies,11014.38,9,0.0,2057.69
ORD-51054,2020-05-15,2020-05-22,First Class,Consumer,Kentucky City,Kentucky,South,Technology,Accessories,3178.38,4,0.15,915.2
ORD-51055,2024-04-02,2024-04-09,Standard Class,Consumer,Idaho City,Idaho,West,Furniture,Furnishings,2845.35,4,0.0,296.14
ORD-51056,2024-06-22,2024-06-26,First Class,Consumer,Alabama City,Alabama,South,Technology,Phones,6218.18,3,0.0,2404.0
ORD-51057,2022-10-28,2022-11-03,Standard Class,Consumer,Sacramento,California,West,Technology,Phones,608.96,9,0.0,-71.97
ORD-51058,2023-11-02,2023-11-05,Second Class,Corporate,Oregon City,Oregon,West,Furniture,Bookcases,5469.21,3,0.0,568.46
ORD-51059,2022-03-29,2022-04-05,First Class,Consumer,Wisconsin City,Wisconsin,Central,Office Supplies,Supplies,3949.58,9,0.0,-1120.75
ORD-51060,2024-03-04,2024-03-09,Second Class,Corporate,Cleveland,Ohio,Central,Furniture,Bookcases,1246.85,2,0.0,-213.12
ORD-51061,2023-04-07,2023-04-10,Second Class,Consumer,North Carolina City,North Carolina,South,Office Supplies,Supplies,9124.78,5,0.0,3087.88
ORD-51062,2020-03-02,2020-03-09,Second Class,Home Office,Idaho City,Idaho,West,Technology,Accessories,5052.88,4,0.0,-1170.08
ORD-51063,2024-09-04,2024-09-10,Second Class,Home Office,New Mexico City,New Mexico,West,Technology,Phones,952.29,1,0.2,-147.32
ORD-51064,2020-06-23,2020-06-26,Standard Class,Corporate,Tennessee City,Tennessee,South,Furniture,Chairs,7266.59,3,0.0,103.96
ORD-51065,2020-04-16,2020-04-20,Second Class,Consumer,Wisconsin City,Wisconsin,Central,Office Supplies,Envelopes,11539.64,9,0.0,3352.2
ORD-51066,2024-12-20,2024-12-25,First Class,Consumer,Kansas City,Kansas,Central,Office Supplies,Binders,20765.27,9,0.0,2926.12
ORD-51067,2022-04-18,2022-04-19,Second Class,Corporate,Maryland City,Maryland,East,Technology,Phones,9266.51,4,0.0,494.02
ORD-51068,2023-05-28,2023-05-31,Standard Class,Consumer,Nebraska City,Nebraska,Central,Office Supplies,Art,12242.33,5,0.0,-3294.25
ORD-51069,2021-05-16,2021-05-20,Standard Class,Corporate,Arizona City,Arizona,West,Furniture,Tables,12213.74,7,0.3,3929.13
ORD-51070,2021-10-31,2021-11-06,Standard Class,Consumer,Houston,Texas,Central,Furniture,Tables,5908.94,6,0.25,784.6
ORD-51071,2020-01-28,2020-02-01,Standard Class,Home Office,Philadelphia,Pennsylvania,East,Technology,Copiers,16931.05,8,0.0,-406.53
ORD-51072,2023-12-22,2023-12-29,First Class,Home Office,Philadelphia,Pennsylvania,East,Office Supplies,Paper,1568.12,2,0.0,650.89
ORD-51073,2023-02-05,2023-02-10,Second Class,Consumer,Missouri City,Missouri,Central,Technology,Machines,2347.98,6,0.2,-257.46
ORD-51074,2020-12-11,2020-12-12,Standard Class,Consumer,Orlando,Florida,South,Office Supplies,Art,6180.01,5,0.0,989.32
ORD-51075,2021-09-11,2021-09-18,First Class,Consumer,Iowa City,Iowa,Central,Office Supplies,Binders,9982.88,4,0.0,18.31
ORD-51076,2022-04-11,2022-04-12,Standard Class,Corporate,Rhode Island City,Rhode Island,East,Office Supplies,Paper,9823.27,8,0.0,645.38
ORD-51077,2021-05-22,2021-05-23,Standard Class,Home Office,Tampa,Florida,South,Technology,Accessories,15749.31,8,0.0,2761.39
ORD-51078,2023-03-30,2023-03-31,Standard Class,Corporate,Delaware City,Delaware,East,Technology,Copiers,4513.87,4,0.0,698.47
ORD-51079,2022-03-21,2022-03-28,Second Class,Consumer,Orlando,Florida,South,Furniture,Bookcases,469.66,4,0.2,132.75
ORD-51080,2020-01-15,2020-01-18,First Class,Consumer,Grand Rapids,Michigan,Central,Office Supplies,Paper,1386.24,5,0.25,512.81
ORD-51081,2024-05-26,2024-05-30,Standard Class,Corporate,Wisconsin City,Wisconsin,Central,Furniture,Chairs,16808.18,9,0.0,294.06
ORD-51082,2021-05-18,2021-05-21,Standard Class,Consumer,Kentucky City,Kentucky,South,Furniture,Tables,4865.7,2,0.0,695.51
ORD-51083,2024-04-04,2024-04-09,Standard Class,Corporate,Delaware City,Delaware,East,Technology,Phones,5858.69,8,0.0,675.98
ORD-51084,2021-01-24,2021-01-27,Standard Class,Corporate,Mississippi City,Mississippi,South,Technology,Copiers,4828.93,5,0.2,1595.18
ORD-51085,2024-10-29,2024-11-01,Standard Class,Home Office,Louisiana City,Louisiana,South,Office Supplies,Art,2897.66,2,0.1,724.69
ORD-51086,2024-09-20,2024-09-22,Second Class,Consumer,Colorado City,Colorado,West,Office Supplies,Storage,4269.33,2,0.0,-431.77
ORD-51087,2023-03-15,2023-03-19,Same Day,Consumer,Montana City,Montana,West,Office Supplies,Paper,18809.09,9,0.0,-1555.45
ORD-51088,2021-10-10,2021-10-17,Standard Class,Consumer,Massachusetts City,Massachusetts,East,Furniture,Tables,11882.23,9,0.0,1071.3
ORD-51089,2022-04-18,2022-04-21,Standard Class,Consumer,Colorado City,Colorado,West,Technology,Machines,10344.01,8,0.1,-1486.74
ORD-51090,2022-03-05,2022-03-09,Second Class,Consumer,Vermont City,Vermont,East,Furniture,Tables,11145.15,7,0.15,-1297.38
ORD-51091,2021-07-07,2021-07-12,Standard Class,Home Office,Albany,New York,East,Office Supplies,Supplies,2007.99,4,0.2,301.41
ORD-51092,2020-10-05,2020-10-08,Second Class,Consumer,New Mexico City,New Mexico,West,Office Supplies,Envelopes,2804.1,6,0.15,-172.43
ORD-51093,2021-12-20,2021-12-27,Standard Class,Home Office,Arkansas City,Arkansas,South,Furniture,Chairs,317.14,1,0.0,10.11
ORD-51094,2021-12-10,2021-12-14,Standard Class,Corporate,Los Angeles,California,West,Furniture,Furnishings,7062.08,6,0.5,-1643.98
ORD-51095,2022-10-09,2022-10-15,Standard Class,Consumer,Springfield,Illinois,Central,Technology,Accessories,8436.44,6,0.25,-11.67
ORD-51096,2023-03-15,2023-03-16,Second Class,Consumer,Minnesota City,Minnesota,Central,Furniture,Chairs,8206.01,4,0.0,-547.01
ORD-51097,2024-11-16,2024-11-19,Standard Class,Corporate,Virginia City,Virginia,East,Technology,Copiers,4387.77,4,0.0,-897.43
ORD-51098,2022-03-11,2022-03-15,Standard Class,Corporate,Colorado City,Colorado,West,Technology,Copiers,4062.17,8,0.4,-941.37
ORD-51099,2023-11-17,2023-11-24,Standard Class,Corporate,Massachusetts City,Massachusetts,East,Furniture,Chairs,4644.75,2,0.0,208.49
ORD-51100,2024-07-13,2024-07-17,First Class,Home Office,Delaware City,Delaware,East,Furniture,Furnishings,1326.08,4,0.0,-21.04
ORD-51101,2020-10-19,2020-10-21,Standard Class,Corporate,Arkansas City,Arkansas,South,Office Supplies,Paper,1950.57,3,0.2,-381.05
ORD-51102,2023-05-09,2023-05-15,Standard Class,Consumer,New Jersey City,New Jersey,East,Technology,Phones,3048.43,4,0.1,-784.88
ORD-51103,2023-09-18,2023-09-20,Standard Class,Corporate,Mississippi City,Mississippi,South,Office Supplies,Paper,2709.41,6,0.15,952.54
ORD-51104,2020-04-01,2020-04-05,Standard Class,Corporate,Lansing,Michigan,Central,Furniture,Chairs,2169.07,4,0.0,-369.63
ORD-51105,2021-12-24,2021-12-31,Standard Class,Corporate,Louisiana City,Louisiana,South,Office Supplies,Supplies,4613.25,6,0.0,-663.18
ORD-51106,2020-04-10,2020-04-15,Second Class,Corporate,Delaware City,Delaware,East,Office Supplies,Fasteners,19090.88,9,0.0,5084.29
ORD-51107,2024-03-16,2024-03-17,Same Day,Consumer,Cincinnati,Ohio,Central,Technology,Phones,986.27,2,0.1,51.99
ORD-51108,2024-07-16,2024-07-18,First Class,Home Office,Springfield,Illinois,Central,Furniture,Bookcases,7146.58,5,0.0,-1174.8
ORD-51109,2023-10-01,2023-10-03,Standard Class,Corporate,New Mexico City,New Mexico,West,Office Supplies,Envelopes,3972.4,2,0.1,67.59
ORD-51110,2020-08-27,2020-08-28,Standard Class,Consumer,New Mexico City,New Mexico,West,Office Supplies,Paper,2093.66,4,0.0,547.33
ORD-51111,2020-10-22,2020-10-29,Second Class,Corporate,North Carolina City,North Carolina,South,Technology,Machines,363.65,7,0.0,143.09
ORD-51112,2023-12-23,2023-12-25,Standard Class,Consumer,Alabama City,Alabama,South,Office Supplies,Labels,2975.83,2,0.4,-461.96
ORD-51113,2022-01-01,2022-01-08,Second Class,Home Office,Nevada City,Nevada,West,Furniture,Furnishings,3744.86,4,0.0,-657.93
ORD-51114,2024-10-28,2024-10-29,Standard Class,Consumer,Nevada City,Nevada,West,Technology,Copiers,11574.83,7,0.0,4689.33
ORD-51115,2023-05-14,2023-05-15,Standard Class,Consumer,Rhode Island City,Rhode Island,East,Office Supplies,Supplies,76.89,2,0.1,-9.74
ORD-51116,2021-03-20,2021-03-24,Second Class,Home Office,Cleveland,Ohio,Central,Office Supplies,Storage,1318.26,1,0.0,-35.44
ORD-51117,2022-02-19,2022-02-22,Standard Class,Consumer,Springfield,Illinois,Central,Technology,Accessories,4951.26,4,0.0,1307.59
ORD-51118,2020-12-24,2020-12-25,Standard Class,Home Office,Kentucky City,Kentucky,South,Technology,Accessories,2393.32,4,0.1,-441.43
ORD-51119,2021-07-18,2021-07-23,Second Class,Corporate,Vermont City,Vermont,East,Furniture,Chairs,334.87,5,0.5,85.33
ORD-51120,2020-06-02,2020-06-04,Second Class,Consumer,Lansing,Michigan,Central,Furniture,Chairs,6064.25,6,0.15,-1809.34
ORD-51121,2024-04-04,2024-04-09,Standard Class,Corporate,Utah City,Utah,West,Technology,Copiers,2484.36,2,0.0,963.27
ORD-51122,2023-01-01,2023-01-05,First Class,Corporate,Montana City,Montana,West,Office Supplies,Binders,19431.27,9,0.0,6111.14
ORD-51123,2023-04-20,2023-04-27,Standard Class,Corporate,Los Angeles,California,West,Office Supplies,Paper,10515.2,6,0.0,3448.25
ORD-51124,2024-04-15,2024-04-19,Standard Class,Corporate,Mississippi City,Mississippi,South,Technology,Copiers,2288.6,3,0.0,419.44
ORD-51125,2024-01-02,2024-01-05,Second Class,Home Office,Rhode Island City,Rhode Island,East,Technology,Copiers,2012.07,5,0.0,44.89
ORD-51126,2020-05-01,2020-05-02,Second Class,Home Office,New Jersey City,New Jersey,East,Office Supplies,Storage,5091.94,4,0.0,-823.94
ORD-51127,2021-02-02,2021-02-05,Same Day,Consumer,Connecticut City,Connecticut,East,Technology,Accessories,12412.31,9,0.0,4560.88
ORD-51128,2024-07-08,2024-07-13,Standard Class,Home Office,Cleveland,Ohio,Central,Furniture,Furnishings,13484.88,7,0.1,2781.73
ORD-51129,2022-01-13,2022-01-18,Standard Class,Corporate,Seattle,Washington,West,Furniture,Tables,1188.85,1,0.15,98.79
ORD-51130,2022-09-11,2022-09-12,Standard Class,Consumer,Utah City,Utah,West,Office Supplies,Supplies,4089.33,2,0.0,1084.2
ORD-51131,2024-03-14,2024-03-15,Same Day,Corporate,Delaware City,Delaware,East,Office Supplies,Binders,9323.39,5,0.0,347.71
ORD-51132,2021-05-13,2021-05-15,Standard Class,Home Office,North Carolina City,North Carolina,South,Office Supplies,Labels,3909.67,4,0.0,863.67
ORD-51133,2024-03-09,2024-03-14,Standard Class,Corporate,Idaho City,Idaho,West,Furniture,Tables,5193.93,3,0.0,826.65
ORD-51134,2024-12-15,2024-12-22,Standard Class,Consumer,Kansas City,Kansas,Central,Furniture,Tables,11639.18,9,0.0,3423.4
ORD-51135,2020-12-25,2020-12-30,First Class,Consumer,Alabama City,Alabama,South,Furniture,Chairs,4692.41,8,0.0,-514.13
ORD-51136,2023-03-11,2023-03-18,Second Class,Corporate,Spokane,Washington,West,Technology,Machines,2986.73,2,0.0,181.49
ORD-51137,2020-08-17,2020-08-20,First Class,Consumer,Orlando,Florida,South,Technology,Copiers,15127.72,7,0.0,2094.68
ORD-51138,2022-01-21,2022-01-23,Standard Class,Corporate,Louisiana City,Louisiana,South,Office Supplies,Envelopes,100.63,5,0.1,-6.71
ORD-51139,2021-02-22,2021-02-24,Standard Class,Consumer,Buffalo,New York,East,Technology,Copiers,22492.69,9,0.0,-6197.45
ORD-51140,2022-07-18,2022-07-22,Second Class,Consumer,San Diego,California,West,Furniture,Tables,4980.23,5,0.0,-172.17
ORD-51141,2021-06-23,2021-06-25,Standard Class,Consumer,Vermont City,Vermont,East,Office Supplies,Labels,2947.88,3,0.0,1155.6
ORD-51142,2022-07-12,2022-07-18,Standard Class,Home Office,Delaware City,Delaware,East,Office Supplies,Labels,15625.3,9,0.0,-1169.26
ORD-51143,2023-12-03,2023-12-08,First Class,Corporate,Delaware City,Delaware,East,Technology,Copiers,1137.24,8,0.25,68.46
ORD-51144,2023-01-11,2023-01-18,Standard Class,Corporate,Wisconsin City,Wisconsin,Central,Technology,Copiers,1339.58,1,0.0,-85.61
ORD-51145,2021-01-21,2021-01-23,Standard Class,Home Office,New Mexico City,New Mexico,West,Technology,Copiers,3867.09,6,0.5,-424.41
ORD-51146,2023-10-07,2023-10-09,Standard Class,Corporate,Connecticut City,Connecticut,East,Technology,Accessories,15680.42,7,0.0,5960.98
ORD-51147,2020-07-11,2020-07-18,Standard Class,Corporate,North Carolina City,North Carolina,South,Furniture,Chairs,6241.05,3,0.0,-978.52
ORD-51148,2023-09-27,2023-10-03,Standard Class,Home Office,New Mexico City,New Mexico,West,Office Supplies,Envelopes,13869.05,6,0.0,3075.19
ORD-51149,2022-06-07,2022-06-11,Standard Class,Consumer,Idaho City,Idaho,West,Furniture,Tables,13159.83,8,0.15,3449.0
ORD-51150,2023-11-06,2023-11-10,Standard Class,Home Office,Miami,Florida,South,Office Supplies,Supplies,1156.71,2,0.1,307.96
ORD-51151,2021-06-10,2021-06-12,Standard Class,Consumer,Minnesota City,Minnesota,Central,Furniture,Tables,1528.98,7,0.0,151.77
ORD-51152,2024-12-10,2024-12-17,Standard Class,Consumer,South Carolina City,South Carolina,South,Technology,Accessories,7875.15,9,0.15,-1081.2
ORD-51153,2023-07-12,2023-07-17,Second Class,Consumer,Oregon City,Oregon,West,Furniture,Bookcases,6726.52,8,0.15,-1487.02
ORD-51154,2024-10-05,2024-10-10,Standard Class,Corporate,Idaho City,Idaho,West,Furniture,Chairs,972.59,3,0.4,137.52
ORD-51155,2021-06-01,2021-06-08,Standard Class,Home Office,Lansing,Michigan,Central,Office Supplies,Supplies,5517.9,3,0.0,-1555.58
ORD-51156,2022-08-22,2022-08-26,Standard Class,Consumer,Albany,New York,East,Office Supplies,Paper,19740.28,9,0.0,5238.13
ORD-51157,2024-04-05,2024-04-09,Standard Class,Consumer,Iowa City,Iowa,Central,Furniture,Bookcases,8895.51,5,0.2,-5.73
ORD-51158,2023-09-16,2023-09-19,Same Day,Home Office,Massachusetts City,Massachusetts,East,Furniture,Tables,9404.81,4,0.0,-1015.83
ORD-51159,2023-03-20,2023-03-24,Standard Class,Corporate,Delaware City,Delaware,East,Office Supplies,Fasteners,9660.7,5,0.0,-1830.56
ORD-51160,2023-07-19,2023-07-23,Second Class,Corporate,Grand Rapids,Michigan,Central,Technology,Copiers,2621.66,3,0.2,-177.28
ORD-51161,2022-02-21,2022-02-27,First Class,Consumer,Seattle,Washington,West,Furniture,Furnishings,15264.69,8,0.0,2064.54
ORD-51162,2021-03-17,2021-03-24,Second Class,Corporate,Missouri City,Missouri,Central,Technology,Machines,2152.76,4,0.0,-193.66
ORD-51163,2022-08-26,2022-08-30,First Class,Corporate,Arkansas City,Arkansas,South,Technology,Accessories,11726.61,8,0.0,-1428.18
ORD-51164,2021-03-21,2021-03-25,Standard Class,Corporate,Mississippi City,Mississippi,South,Office Supplies,Fasteners,1369.97,8,0.0,-138.52
ORD-51165,2021-11-17,2021-11-19,Standard Class,Consumer,South Carolina City,South Carolina,South,Technology,Phones,835.74,1,0.15,314.44
ORD-51166,2021-02-15,2021-02-21,Standard Class,Consumer,Utah City,Utah,West,Technology,Machines,3560.63,2,0.0,1161.29
ORD-51167,2023-05-31,2023-06-03,Standard Class,Consumer,Houston,Texas,Central,Furniture,Tables,4961.68,7,0.3,50.23
ORD-51168,2022-03-07,2022-03-14,Standard Class,Home Office,Vermont City,Vermont,East,Furniture,Furnishings,1793.69,1,0.1,584.75
ORD-51169,2023-07-14,2023-07-20,Standard Class,Corporate,Lansing,Michigan,Central,Technology,Phones,2128.24,3,0.0,300.57
ORD-51170,2022-12-02,2022-12-07,Standard Class,Corporate,North Carolina City,North Carolina,South,Technology,Phones,5474.0,6,0.0,2344.14
ORD-51171,2023-11-07,2023-11-13,Standard Class,Consumer,Missouri City,Missouri,Central,Furniture,Furnishings,8320.51,9,0.0,-2283.7
ORD-51172,2022-11-25,2022-12-02,Standard Class,Consumer,Tampa,Florida,South,Technology,Copiers,2459.31,5,0.4,-249.94
ORD-51173,2022-07-11,2022-07-16,Standard Class,Consumer,New Mexico City,New Mexico,West,Technology,Machines,318.4,3,0.15,-79.01
ORD-51174,2021-12-01,2021-12-03,Standard Class,Home Office,Virginia City,Virginia,East,Office Supplies,Art,3087.18,2,0.0,711.1
ORD-51175,2022-03-21,2022-03-23,Standard Class,Corporate,Connecticut City,Connecticut,East,Furniture,Tables,308.38,9,0.2,-21.1
ORD-51176,2024-03-01,2024-03-04,Standard Class,Consumer,Buffalo,New York,East,Office Supplies,Supplies,142.06,1,0.0,32.87
ORD-51177,2023-02-03,2023-02-06,Same Day,Consumer,Wisconsin City,Wisconsin,Central,Technology,Phones,1757.09,1,0.1,-354.96
ORD-51178,2021-12-04,2021-12-09,Standard Class,Corporate,Sacramento,California,West,Office Supplies,Paper,5314.74,3,0.0,-1137.46
ORD-51179,2023-12-07,2023-12-11,Second Class,Consumer,Massachusetts City,Massachusetts,East,Technology,Phones,848.41,2,0.0,-154.23
ORD-51180,2021-06-11,2021-06-15,First Class,Consumer,Vermont City,Vermont,East,Office Supplies,Supplies,3723.96,3,0.0,1235.83
ORD-51181,2024-11-30,2024-12-07,Second Class,Consumer,Minnesota City,Minnesota,Central,Furniture,Chairs,14008.23,7,0.0,5485.2
ORD-51182,2024-06-05,2024-06-09,Second Class,Corporate,Idaho City,Idaho,West,Office Supplies,Binders,2535.11,3,0.1,37.4
ORD-51183,2022-03-16,2022-03-18,First Class,Consumer,Miami,Florida,South,Furniture,Tables,4364.76,4,0.0,1127.1
ORD-51184,2021-01-28,2021-01-30,Standard Class,Consumer,Cleveland,Ohio,Central,Office Supplies,Binders,1815.89,1,0.0,-484.3
ORD-51185,2021-05-07,2021-05-12,Standard Class,Consumer,Augusta,Georgia,South,Furniture,Furnishings,9465.32,7,0.15,2044.4
ORD-51186,2024-04-02,2024-04-03,Standard Class,Consumer,Kentucky City,Kentucky,South,Furniture,Bookcases,10506.62,5,0.0,699.0
ORD-51187,2022-07-10,2022-07-14,Standard Class,Consumer,Wisconsin City,Wisconsin,Central,Furniture,Furnishings,2059.57,1,0.0,-146.16
ORD-51188,2023-09-26,2023-09-29,Second Class,Corporate,Montana City,Montana,West,Technology,Copiers,2381.0,4,0.1,-572.13
ORD-51189,2024-09-21,2024-09-25,Standard Class,Consumer,Miami,Florida,South,Technology,Machines,2023.3,2,0.5,356.36
ORD-51190,2022-10-07,2022-10-12,Standard Class,Consumer,Savannah,Georgia,South,Furniture,Furnishings,7156.05,8,0.2,2662.2
ORD-51191,2024-12-25,2024-12-27,Second Class,Home Office,Iowa City,Iowa,Central,Technology,Copiers,385.26,5,0.0,71.69
ORD-51192,2022-01-04,2022-01-05,Standard Class,Home Office,Tennessee City,Tennessee,South,Office Supplies,Art,1950.76,9,0.0,-176.57
ORD-51193,2023-01-08,2023-01-14,First Class,Corporate,Los Angeles,California,West,Technology,Phones,481.8,3,0.0,152.77
ORD-51194,2021-09-05,2021-09-10,First Class,Corporate,Mississippi City,Mississippi,South,Furniture,Chairs,7572.46,5,0.0,-1331.61
ORD-51195,2022-03-07,2022-03-09,Same Day,Corporate,Tacoma,Washington,West,Office Supplies,Labels,1191.66,2,0.2,-235.39
ORD-51196,2024-04-05,2024-04-06,Same Day,Consumer,Detroit,Michigan,Central,Office Supplies,Labels,2459.71,4,0.25,-82.52
ORD-51197,2020-10-05,2020-10-08,Standard Class,Consumer,Massachusetts City,Massachusetts,East,Furniture,Tables,16302.03,7,0.0,4157.46
ORD-51198,2021-02-24,2021-02-25,Standard Class,Consumer,North Carolina City,North Carolina,South,Technology,Copiers,3197.11,2,0.1,-76.96
ORD-51199,2021-12-21,2021-12-25,Standard Class,Corporate,Delaware City,Delaware,East,Technology,Machines,623.42,2,0.0,-82.12
ORD-51200,2023-05-24,2023-05-31,First Class,Corporate,New Jersey City,New Jersey,East,Office Supplies,Fasteners,316.96,1,0.0,50.59
ORD-51201,2023-04-21,2023-04-28,First Class,Corporate,Grand Rapids,Michigan,Central,Office Supplies,Paper,8173.4,7,0.0,-1086.56
ORD-51202,2024-08-09,2024-08-14,First Class,Consumer,Nevada City,Nevada,West,Technology,Phones,4354.33,4,0.0,-183.84
ORD-51203,2022-12-17,2022-12-24,Standard Class,Corporate,Wisconsin City,Wisconsin,Central,Technology,Copiers,1618.95,7,0.0,612.37
ORD-51204,2021-01-08,2021-01-14,Standard Class,Corporate,Rhode Island City,Rhode Island,East,Furniture,Tables,8830.85,7,0.0,2250.98
ORD-51205,2023-01-19,2023-01-24,Same Day,Home Office,New Jersey City,New Jersey,East,Office Supplies,Fasteners,649.91,1,0.2,174.95
ORD-51206,2024-09-14,2024-09-19,Standard Class,Consumer,Spokane,Washington,West,Furniture,Tables,3768.54,2,0.1,1388.51
ORD-51207,2022-03-08,2022-03-13,First Class,Consumer,Missouri City,Missouri,Central,Technology,Accessories,8563.78,5,0.2,-242.6
ORD-51208,2022-08-16,2022-08-18,Second Class,Consumer,Delaware City,Delaware,East,Technology,Machines,743.99,1,0.0,-186.82
ORD-51209,2024-01-29,2024-01-30,Standard Class,Consumer,New Mexico City,New Mexico,West,Technology,Accessories,2109.29,2,0.0,-510.03
ORD-51210,2024-01-23,2024-01-24,Second Class,Consumer,Alabama City,Alabama,South,Furniture,Tables,1212.02,1,0.0,384.01
ORD-51211,2020-03-14,2020-03-21,Standard Class,Home Office,Kentucky City,Kentucky,South,Technology,Copiers,11907.91,9,0.0,3704.48
ORD-51212,2021-08-27,2021-08-31,Standard Class,Consumer,Virginia City,Virginia,East,Office Supplies,Envelopes,75.05,1,0.5,-1.58
ORD-51213,2021-01-14,2021-01-16,Standard Class,Corporate,Nevada City,Nevada,West,Technology,Accessories,1569.66,1,0.1,-445.98
ORD-51214,2024-09-09,2024-09-11,Standard Class,Home Office,Kansas City,Kansas,Central,Technology,Phones,784.28,1,0.0,-21.01
ORD-51215,2020-03-24,2020-03-29,Same Day,Consumer,Peoria,Illinois,Central,Office Supplies,Fasteners,10509.35,9,0.0,369.79
ORD-51216,2024-08-14,2024-08-16,First Class,Consumer,Rhode Island City,Rhode Island,East,Furniture,Furnishings,266.0,3,0.3,100.03
ORD-51217,2023-09-15,2023-09-22,Second Class,Home Office,Connecticut City,Connecticut,East,Technology,Phones,1683.87,4,0.5,-31.27
ORD-51218,2021-09-15,2021-09-18,Standard Class,Corporate,Harrisburg,Pennsylvania,East,Furniture,Furnishings,7110.9,7,0.0,632.59
ORD-51219,2021-08-18,2021-08-20,Standard Class,Corporate,Cleveland,Ohio,Central,Office Supplies,Envelopes,12176.15,5,0.0,3151.79
ORD-51220,2020-06-29,2020-07-04,Standard Class,Consumer,Buffalo,New York,East,Technology,Accessories,4526.55,4,0.0,1625.94
ORD-51221,2024-10-12,2024-10-13,Standard Class,Consumer,Iowa City,Iowa,Central,Furniture,Tables,2462.57,1,0.0,-439.07
ORD-51222,2022-03-23,2022-03-27,Second Class,Corporate,Tacoma,Washington,West,Technology,Machines,13176.04,9,0.0,4053.67
ORD-51223,2020-10-05,2020-10-11,First Class,Consumer,Utah City,Utah,West,Office Supplies,Paper,17385.91,8,0.0,3051.89
ORD-51224,2023-09-10,2023-09-17,Same Day,Consumer,Springfield,Illinois,Central,Technology,Machines,586.26,3,0.5,-41.33
ORD-51225,2020-11-13,2020-11-18,Standard Class,Corporate,Columbus,Ohio,Central,Office Supplies,Labels,16122.75,9,0.0,4015.75
ORD-51226,2022-11-03,2022-11-06,Standard Class,Consumer,Arkansas City,Arkansas,South,Furniture,Chairs,2367.14,2,0.0,-8.74
ORD-51227,2020-09-16,2020-09-22,Standard Class,Home Office,Iowa City,Iowa,Central,Technology,Accessories,14552.26,8,0.0,-3216.04
ORD-51228,2022-08-01,2022-08-05,Standard Class,Consumer,Colorado City,Colorado,West,Technology,Accessories,10369.07,8,0.0,2903.15
ORD-51229,2021-04-19,2021-04-23,First Class,Consumer,Tennessee City,Tennessee,South,Furniture,Furnishings,2416.96,5,0.0,-285.98
ORD-51230,2021-06-25,2021-06-27,Standard Class,Consumer,Maryland City,Maryland,East,Office Supplies,Fasteners,14861.56,7,0.15,5246.8
ORD-51231,2022-02-14,2022-02-16,Second Class,Consumer,Dallas,Texas,Central,Office Supplies,Envelopes,9983.41,9,0.5,-2523.05
ORD-51232,2023-11-16,2023-11-23,Standard Class,Home Office,North Carolina City,North Carolina,South,Office Supplies,Labels,5347.0,4,0.0,-1122.86
ORD-51233,2020-09-13,2020-09-14,Second Class,Corporate,Alabama City,Alabama,South,Office Supplies,Supplies,965.21,1,0.2,-195.31
ORD-51234,2021-06-25,2021-06-27,Same Day,Corporate,Kentucky City,Kentucky,South,Technology,Phones,5020.69,5,0.0,-1380.99
ORD-51235,2024-10-10,2024-10-14,Standard Class,Corporate,Los Angeles,California,West,Technology,Machines,2213.87,4,0.0,528.4
ORD-51236,2024-02-07,2024-02-12,Standard Class,Corporate,Los Angeles,California,West,Furniture,Tables,10066.5,9,0.0,-475.91
ORD-51237,2024-01-22,2024-01-25,Same Day,Corporate,North Carolina City,North Carolina,South,Technology,Machines,7172.4,7,0.4,3203.63
ORD-51238,2020-07-22,2020-07-27,Second Class,Consumer,Alabama City,Alabama,South,Technology,Phones,519.84,2,0.5,184.83
ORD-51239,2020-03-27,2020-04-01,Standard Class,Home Office,Louisiana City,Louisiana,South,Office Supplies,Labels,2448.86,1,0.0,838.71
ORD-51240,2024-08-22,2024-08-29,Standard Class,Corporate,Idaho City,Idaho,West,Office Supplies,Storage,3830.23,5,0.2,46.16
ORD-51241,2020-10-14,2020-10-17,Standard Class,Consumer,New Mexico City,New Mexico,West,Office Supplies,Binders,8603.71,4,0.0,-1462.27
ORD-51242,2024-06-16,2024-06-19,Standard Class,Home Office,Idaho City,Idaho,West,Furniture,Tables,2610.71,2,0.25,-138.54
ORD-51243,2021-04-04,2021-04-07,Standard Class,Consumer,New Jersey City,New Jersey,East,Furniture,Furnishings,355.98,1,0.0,39.55
ORD-51244,2022-05-30,2022-06-01,Standard Class,Corporate,Kentucky City,Kentucky,South,Furniture,Chairs,2931.24,4,0.25,68.33
ORD-51245,2023-01-13,2023-01-14,Second Class,Corporate,Massachusetts City,Massachusetts,East,Furniture,Chairs,1564.53,4,0.0,1.78
ORD-51246,2020-01-07,2020-01-11,Same Day,Consumer,Wisconsin City,Wisconsin,Central,Office Supplies,Storage,529.19,2,0.0,229.26
ORD-51247,2022-07-09,2022-07-13,Second Class,Home Office,Alabama City,Alabama,South,Technology,Accessories,962.46,5,0.1,-227.4
ORD-51248,2023-06-21,2023-06-26,First Class,Home Office,Arkansas City,Arkansas,South,Furniture,Bookcases,301.5,1,0.0,109.88
ORD-51249,2023-12-01,2023-12-04,First Class,Consumer,Rhode Island City,Rhode Island,East,Furniture,Bookcases,13741.48,6,0.0,1823.38
ORD-51250,2022-02-09,2022-02-15,Second Class,Consumer,Nevada City,Nevada,West,Furniture,Furnishings,8516.73,6,0.0,654.08
ORD-51251,2020-06-03,2020-06-09,Standard Class,Corporate,Delaware City,Delaware,East,Furniture,Furnishings,1548.06,3,0.15,-221.94
ORD-51252,2020-07-24,2020-07-27,Second Class,Corporate,Seattle,Washington,West,Technology,Machines,915.36,1,0.5,280.42
ORD-51253,2020-05-17,2020-05-21,Second Class,Corporate,Iowa City,Iowa,Central,Office Supplies,Storage,1282.04,1,0.0,-367.95
ORD-51254,2022-09-21,2022-09-22,Standard Class,Consumer,Vermont City,Vermont,East,Office Supplies,Envelopes,140.99,3,0.5,49.01
ORD-51255,2021-09-18,2021-09-25,Same Day,Consumer,Minnesota City,Minnesota,Central,Office Supplies,Envelopes,4078.87,4,0.0,452.36
ORD-51256,2023-07-20,2023-07-27,Standard Class,Corporate,Iowa City,Iowa,Central,Office Supplies,Binders,1547.29,3,0.0,263.94
ORD-51257,2024-12-05,2024-12-11,Standard Class,Corporate,Missouri City,Missouri,Central,Office Supplies,Envelopes,2115.78,7,0.15,733.6
ORD-51258,2024-02-06,2024-02-13,Standard Class,Home Office,Kansas City,Kansas,Central,Technology,Accessories,309.9,2,0.5,92.33
ORD-51259,2023-07-04,2023-07-08,Second Class,Consumer,Spokane,Washington,West,Furniture,Bookcases,11426.94,7,0.3,-1401.45
ORD-51260,2023-02-20,2023-02-24,Standard Class,Corporate,Delaware City,Delaware,East,Technology,Accessories,571.41,1,0.5,-31.05
ORD-51261,2024-09-12,2024-09-18,Second Class,Home Office,Arizona City,Arizona,West,Office Supplies,Storage,1384.48,2,0.0,-296.92
ORD-51262,2021-10-06,2021-10-08,Same Day,Corporate,New Mexico City,New Mexico,West,Furniture,Chairs,8402.05,5,0.0,334.97
ORD-51263,2023-03-29,2023-04-04,Standard Class,Consumer,Nebraska City,Nebraska,Central,Furniture,Furnishings,8584.03,7,0.0,2596.19
ORD-51264,2022-09-04,2022-09-10,Standard Class,Consumer,Arkansas City,Arkansas,South,Technology,Accessories,570.84,1,0.4,-65.71
ORD-51265,2020-05-12,2020-05-16,Standard Class,Home Office,New Jersey City,New Jersey,East,Furniture,Furnishings,5491.79,6,0.0,-216.0
ORD-51266,2021-05-13,2021-05-15,Second Class,Corporate,Arkansas City,Arkansas,South,Office Supplies,Storage,9757.39,8,0.0,3268.64
ORD-51267,2022-12-26,2022-12-29,First Class,Consumer,Virginia City,Virginia,East,Furniture,Tables,11222.92,7,0.0,284.37
ORD-51268,2023-06-18,2023-06-23,Standard Class,Home Office,Montana City,Montana,West,Office Supplies,Labels,5662.27,5,0.0,-455.1
ORD-51269,2024-08-18,2024-08-23,Standard Class,Consumer,Delaware City,Delaware,East,Furniture,Chairs,416.63,9,0.0,-15.05
ORD-51270,2022-01-24,2022-01-25,Standard Class,Corporate,Tampa,Florida,South,Technology,Accessories,332.44,1,0.0,-17.21
ORD-51271,2023-04-22,2023-04-25,Standard Class,Consumer,Montana City,Montana,West,Office Supplies,Binders,1172.06,1,0.0,395.76
ORD-51272,2023-09-30,2023-10-05,Standard Class,Consumer,Kansas City,Kansas,Central,Technology,Machines,9112.67,6,0.0,2476.04
ORD-51273,2023-09-21,2023-09-22,Standard Class,Consumer,Mississippi City,Mississippi,South,Technology,Machines,17612.52,8,0.0,-3903.27
ORD-51274,2021-09-06,2021-09-11,Standard Class,Corporate,Lansing,Michigan,Central,Furniture,Bookcases,11980.56,6,0.0,1447.64
ORD-51275,2024-01-26,2024-01-28,Standard Class,Corporate,Colorado City,Colorado,West,Furniture,Furnishings,1855.03,1,0.0,-51.13
ORD-51276,2022-07-05,2022-07-12,Second Class,Consumer,Buffalo,New York,East,Office Supplies,Binders,5006.01,8,0.25,1560.19
ORD-51277,2023-03-12,2023-03-15,Standard Class,Consumer,Iowa City,Iowa,Central,Technology,Machines,7373.61,7,0.0,1094.34
ORD-51278,2020-08-28,2020-08-31,Standard Class,Consumer,Rhode Island City,Rhode Island,East,Office Supplies,Labels,2351.19,3,0.5,532.46
ORD-51279,2023-03-21,2023-03-24,Standard Class,Consumer,Tacoma,Washington,West,Technology,Machines,3658.57,6,0.3,-345.76
ORD-51280,2024-12-18,2024-12-20,First Class,Consumer,Arkansas City,Arkansas,South,Furniture,Chairs,10725.71,5,0.0,-3118.06
ORD-51281,2024-04-09,2024-04-16,First Class,Home Office,New Mexico City,New Mexico,West,Furniture,Bookcases,247.65,7,0.0,72.45
ORD-51282,2024-10-22,2024-10-29,Standard Class,Corporate,Virginia City,Virginia,East,Technology,Accessories,1204.34,6,0.4,-51.85
ORD-51283,2020-01-31,2020-02-05,Second Class,Corporate,Tampa,Florida,South,Technology,Accessories,1474.36,3,0.4,513.87
ORD-51284,2020-12-22,2020-12-23,Standard Class,Consumer,Delaware City,Delaware,East,Furniture,Furnishings,2291.63,1,0.0,252.76
ORD-51285,2023-08-04,2023-08-06,Standard Class,Consumer,Maryland City,Maryland,East,Technology,Machines,10508.55,9,0.0,-579.5
ORD-51286,2023-02-02,2023-02-03,Standard Class,Home Office,Iowa City,Iowa,Central,Technology,Accessories,7892.28,5,0.25,3264.23
ORD-51287,2021-02-22,2021-02-28,Standard Class,Consumer,Miami,Florida,South,Technology,Accessories,13409.26,7,0.15,-3102.21
ORD-51288,2021-08-26,2021-08-27,First Class,Consumer,Utah City,Utah,West,Office Supplies,Supplies,17590.56,8,0.0,7397.77
ORD-51289,2023-04-30,2023-05-05,Standard Class,Consumer,Kansas City,Kansas,Central,Office Supplies,Art,9233.31,5,0.0,-1174.32
ORD-51290,2022-11-25,2022-12-02,Standard Class,Consumer,Austin,Texas,Central,Technology,Phones,554.62,5,0.1,-116.3
ORD-51291,2020-03-03,2020-03-07,Standard Class,Consumer,North Carolina City,North Carolina,South,Technology,Machines,532.59,2,0.0,152.18
ORD-51292,2020-01-24,2020-01-29,Standard Class,Home Office,Kansas City,Kansas,Central,Furniture,Chairs,7164.21,5,0.0,631.94
ORD-51293,2022-01-26,2022-01-28,Standard Class,Consumer,Delaware City,Delaware,East,Technology,Accessories,3223.88,8,0.5,-232.36
ORD-51294,2020-01-16,2020-01-17,Standard Class,Consumer,Peoria,Illinois,Central,Technology,Phones,5746.67,5,0.1,-394.82
ORD-51295,2023-04-27,2023-04-29,Standard Class,Consumer,New Jersey City,New Jersey,East,Technology,Accessories,386.94,1,0.0,7.22
ORD-51296,2023-12-13,2023-12-19,Standard Class,Corporate,Nevada City,Nevada,West,Technology,Machines,1493.02,1,0.0,169.45
ORD-51297,2022-03-07,2022-03-14,Standard Class,Corporate,Louisiana City,Louisiana,South,Furniture,Tables,6834.25,4,0.0,157.96
ORD-51298,2021-06-17,2021-06-19,Standard Class,Home Office,Delaware City,Delaware,East,Technology,Copiers,527.88,3,0.0,-2.6
ORD-51299,2023-06-20,2023-06-24,Second Class,Corporate,New Mexico City,New Mexico,West,Furniture,Chairs,1988.0,8,0.0,882.93
ORD-51300,2022-09-30,2022-10-03,First Class,Corporate,Arkansas City,Arkansas,South,Furniture,Tables,252.45,5,0.1,-4.59
ORD-51301,2023-07-27,2023-07-30,Same Day,Home Office,Utah City,Utah,West,Furniture,Tables,2034.28,5,0.0,898.4
ORD-51302,2020-01-04,2020-01-05,Standard Class,Consumer,Nevada City,Nevada,West,Office Supplies,Envelopes,4426.57,3,0.3,-423.05
ORD-51303,2021-06-25,2021-07-02,Standard Class,Consumer,Springfield,Illinois,Central,Technology,Accessories,9549.22,4,0.0,1874.74
ORD-51304,2022-10-10,2022-10-16,Second Class,Corporate,Arizona City,Arizona,West,Furniture,Bookcases,3004.92,5,0.2,-210.99
ORD-51305,2024-10-02,2024-10-07,Standard Class,Corporate,Iowa City,Iowa,Central,Technology,Machines,9966.83,6,0.0,1354.76
ORD-51306,2022-04-12,2022-04-15,Second Class,Consumer,Grand Rapids,Michigan,Central,Office Supplies,Envelopes,10032.98,6,0.0,1365.8
ORD-51307,2024-05-26,2024-05-29,Standard Class,Consumer,Rhode Island City,Rhode Island,East,Technology,Phones,3336.05,8,0.0,-747.92
ORD-51308,2023-04-20,2023-04-23,Standard Class,Home Office,Kansas City,Kansas,Central,Technology,Machines,12734.86,8,0.0,2550.01
ORD-51309,2021-03-22,2021-03-24,Second Class,Consumer,Iowa City,Iowa,Central,Technology,Accessories,7847.34,7,0.1,226.17
ORD-51310,2022-10-23,2022-10-29,Standard Class,Consumer,Idaho City,Idaho,West,Furniture,Furnishings,2965.43,9,0.0,452.92
ORD-51311,2023-02-28,2023-03-06,Standard Class,Consumer,Cleveland,Ohio,Central,Office Supplies,Art,707.59,1,0.0,-168.92
ORD-51312,2022-10-10,2022-10-12,Standard Class,Corporate,South Carolina City,South Carolina,South,Technology,Machines,7246.33,4,0.0,-867.8
ORD-51313,2023-06-07,2023-06-10,Standard Class,Corporate,Minnesota City,Minnesota,Central,Furniture,Chairs,346.85,4,0.0,82.93
ORD-51314,2023-06-08,2023-06-13,Second Class,Corporate,Vermont City,Vermont,East,Technology,Phones,2038.03,2,0.0,-369.33
ORD-51315,2021-04-10,2021-04-15,Second Class,Consumer,New York City,New York,East,Technology,Phones,20644.72,9,0.0,-5247.02
ORD-51316,2022-02-16,2022-02-23,First Class,Consumer,Augusta,Georgia,South,Technology,Phones,4262.44,7,0.1,815.27
ORD-51317,2020-01-29,2020-01-31,Standard Class,Home Office,Minnesota City,Minnesota,Central,Office Supplies,Envelopes,1115.56,2,0.0,153.0
ORD-51318,2022-01-29,2022-02-04,First Class,Corporate,Cleveland,Ohio,Central,Office Supplies,Art,1096.74,3,0.15,-2.09
ORD-51319,2022-11-21,2022-11-24,Standard Class,Home Office,Minnesota City,Minnesota,Central,Technology,Phones,5134.95,3,0.0,2261.87
ORD-51320,2023-11-23,2023-11-29,Standard Class,Consumer,Arkansas City,Arkansas,South,Furniture,Tables,2510.66,3,0.15,-548.5
ORD-51321,2022-10-18,2022-10-21,Standard Class,Consumer,Delaware City,Delaware,East,Furniture,Tables,11977.13,6,0.0,2159.57
ORD-51322,2023-08-01,2023-08-02,Standard Class,Corporate,New Mexico City,New Mexico,West,Office Supplies,Paper,1999.74,9,0.0,-341.28
ORD-51323,2021-12-07,2021-12-09,First Class,Home Office,Arkansas City,Arkansas,South,Furniture,Bookcases,2861.45,2,0.0,-18.59
ORD-51324,2024-05-14,2024-05-17,Standard Class,Consumer,Colorado City,Colorado,West,Office Supplies,Paper,4433.34,3,0.0,-1311.27
ORD-51325,2024-08-07,2024-08-13,Standard Class,Corporate,Utah City,Utah,West,Office Supplies,Envelopes,1693.32,7,0.0,-35.69
ORD-51326,2021-09-22,2021-09-27,Second Class,Consumer,Montana City,Montana,West,Technology,Phones,7541.87,4,0.1,1512.31
ORD-51327,2020-06-13,2020-06-18,Standard Class,Corporate,Delaware City,Delaware,East,Furniture,Chairs,4367.55,4,0.0,745.64
ORD-51328,2020-03-11,2020-03-12,Second Class,Consumer,Wisconsin City,Wisconsin,Central,Furniture,Bookcases,2751.93,6,0.0,-425.93
ORD-51329,2021-12-25,2021-12-27,Standard Class,Corporate,Massachusetts City,Massachusetts,East,Office Supplies,Envelopes,11025.56,7,0.0,1180.02
ORD-51330,2022-03-28,2022-04-01,Standard Class,Consumer,San Diego,California,West,Technology,Accessories,11724.84,6,0.2,4884.11
ORD-51331,2021-12-11,2021-12-15,Standard Class,Consumer,Grand Rapids,Michigan,Central,Furniture,Chairs,11227.42,8,0.0,2898.54
ORD-51332,2020-01-29,2020-02-04,Standard Class,Corporate,Delaware City,Delaware,East,Office Supplies,Fasteners,5950.96,5,0.0,859.11
ORD-51333,2020-10-18,2020-10-25,First Class,Consumer,Arizona City,Arizona,West,Furniture,Chairs,2404.16,1,0.0,25.44
ORD-51334,2021-07-06,2021-07-13,Standard Class,Corporate,Louisiana City,Louisiana,South,Furniture,Tables,3063.91,2,0.2,460.63
ORD-51335,2024-06-18,2024-06-22,Standard Class,Consumer,Maryland City,Maryland,East,Furniture,Bookcases,653.8,2,0.4,28.65
ORD-51336,2021-12-08,2021-12-15,Second Class,Home Office,Vermont City,Vermont,East,Furniture,Bookcases,4091.38,5,0.4,1485.39
ORD-51337,2020-09-15,2020-09-18,Standard Class,Home Office,Albany,New York,East,Technology,Copiers,3721.22,7,0.0,189.96
ORD-51338,2024-04-10,2024-04-13,Standard Class,Home Office,Spokane,Washington,West,Furniture,Furnishings,17079.86,8,0.0,-2834.75
ORD-51339,2023-01-25,2023-01-26,Standard Class,Consumer,Colorado City,Colorado,West,Technology,Accessories,11982.48,5,0.0,2393.25
ORD-51340,2020-01-28,2020-01-29,Standard Class,Corporate,Spokane,Washington,West,Office Supplies,Labels,2012.58,9,0.0,835.71
ORD-51341,2021-02-15,2021-02-21,Standard Class,Consumer,San Diego,California,West,Furniture,Tables,4287.83,4,0.0,1524.32
ORD-51342,2023-09-28,2023-10-04,Standard Class,Home Office,Arizona City,Arizona,West,Office Supplies,Envelopes,14852.31,7,0.0,1943.06
ORD-51343,2020-03-16,2020-03-17,Same Day,Corporate,Nebraska City,Nebraska,Central,Office Supplies,Art,731.07,3,0.2,-13.22
ORD-51344,2021-05-16,2021-05-21,Standard Class,Corporate,Utah City,Utah,West,Office Supplies,Fasteners,16447.27,7,0.0,4.86
ORD-51345,2024-08-07,2024-08-08,First Class,Consumer,Tennessee City,Tennessee,South,Technology,Copiers,3961.84,2,0.0,-339.02
ORD-51346,2023-11-05,2023-11-11,Standard Class,Consumer,South Carolina City,South Carolina,South,Office Supplies,Art,13676.45,9,0.1,-1983.88
ORD-51347,2022-10-01,2022-10-06,Standard Class,Corporate,Arkansas City,Arkansas,South,Technology,Phones,6814.41,6,0.25,1103.14
ORD-51348,2021-11-19,2021-11-21,Standard Class,Consumer,Tampa,Florida,South,Technology,Accessories,6706.74,5,0.0,2131.94
ORD-51349,2024-06-17,2024-06-24,Second Class,Consumer,New Jersey City,New Jersey,East,Office Supplies,Binders,1566.47,1,0.0,618.22
ORD-51350,2024-05-19,2024-05-24,Standard Class,Corporate,Connecticut City,Connecticut,East,Furniture,Furnishings,866.99,2,0.0,-217.66
ORD-51351,2023-12-01,2023-12-05,First Class,Consumer,Idaho City,Idaho,West,Office Supplies,Paper,1234.47,4,0.0,470.97
ORD-51352,2023-12-30,2023-12-31,Same Day,Consumer,Utah City,Utah,West,Office Supplies,Labels,3473.76,4,0.5,214.29
ORD-51353,2023-05-10,2023-05-12,Standard Class,Home Office,Wisconsin City,Wisconsin,Central,Office Supplies,Storage,3290.9,3,0.5,-590.05
ORD-51354,2024-03-19,2024-03-25,Standard Class,Corporate,Arkansas City,Arkansas,South,Technology,Machines,18345.71,9,0.15,7708.04
ORD-51355,2024-08-08,2024-08-11,Standard Class,Corporate,New Jersey City,New Jersey,East,Furniture,Tables,9504.02,6,0.0,-1030.96
ORD-51356,2020-05-08,2020-05-14,Standard Class,Consumer,Harrisburg,Pennsylvania,East,Furniture,Bookcases,5155.07,7,0.1,530.98
ORD-51357,2020-09-21,2020-09-27,First Class,Consumer,Augusta,Georgia,South,Furniture,Furnishings,1073.61,1,0.0,129.25
ORD-51358,2022-06-09,2022-06-12,Standard Class,Consumer,Connecticut City,Connecticut,East,Office Supplies,Envelopes,840.27,7,0.0,111.8
ORD-51359,2020-08-20,2020-08-22,Standard Class,Consumer,Vermont City,Vermont,East,Technology,Phones,11617.65,6,0.0,4484.67
ORD-51360,2022-05-05,2022-05-07,Standard Class,Home Office,Missouri City,Missouri,Central,Furniture,Furnishings,4754.24,2,0.0,1043.7
ORD-51361,2023-10-01,2023-10-05,First Class,Consumer,Tennessee City,Tennessee,South,Technology,Machines,2258.48,3,0.0,606.53
ORD-51362,2024-06-14,2024-06-18,First Class,Home Office,Albany,New York,East,Office Supplies,Labels,666.25,2,0.0,-172.63
ORD-51363,2024-06-07,2024-06-13,Second Class,Consumer,North Carolina City,North Carolina,South,Furniture,Furnishings,946.86,1,0.0,361.49
ORD-51364,2020-08-25,2020-08-26,Standard Class,Consumer,Los Angeles,California,West,Office Supplies,Envelopes,11811.18,9,0.0,2257.22
ORD-51365,2020-12-20,2020-12-22,First Class,Consumer,Oregon City,Oregon,West,Technology,Copiers,8829.71,7,0.0,3091.19
ORD-51366,2023-05-26,2023-06-01,Standard Class,Corporate,Louisiana City,Louisiana,South,Technology,Phones,334.55,1,0.5,134.94
ORD-51367,2021-07-30,2021-08-05,Standard Class,Home Office,Lansing,Michigan,Central,Furniture,Furnishings,873.8,4,0.1,356.73
ORD-51368,2022-04-15,2022-04-19,Standard Class,Consumer,Wisconsin City,Wisconsin,Central,Furniture,Furnishings,5318.18,6,0.0,-879.38
ORD-51369,2021-11-26,2021-12-03,Standard Class,Corporate,Alabama City,Alabama,South,Technology,Machines,2734.93,2,0.0,600.61
ORD-51370,2023-03-21,2023-03-22,Standard Class,Consumer,Maryland City,Maryland,East,Technology,Phones,9197.66,5,0.0,1058.61
ORD-51371,2023-03-23,2023-03-28,Standard Class,Corporate,Minnesota City,Minnesota,Central,Office Supplies,Labels,12750.63,6,0.0,-54.09
ORD-51372,2020-05-04,2020-05-10,Standard Class,Consumer,Rhode Island City,Rhode Island,East,Office Supplies,Supplies,1603.04,2,0.0,411.9
ORD-51373,2024-09-22,2024-09-23,Standard Class,Consumer,Wisconsin City,Wisconsin,Central,Furniture,Chairs,1772.33,3,0.0,585.32
ORD-51374,2020-02-10,2020-02-14,Standard Class,Consumer,Arizona City,Arizona,West,Office Supplies,Storage,4894.32,4,0.0,1984.57
ORD-51375,2022-01-23,2022-01-25,Standard Class,Consumer,Sacramento,California,West,Furniture,Furnishings,979.42,1,0.0,232.19
ORD-51376,2022-08-19,2022-08-25,Standard Class,Consumer,Augusta,Georgia,South,Office Supplies,Envelopes,13545.43,8,0.0,-1301.08
ORD-51377,2023-08-18,2023-08-24,Standard Class,Corporate,Augusta,Georgia,South,Furniture,Chairs,4525.23,5,0.1,-216.94
ORD-51378,2020-11-23,2020-11-30,Standard Class,Corporate,Orlando,Florida,South,Technology,Copiers,3126.04,6,0.3,1022.23
ORD-51379,2023-07-12,2023-07-18,Standard Class,Consumer,Utah City,Utah,West,Office Supplies,Supplies,15080.12,9,0.0,-1714.55
ORD-51380,2022-03-24,2022-03-30,Standard Class,Corporate,Oregon City,Oregon,West,Technology,Phones,14490.49,9,0.0,202.22
ORD-51381,2024-07-17,2024-07-22,First Class,Corporate,Colorado City,Colorado,West,Technology,Accessories,2242.5,5,0.0,371.91
ORD-51382,2021-01-31,2021-02-07,Standard Class,Corporate,Cleveland,Ohio,Central,Furniture,Tables,717.0,2,0.4,227.9
ORD-51383,2022-05-30,2022-06-06,Second Class,Corporate,New Mexico City,New Mexico,West,Office Supplies,Binders,4419.44,5,0.0,823.42
ORD-51384,2023-08-18,2023-08-22,Standard Class,Consumer,Massachusetts City,Massachusetts,East,Furniture,Chairs,9277.02,4,0.0,1940.15
ORD-51385,2023-06-20,2023-06-22,Standard Class,Consumer,Missouri City,Missouri,Central,Furniture,Tables,2203.36,2,0.0,465.24
ORD-51386,2023-08-07,2023-08-13,Standard Class,Consumer,Kansas City,Kansas,Central,Office Supplies,Envelopes,1200.87,2,0.2,53.43
ORD-51387,2024-09-24,2024-09-29,First Class,Consumer,Wisconsin City,Wisconsin,Central,Technology,Machines,21133.32,9,0.0,-688.58
ORD-51388,2020-01-08,2020-01-12,Standard Class,Consumer,Montana City,Montana,West,Office Supplies,Supplies,3297.54,3,0.0,-500.32
ORD-51389,2021-07-24,2021-07-29,Second Class,Consumer,Savannah,Georgia,South,Office Supplies,Binders,530.93,9,0.1,-67.39
ORD-51390,2023-12-23,2023-12-27,First Class,Consumer,Delaware City,Delaware,East,Technology,Machines,759.39,8,0.0,254.01
ORD-51391,2022-06-13,2022-06-14,Second Class,Consumer,Louisiana City,Louisiana,South,Furniture,Tables,7263.3,9,0.3,3104.66
ORD-51392,2020-03-04,2020-03-06,Standard Class,Corporate,Missouri City,Missouri,Central,Furniture,Furnishings,1242.79,1,0.0,193.28
ORD-51393,2020-12-16,2020-12-23,Standard Class,Consumer,Mississippi City,Mississippi,South,Technology,Machines,4172.87,3,0.0,1159.26
ORD-51394,2022-09-17,2022-09-24,Second Class,Consumer,Louisiana City,Louisiana,South,Furniture,Tables,1721.89,1,0.0,-71.19
ORD-51395,2022-06-10,2022-06-15,Second Class,Consumer,San Diego,California,West,Office Supplies,Art,1972.44,1,0.0,765.26
ORD-51396,2022-09-12,2022-09-13,Second Class,Home Office,Rhode Island City,Rhode Island,East,Furniture,Bookcases,9338.72,5,0.2,2031.11
ORD-51397,2020-08-05,2020-08-12,Second Class,Consumer,Seattle,Washington,West,Office Supplies,Envelopes,6754.44,8,0.4,-552.16
ORD-51398,2020-03-31,2020-04-02,Standard Class,Home Office,Missouri City,Missouri,Central,Office Supplies,Labels,5200.73,3,0.1,-752.52
ORD-51399,2022-05-20,2022-05-25,First Class,Corporate,Minnesota City,Minnesota,Central,Office Supplies,Supplies,5735.96,5,0.0,-1705.25
ORD-51400,2020-01-18,2020-01-25,Second Class,Corporate,Louisiana City,Louisiana,South,Technology,Machines,5462.75,8,0.5,-490.03
ORD-51401,2023-09-19,2023-09-24,Second Class,Consumer,Oregon City,Oregon,West,Furniture,Tables,2918.18,2,0.0,-761.66
ORD-51402,2023-02-14,2023-02-15,First Class,Consumer,Rhode Island City,Rhode Island,East,Technology,Accessories,2155.63,2,0.25,476.4
ORD-51403,2023-04-14,2023-04-15,Same Day,Consumer,North Carolina City,North Carolina,South,Office Supplies,Labels,4005.09,3,0.0,112.94
ORD-51404,2021-06-02,2021-06-03,Standard Class,Corporate,Nevada City,Nevada,West,Office Supplies,Fasteners,6118.56,6,0.0,-133.98
ORD-51405,2020-11-19,2020-11-21,Standard Class,Corporate,North Carolina City,North Carolina,South,Office Supplies,Supplies,10032.53,6,0.0,-1514.39
ORD-51406,2024-10-23,2024-10-24,Standard Class,Consumer,North Carolina City,North Carolina,South,Technology,Phones,1763.21,3,0.5,758.8
ORD-51407,2024-11-07,2024-11-08,Second Class,Home Office,North Carolina City,North Carolina,South,Office Supplies,Labels,1275.19,4,0.0,141.29
ORD-51408,2022-06-03,2022-06-10,Standard Class,Home Office,Arkansas City,Arkansas,South,Furniture,Furnishings,8656.15,5,0.2,-622.06
ORD-51409,2020-09-13,2020-09-14,Standard Class,Consumer,Minnesota City,Minnesota,Central,Office Supplies,Supplies,8505.85,5,0.0,3448.58
ORD-51410,2023-01-20,2023-01-22,Second Class,Consumer,Virginia City,Virginia,East,Office Supplies,Supplies,15705.34,7,0.0,2335.17
ORD-51411,2021-04-06,2021-04-12,Standard Class,Corporate,Idaho City,Idaho,West,Office Supplies,Art,8522.5,7,0.0,-1107.27
ORD-51412,2023-07-19,2023-07-22,Second Class,Consumer,Tennessee City,Tennessee,South,Office Supplies,Storage,4565.52,7,0.1,658.95
ORD-51413,2021-11-22,2021-11-27,Standard Class,Consumer,North Carolina City,North Carolina,South,Office Supplies,Art,522.6,2,0.5,-16.1
ORD-51414,2020-01-23,2020-01-29,Standard Class,Consumer,Atlanta,Georgia,South,Furniture,Furnishings,7445.78,7,0.0,-1645.63
ORD-51415,2022-05-10,2022-05-16,Standard Class,Consumer,Virginia City,Virginia,East,Furniture,Bookcases,1773.39,6,0.0,-507.5
ORD-51416,2023-04-07,2023-04-10,Standard Class,Consumer,Nevada City,Nevada,West,Technology,Accessories,4446.3,2,0.0,297.7
ORD-51417,2023-12-17,2023-12-18,Standard Class,Consumer,Miami,Florida,South,Furniture,Furnishings,8544.35,4,0.0,345.62
ORD-51418,2022-02-09,2022-02-15,Standard Class,Consumer,Mississippi City,Mississippi,South,Technology,Machines,13261.22,8,0.0,1763.53
ORD-51419,2023-03-08,2023-03-13,Standard Class,Consumer,Mississippi City,Mississippi,South,Technology,Accessories,4573.38,4,0.0,730.1
ORD-51420,2020-01-28,2020-02-02,Standard Class,Corporate,Virginia City,Virginia,East,Office Supplies,Paper,12658.6,9,0.0,1490.06
ORD-51421,2024-03-22,2024-03-23,Standard Class,Home Office,Mississippi City,Mississippi,South,Technology,Copiers,107.57,2,0.0,-26.44
ORD-51422,2024-07-30,2024-08-02,First Class,Home Office,Iowa City,Iowa,Central,Furniture,Tables,11991.22,6,0.0,-240.47
ORD-51423,2023-01-09,2023-01-11,First Class,Consumer,Kansas City,Kansas,Central,Technology,Accessories,6440.14,5,0.0,-49.96
ORD-51424,2023-03-25,2023-03-26,Second Class,Consumer,Kentucky City,Kentucky,South,Office Supplies,Fasteners,867.79,2,0.0,355.92
ORD-51425,2022-03-30,2022-04-02,Second Class,Consumer,Missouri City,Missouri,Central,Technology,Phones,11148.16,6,0.0,-2424.55
ORD-51426,2020-06-06,2020-06-09,Standard Class,Consumer,Colorado City,Colorado,West,Office Supplies,Paper,17698.94,9,0.0,-2501.92
ORD-51427,2024-05-12,2024-05-13,Second Class,Consumer,Tennessee City,Tennessee,South,Office Supplies,Storage,3395.01,6,0.0,281.79
ORD-51428,2023-02-18,2023-02-19,Standard Class,Corporate,South Carolina City,South Carolina,South,Office Supplies,Labels,7175.91,3,0.0,-1421.11
ORD-51429,2021-02-11,2021-02-13,Second Class,Consumer,New Jersey City,New Jersey,East,Technology,Copiers,8848.47,5,0.1,3572.87
ORD-51430,2021-01-31,2021-02-04,Standard Class,Consumer,New Mexico City,New Mexico,West,Office Supplies,Art,421.55,2,0.0,-52.31
ORD-51431,2021-01-19,2021-01-22,Standard Class,Consumer,Vermont City,Vermont,East,Technology,Accessories,1169.6,1,0.0,-301.9
ORD-51432,2024-11-02,2024-11-08,Second Class,Home Office,Kansas City,Kansas,Central,Office Supplies,Labels,391.15,1,0.2,108.03
ORD-51433,2023-05-08,2023-05-12,First Class,Consumer,Tampa,Florida,South,Technology,Accessories,5242.18,3,0.0,-567.56
ORD-51434,2023-01-17,2023-01-22,First Class,Corporate,Pittsburgh,Pennsylvania,East,Technology,Phones,1895.16,1,0.0,-209.18
ORD-51435,2021-02-15,2021-02-20,Same Day,Home Office,Arkansas City,Arkansas,South,Office Supplies,Fasteners,2335.59,2,0.2,866.51
ORD-51436,2023-11-17,2023-11-19,First Class,Corporate,Minnesota City,Minnesota,Central,Technology,Copiers,4592.55,6,0.0,1397.62
ORD-51437,2020-07-04,2020-07-08,Standard Class,Corporate,Tacoma,Washington,West,Office Supplies,Paper,938.46,2,0.0,-158.01
ORD-51438,2021-03-25,2021-03-29,Standard Class,Consumer,Columbus,Ohio,Central,Furniture,Furnishings,3363.42,7,0.0,1051.46
ORD-51439,2022-03-20,2022-03-27,Same Day,Consumer,Montana City,Montana,West,Furniture,Tables,6244.09,3,0.0,-1741.62
ORD-51440,2022-02-13,2022-02-16,Second Class,Consumer,North Carolina City,North Carolina,South,Technology,Phones,16640.52,8,0.0,1636.74
ORD-51441,2023-02-18,2023-02-23,Second Class,Consumer,Wisconsin City,Wisconsin,Central,Furniture,Bookcases,1653.32,4,0.0,590.09
ORD-51442,2024-09-22,2024-09-27,Standard Class,Consumer,New Jersey City,New Jersey,East,Technology,Copiers,15496.15,7,0.0,1167.13
ORD-51443,2021-12-17,2021-12-23,Standard Class,Consumer,Vermont City,Vermont,East,Technology,Machines,5858.26,6,0.25,9.45
ORD-51444,2023-05-22,2023-05-25,Standard Class,Consumer,Columbus,Ohio,Central,Technology,Accessories,6571.5,7,0.2,1535.04
ORD-51445,2022-02-20,2022-02-22,Standard Class,Consumer,Orlando,Florida,South,Furniture,Tables,9251.02,9,0.4,1061.19
ORD-51446,2022-07-02,2022-07-09,Standard Class,Consumer,Lansing,Michigan,Central,Technology,Machines,515.59,2,0.0,169.43
ORD-51447,2021-02-06,2021-02-08,Standard Class,Consumer,Mississippi City,Mississippi,South,Technology,Accessories,12744.66,6,0.0,-3354.47
ORD-51448,2021-09-29,2021-10-04,First Class,Corporate,Detroit,Michigan,Central,Furniture,Tables,6752.3,6,0.0,-777.56
ORD-51449,2021-06-26,2021-07-01,Standard Class,Home Office,Vermont City,Vermont,East,Office Supplies,Supplies,9140.5,7,0.3,-2260.93
ORD-51450,2020-08-22,2020-08-23,Standard Class,Consumer,Rhode Island City,Rhode Island,East,Technology,Accessories,11471.48,5,0.0,-2637.07
ORD-51451,2021-08-05,2021-08-07,Standard Class,Consumer,Missouri City,Missouri,Central,Office Supplies,Labels,6744.76,3,0.0,-1431.35
ORD-51452,2024-02-01,2024-02-02,Second Class,Consumer,Idaho City,Idaho,West,Furniture,Tables,6205.75,7,0.0,1784.78
ORD-51453,2024-12-02,2024-12-05,Second Class,Home Office,Delaware City,Delaware,East,Furniture,Tables,246.17,3,0.0,67.45
ORD-51454,2021-01-01,2021-01-02,Standard Class,Consumer,Atlanta,Georgia,South,Technology,Accessories,4293.7,3,0.25,-455.65
ORD-51455,2022-12-06,2022-12-12,Second Class,Consumer,Augusta,Georgia,South,Furniture,Bookcases,7221.04,5,0.0,-1140.85
ORD-51456,2024-11-12,2024-11-14,Standard Class,Consumer,South Carolina City,South Carolina,South,Technology,Copiers,4369.22,6,0.0,-429.23
ORD-51457,2022-01-27,2022-02-03,Second Class,Home Office,Maryland City,Maryland,East,Office Supplies,Paper,1888.85,3,0.5,753.13
ORD-51458,2024-07-30,2024-08-06,Same Day,Consumer,New York City,New York,East,Office Supplies,Paper,503.77,8,0.0,109.88
ORD-51459,2024-08-28,2024-09-01,Standard Class,Corporate,Connecticut City,Connecticut,East,Furniture,Chairs,1290.86,1,0.0,199.1
ORD-51460,2022-04-09,2022-04-11,Standard Class,Consumer,Virginia City,Virginia,East,Furniture,Chairs,9513.7,9,0.0,64.27
ORD-51461,2024-03-09,2024-03-10,First Class,Consumer,Philadelphia,Pennsylvania,East,Furniture,Chairs,6026.6,3,0.0,-1456.01
ORD-51462,2024-03-08,2024-03-13,Standard Class,Corporate,Tampa,Florida,South,Furniture,Tables,9649.23,7,0.0,3236.42
ORD-51463,2021-07-15,2021-07-22,Second Class,Consumer,Nevada City,Nevada,West,Office Supplies,Paper,7246.16,3,0.0,1931.76
ORD-51464,2024-09-13,2024-09-18,Standard Class,Corporate,Tacoma,Washington,West,Furniture,Bookcases,4391.41,5,0.0,1335.45
ORD-51465,2021-10-19,2021-10-23,Standard Class,Consumer,Tennessee City,Tennessee,South,Furniture,Bookcases,6308.64,8,0.5,-876.46
ORD-51466,2021-02-04,2021-02-10,Standard Class,Consumer,Massachusetts City,Massachusetts,East,Furniture,Chairs,19137.22,8,0.0,-1194.9
ORD-51467,2024-03-23,2024-03-24,Standard Class,Corporate,North Carolina City,North Carolina,South,Technology,Machines,2047.99,2,0.0,-148.26
ORD-51468,2023-11-11,2023-11-13,First Class,Corporate,Arizona City,Arizona,West,Office Supplies,Fasteners,1447.98,5,0.0,154.25
ORD-51469,2020-07-07,2020-07-10,Same Day,Consumer,Minnesota City,Minnesota,Central,Technology,Phones,280.09,3,0.0,-9.19
ORD-51470,2020-09-27,2020-10-02,Standard Class,Consumer,Arizona City,Arizona,West,Technology,Accessories,11362.21,6,0.0,285.84
ORD-51471,2021-08-28,2021-09-03,Second Class,Consumer,Savannah,Georgia,South,Furniture,Tables,7272.84,6,0.15,877.8
ORD-51472,2024-06-06,2024-06-09,Standard Class,Corporate,Kansas City,Kansas,Central,Technology,Accessories,2297.91,9,0.3,-672.47
ORD-51473,2024-12-06,2024-12-13,First Class,Corporate,Idaho City,Idaho,West,Office Supplies,Paper,3125.22,2,0.25,-901.43
ORD-51474,2024-08-08,2024-08-09,Standard Class,Corporate,Arizona City,Arizona,West,Furniture,Tables,15950.58,9,0.25,-2746.29
ORD-51475,2021-07-20,2021-07-26,First Class,Consumer,Iowa City,Iowa,Central,Technology,Machines,20985.17,9,0.0,-5079.04
ORD-51476,2023-08-02,2023-08-04,Standard Class,Home Office,Wisconsin City,Wisconsin,Central,Technology,Machines,3275.85,3,0.0,1301.66
ORD-51477,2024-04-20,2024-04-23,Second Class,Consumer,Tampa,Florida,South,Technology,Phones,237.93,1,0.0,-29.69
ORD-51478,2024-11-24,2024-11-30,First Class,Home Office,Iowa City,Iowa,Central,Technology,Copiers,4071.91,2,0.0,1419.09
ORD-51479,2024-11-03,2024-11-07,First Class,Home Office,Kansas City,Kansas,Central,Office Supplies,Fasteners,7910.13,6,0.0,-1444.54
ORD-51480,2024-02-29,2024-03-07,Standard Class,Home Office,Iowa City,Iowa,Central,Furniture,Chairs,11805.41,9,0.0,2565.8
ORD-51481,2022-07-05,2022-07-06,Second Class,Consumer,Kansas City,Kansas,Central,Office Supplies,Labels,3351.4,6,0.3,1447.54
ORD-51482,2024-02-25,2024-03-03,First Class,Consumer,Tennessee City,Tennessee,South,Office Supplies,Storage,13336.52,6,0.0,3587.6
ORD-51483,2023-09-12,2023-09-14,Same Day,Corporate,Arizona City,Arizona,West,Office Supplies,Envelopes,2310.09,9,0.0,962.07
ORD-51484,2021-01-10,2021-01-15,Standard Class,Consumer,Idaho City,Idaho,West,Office Supplies,Art,1049.34,4,0.1,-137.5
ORD-51485,2021-02-19,2021-02-21,Standard Class,Home Office,Colorado City,Colorado,West,Technology,Phones,6706.63,7,0.1,1469.66
ORD-51486,2024-03-03,2024-03-06,Standard Class,Consumer,Delaware City,Delaware,East,Office Supplies,Paper,2892.57,8,0.0,627.7
ORD-51487,2024-06-22,2024-06-29,Standard Class,Consumer,New York City,New York,East,Technology,Phones,443.89,1,0.2,118.48
ORD-51488,2023-08-25,2023-08-28,Standard Class,Corporate,New York City,New York,East,Technology,Phones,637.39,2,0.0,36.23
ORD-51489,2024-03-06,2024-03-07,Second Class,Corporate,Iowa City,Iowa,Central,Technology,Machines,16603.82,9,0.1,473.6
ORD-51490,2021-09-03,2021-09-07,First Class,Consumer,Louisiana City,Louisiana,South,Technology,Accessories,853.52,4,0.0,146.17
ORD-51491,2023-04-14,2023-04-19,Standard Class,Home Office,Louisiana City,Louisiana,South,Technology,Accessories,1505.35,2,0.0,-322.77
ORD-51492,2021-07-03,2021-07-04,Standard Class,Corporate,Austin,Texas,Central,Technology,Accessories,2476.51,4,0.5,757.24
ORD-51493,2023-09-02,2023-09-06,Second Class,Consumer,Orlando,Florida,South,Office Supplies,Binders,11589.38,6,0.0,-2993.18
ORD-51494,2022-05-02,2022-05-05,First Class,Consumer,Tampa,Florida,South,Furniture,Tables,2142.78,1,0.1,733.77
ORD-51495,2020-08-10,2020-08-14,Standard Class,Corporate,Rhode Island City,Rhode Island,East,Technology,Machines,10701.82,5,0.1,2893.52
ORD-51496,2020-03-06,2020-03-09,Second Class,Home Office,Utah City,Utah,West,Office Supplies,Binders,6946.93,9,0.0,1359.31
ORD-51497,2023-04-14,2023-04-15,First Class,Consumer,Louisiana City,Louisiana,South,Furniture,Bookcases,17611.33,9,0.15,4960.04
ORD-51498,2023-08-07,2023-08-11,First Class,Consumer,Louisiana City,Louisiana,South,Technology,Machines,654.94,7,0.0,-177.74
ORD-51499,2024-03-04,2024-03-07,Standard Class,Corporate,Dallas,Texas,Central,Office Supplies,Art,13837.33,9,0.0,-1818.64
ORD-51500,2023-01-18,2023-01-23,Same Day,Corporate,South Carolina City,South Carolina,South,Technology,Machines,4547.35,9,0.0,-383.83
ORD-51501,2024-10-21,2024-10-26,Standard Class,Corporate,Vermont City,Vermont,East,Furniture,Bookcases,5493.15,8,0.5,2048.79
ORD-51502,2022-01-23,2022-01-26,Second Class,Home Office,Louisiana City,Louisiana,South,Technology,Accessories,2227.26,2,0.0,674.46
ORD-51503,2022-10-17,2022-10-23,Standard Class,Home Office,Arizona City,Arizona,West,Technology,Machines,8946.9,8,0.5,-1555.48
ORD-51504,2024-02-11,2024-02-15,Standard Class,Consumer,Los Angeles,California,West,Furniture,Tables,4496.85,9,0.0,-1204.76
ORD-51505,2023-02-22,2023-02-24,Same Day,Consumer,Utah City,Utah,West,Office Supplies,Paper,6027.14,7,0.0,2361.1
ORD-51506,2021-04-16,2021-04-18,Standard Class,Corporate,Massachusetts City,Massachusetts,East,Office Supplies,Paper,3884.77,3,0.0,1499.96
ORD-51507,2022-08-17,2022-08-18,Standard Class,Consumer,Nevada City,Nevada,West,Technology,Machines,175.7,4,0.1,77.29
ORD-51508,2021-07-02,2021-07-07,First Class,Consumer,Missouri City,Missouri,Central,Furniture,Chairs,14955.77,8,0.0,2431.02
ORD-51509,2021-04-28,2021-05-05,Standard Class,Home Office,Missouri City,Missouri,Central,Furniture,Tables,52.17,1,0.0,-14.37
ORD-51510,2022-07-01,2022-07-04,Standard Class,Consumer,Orlando,Florida,South,Technology,Copiers,12658.48,6,0.0,-1603.03
ORD-51511,2023-09-08,2023-09-13,First Class,Consumer,New Jersey City,New Jersey,East,Office Supplies,Art,166.26,6,0.4,59.48
ORD-51512,2022-08-14,2022-08-17,Standard Class,Consumer,Rhode Island City,Rhode Island,East,Furniture,Chairs,10342.51,5,0.0,4517.98
ORD-51513,2020-03-17,2020-03-22,Standard Class,Corporate,Tampa,Florida,South,Furniture,Chairs,16100.73,7,0.0,-1390.03
ORD-51514,2024-05-24,2024-05-27,Standard Class,Corporate,Harrisburg,Pennsylvania,East,Furniture,Furnishings,2221.89,9,0.25,-238.29
ORD-51515,2021-12-28,2021-12-29,Standard Class,Consumer,Massachusetts City,Massachusetts,East,Office Supplies,Supplies,19114.56,9,0.0,-3053.06
ORD-51516,2022-02-12,2022-02-13,Standard Class,Corporate,Virginia City,Virginia,East,Technology,Phones,8475.86,4,0.1,-371.23
ORD-51517,2022-09-19,2022-09-24,Standard Class,Consumer,Alabama City,Alabama,South,Technology,Machines,2767.56,6,0.0,129.8
ORD-51518,2020-08-11,2020-08-17,Standard Class,Consumer,Connecticut City,Connecticut,East,Office Supplies,Art,2225.4,2,0.25,321.63
ORD-51519,2020-07-25,2020-07-29,First Class,Corporate,Mississippi City,Mississippi,South,Technology,Machines,9892.71,8,0.5,-1810.91
ORD-51520,2024-12-27,2025-01-03,Second Class,Consumer,Arkansas City,Arkansas,South,Furniture,Bookcases,10337.65,8,0.0,-3032.89
ORD-51521,2023-09-13,2023-09-19,Standard Class,Home Office,Seattle,Washington,West,Technology,Copiers,4425.23,3,0.0,385.41
ORD-51522,2020-06-25,2020-06-26,First Class,Corporate,Rhode Island City,Rhode Island,East,Furniture,Bookcases,13659.24,7,0.0,-868.15
ORD-51523,2020-12-13,2020-12-19,Second Class,Consumer,Louisiana City,Louisiana,South,Technology,Accessories,117.43,2,0.0,42.47
ORD-51524,2024-03-28,2024-04-03,Standard Class,Consumer,Delaware City,Delaware,East,Furniture,Chairs,5020.37,9,0.0,1120.17
ORD-51525,2020-11-14,2020-11-18,Standard Class,Consumer,South Carolina City,South Carolina,South,Office Supplies,Supplies,8034.0,9,0.2,-420.49
ORD-51526,2022-07-17,2022-07-21,Second Class,Corporate,Wisconsin City,Wisconsin,Central,Office Supplies,Binders,1476.96,2,0.25,-211.37
ORD-51527,2020-11-09,2020-11-16,Second Class,Consumer,Austin,Texas,Central,Office Supplies,Binders,7152.17,7,0.0,-1920.63
ORD-51528,2023-04-09,2023-04-15,Second Class,Home Office,Albany,New York,East,Office Supplies,Labels,2863.52,2,0.4,-520.16
ORD-51529,2024-05-26,2024-06-01,Standard Class,Consumer,Maryland City,Maryland,East,Technology,Copiers,1353.34,2,0.3,-230.48
ORD-51530,2024-06-17,2024-06-22,Second Class,Consumer,Mississippi City,Mississippi,South,Technology,Accessories,3919.68,4,0.0,-385.39
ORD-51531,2022-02-17,2022-02-22,Second Class,Consumer,Utah City,Utah,West,Office Supplies,Storage,1729.28,1,0.3,-272.37
ORD-51532,2023-06-27,2023-06-29,Standard Class,Consumer,Nevada City,Nevada,West,Technology,Phones,9160.24,4,0.0,826.8
ORD-51533,2023-03-29,2023-04-03,Standard Class,Home Office,Virginia City,Virginia,East,Office Supplies,Binders,11876.83,7,0.0,3565.14
ORD-51534,2022-04-29,2022-04-30,Standard Class,Consumer,Louisiana City,Louisiana,South,Office Supplies,Binders,6579.82,4,0.0,166.44
ORD-51535,2022-01-13,2022-01-16,Standard Class,Home Office,Wisconsin City,Wisconsin,Central,Technology,Copiers,9894.75,8,0.0,295.51
ORD-51536,2023-04-13,2023-04-14,First Class,Consumer,Vermont City,Vermont,East,Furniture,Chairs,232.84,4,0.0,100.91
ORD-51537,2023-09-04,2023-09-11,Second Class,Home Office,Spokane,Washington,West,Technology,Phones,22008.73,9,0.0,-6323.77
ORD-51538,2023-04-03,2023-04-04,Standard Class,Home Office,Arizona City,Arizona,West,Furniture,Tables,588.01,2,0.15,149.86
ORD-51539,2020-09-21,2020-09-26,Second Class,Consumer,Buffalo,New York,East,Technology,Phones,5684.23,7,0.2,-469.22
ORD-51540,2020-03-09,2020-03-15,Second Class,Consumer,Colorado City,Colorado,West,Office Supplies,Fasteners,3903.51,2,0.0,-1060.11
ORD-51541,2021-09-19,2021-09-25,Standard Class,Home Office,Nevada City,Nevada,West,Furniture,Tables,1260.58,2,0.5,-12.22
ORD-51542,2023-09-09,2023-09-13,First Class,Consumer,Kentucky City,Kentucky,South,Office Supplies,Storage,10217.95,5,0.0,-50.21
ORD-51543,2021-08-03,2021-08-04,Standard Class,Corporate,Mississippi City,Mississippi,South,Office Supplies,Labels,9134.6,7,0.0,70.55
ORD-51544,2021-05-29,2021-06-05,Standard Class,Corporate,Mississippi City,Mississippi,South,Technology,Copiers,2349.93,5,0.2,681.39
ORD-51545,2022-12-07,2022-12-10,Second Class,Corporate,Missouri City,Missouri,Central,Technology,Copiers,8811.5,5,0.0,451.53
ORD-51546,2022-03-19,2022-03-23,First Class,Corporate,Connecticut City,Connecticut,East,Furniture,Chairs,4332.8,6,0.0,-808.79
ORD-51547,2020-01-19,2020-01-26,Standard Class,Consumer,Harrisburg,Pennsylvania,East,Office Supplies,Paper,2488.34,5,0.0,-533.15
ORD-51548,2021-05-25,2021-05-27,Second Class,Consumer,Sacramento,California,West,Technology,Phones,799.81,8,0.0,-71.06
ORD-51549,2020-08-07,2020-08-14,Standard Class,Consumer,Arkansas City,Arkansas,South,Technology,Machines,21306.58,9,0.0,-5208.56
ORD-51550,2021-06-13,2021-06-18,Standard Class,Consumer,Tampa,Florida,South,Office Supplies,Supplies,6398.62,6,0.0,-935.35
ORD-51551,2024-11-15,2024-11-19,Standard Class,Consumer,Savannah,Georgia,South,Furniture,Furnishings,14029.34,7,0.15,2157.04
ORD-51552,2023-09-05,2023-09-09,Second Class,Corporate,New Jersey City,New Jersey,East,Technology,Phones,10318.02,8,0.0,1364.15
ORD-51553,2022-10-02,2022-10-04,Standard Class,Corporate,Idaho City,Idaho,West,Technology,Accessories,1992.39,6,0.0,760.59
ORD-51554,2020-02-23,2020-02-27,First Class,Home Office,Pittsburgh,Pennsylvania,East,Furniture,Bookcases,3706.67,4,0.0,-552.99
ORD-51555,2024-05-23,2024-05-25,Standard Class,Consumer,Minnesota City,Minnesota,Central,Furniture,Chairs,9494.55,9,0.0,1947.5
ORD-51556,2022-05-12,2022-05-15,First Class,Consumer,South Carolina City,South Carolina,South,Office Supplies,Supplies,3379.52,2,0.0,934.61
ORD-51557,2021-12-27,2021-12-30,Standard Class,Corporate,Oregon City,Oregon,West,Furniture,Chairs,5185.68,5,0.0,1899.33
ORD-51558,2024-02-06,2024-02-11,First Class,Home Office,Iowa City,Iowa,Central,Office Supplies,Binders,6976.91,9,0.15,-737.29
ORD-51559,2024-02-13,2024-02-20,Standard Class,Consumer,Minnesota City,Minnesota,Central,Technology,Accessories,7449.23,5,0.25,896.47
ORD-51560,2021-11-08,2021-11-13,Second Class,Consumer,Austin,Texas,Central,Technology,Phones,2740.97,6,0.0,-506.37
ORD-51561,2022-07-16,2022-07-19,Standard Class,Corporate,New Jersey City,New Jersey,East,Office Supplies,Storage,1682.66,1,0.0,-419.54
ORD-51562,2022-01-09,2022-01-10,Second Class,Consumer,Arizona City,Arizona,West,Technology,Accessories,2078.13,1,0.0,449.49
ORD-51563,2021-10-19,2021-10-21,Standard Class,Consumer,Idaho City,Idaho,West,Furniture,Bookcases,8819.02,4,0.0,-222.88
ORD-51564,2020-07-14,2020-07-16,Second Class,Consumer,Missouri City,Missouri,Central,Furniture,Bookcases,16169.41,8,0.0,-4178.19
ORD-51565,2022-07-26,2022-07-31,Standard Class,Corporate,Grand Rapids,Michigan,Central,Technology,Copiers,15550.62,9,0.0,529.56
ORD-51566,2020-09-08,2020-09-13,Standard Class,Corporate,Louisiana City,Louisiana,South,Office Supplies,Fasteners,12653.91,8,0.15,-2467.14
ORD-51567,2020-12-23,2020-12-26,Standard Class,Consumer,Colorado City,Colorado,West,Office Supplies,Paper,2330.76,2,0.2,617.59
ORD-51568,2021-03-30,2021-04-03,Standard Class,Consumer,Nebraska City,Nebraska,Central,Furniture,Chairs,1449.89,7,0.0,-132.31
ORD-51569,2021-07-06,2021-07-13,Standard Class,Consumer,Delaware City,Delaware,East,Office Supplies,Supplies,8682.46,4,0.0,-1009.73
ORD-51570,2024-02-20,2024-02-22,Standard Class,Corporate,New Jersey City,New Jersey,East,Office Supplies,Storage,8662.03,6,0.1,574.5
ORD-51571,2023-06-08,2023-06-13,Standard Class,Consumer,South Carolina City,South Carolina,South,Technology,Machines,4223.59,3,0.0,-861.56
ORD-51572,2022-06-04,2022-06-06,Standard Class,Consumer,Arizona City,Arizona,West,Furniture,Tables,2360.65,2,0.0,756.33
ORD-51573,2021-01-16,2021-01-21,Standard Class,Consumer,Missouri City,Missouri,Central,Office Supplies,Binders,414.6,4,0.0,-14.34
ORD-51574,2020-04-12,2020-04-13,Standard Class,Consumer,Sacramento,California,West,Office Supplies,Binders,3794.84,8,0.3,1612.02
ORD-51575,2020-04-20,2020-04-23,Standard Class,Corporate,New Mexico City,New Mexico,West,Technology,Phones,4102.01,2,0.0,-861.78
ORD-51576,2022-08-22,2022-08-26,Second Class,Home Office,Rhode Island City,Rhode Island,East,Technology,Machines,10560.77,5,0.1,3570.64
ORD-51577,2023-03-11,2023-03-12,Standard Class,Consumer,Nebraska City,Nebraska,Central,Technology,Machines,5431.5,5,0.0,169.13
ORD-51578,2020-07-23,2020-07-26,Standard Class,Consumer,Atlanta,Georgia,South,Office Supplies,Storage,8766.78,6,0.0,3933.5
ORD-51579,2021-09-25,2021-10-02,Standard Class,Corporate,Kentucky City,Kentucky,South,Technology,Copiers,3444.91,5,0.0,-828.99
ORD-51580,2022-08-11,2022-08-12,Standard Class,Corporate,Arkansas City,Arkansas,South,Furniture,Furnishings,466.15,2,0.0,53.06
ORD-51581,2024-12-18,2024-12-25,Standard Class,Consumer,Nevada City,Nevada,West,Office Supplies,Art,5354.08,8,0.3,-794.22
ORD-51582,2022-09-29,2022-10-06,Standard Class,Consumer,Delaware City,Delaware,East,Office Supplies,Art,2923.09,9,0.2,797.14
ORD-51583,2022-10-20,2022-10-24,First Class,Home Office,Montana City,Montana,West,Furniture,Furnishings,638.02,5,0.2,-91.21
ORD-51584,2021-07-09,2021-07-15,Standard Class,Home Office,New Jersey City,New Jersey,East,Office Supplies,Binders,9716.92,8,0.5,-1482.41
ORD-51585,2020-10-17,2020-10-20,Second Class,Home Office,Massachusetts City,Massachusetts,East,Furniture,Furnishings,3441.97,3,0.5,1488.24
ORD-51586,2022-11-05,2022-11-10,First Class,Corporate,New Mexico City,New Mexico,West,Furniture,Chairs,6291.56,6,0.0,2617.06
ORD-51587,2022-05-07,2022-05-08,Standard Class,Corporate,Maryland City,Maryland,East,Technology,Phones,1177.46,3,0.0,-179.55
ORD-51588,2024-08-05,2024-08-08,First Class,Corporate,Missouri City,Missouri,Central,Office Supplies,Binders,5114.17,4,0.1,1658.0
ORD-51589,2020-02-13,2020-02-14,Standard Class,Corporate,South Carolina City,South Carolina,South,Office Supplies,Supplies,4641.66,3,0.0,-14.18
ORD-51590,2022-02-23,2022-02-27,Standard Class,Corporate,Massachusetts City,Massachusetts,East,Office Supplies,Paper,4057.09,9,0.5,1631.4
ORD-51591,2022-04-09,2022-04-16,Same Day,Corporate,San Francisco,California,West,Office Supplies,Envelopes,3483.01,5,0.2,777.5
ORD-51592,2022-03-07,2022-03-11,Standard Class,Corporate,New Mexico City,New Mexico,West,Technology,Copiers,14124.24,9,0.0,2465.78
ORD-51593,2020-08-27,2020-08-29,Standard Class,Consumer,Houston,Texas,Central,Furniture,Furnishings,763.14,1,0.1,-136.06
ORD-51594,2021-08-23,2021-08-24,Standard Class,Home Office,New Mexico City,New Mexico,West,Furniture,Furnishings,6474.65,7,0.1,-147.2
ORD-51595,2021-01-25,2021-01-31,Standard Class,Corporate,North Carolina City,North Carolina,South,Office Supplies,Paper,4881.87,2,0.0,-766.27
ORD-51596,2023-03-06,2023-03-09,Standard Class,Consumer,Montana City,Montana,West,Office Supplies,Labels,6855.37,7,0.1,-32.58
ORD-51597,2024-11-18,2024-11-25,Standard Class,Corporate,Arizona City,Arizona,West,Technology,Accessories,4251.25,3,0.0,161.55
ORD-51598,2021-10-25,2021-10-31,Second Class,Consumer,Massachusetts City,Massachusetts,East,Office Supplies,Envelopes,10501.77,7,0.0,889.47
ORD-51599,2024-01-19,2024-01-22,Standard Class,Consumer,Colorado City,Colorado,West,Furniture,Bookcases,12937.31,6,0.0,3709.9
ORD-51600,2022-04-26,2022-05-01,Standard Class,Corporate,North Carolina City,North Carolina,South,Office Supplies,Supplies,4442.8,3,0.1,1432.66
ORD-51601,2024-11-25,2024-11-26,Same Day,Home Office,Arkansas City,Arkansas,South,Furniture,Furnishings,9864.37,6,0.0,3683.09
ORD-51602,2024-12-14,2024-12-21,Standard Class,Consumer,San Antonio,Texas,Central,Furniture,Chairs,5346.06,9,0.0,1140.51
ORD-51603,2020-11-25,2020-12-02,First Class,Home Office,Oregon City,Oregon,West,Furniture,Tables,3347.77,7,0.25,-558.27
ORD-51604,2022-11-10,2022-11-17,Standard Class,Corporate,Massachusetts City,Massachusetts,East,Technology,Copiers,5203.8,3,0.0,-1391.29
ORD-51605,2020-08-17,2020-08-20,Second Class,Consumer,Rhode Island City,Rhode Island,East,Office Supplies,Binders,4711.65,7,0.4,583.76
ORD-51606,2023-08-21,2023-08-24,First Class,Consumer,Kentucky City,Kentucky,South,Office Supplies,Supplies,907.15,5,0.0,-231.07
ORD-51607,2024-01-25,2024-01-31,Standard Class,Home Office,North Carolina City,North Carolina,South,Furniture,Tables,13490.28,9,0.0,5659.13
ORD-51608,2020-09-22,2020-09-23,Standard Class,Corporate,New Mexico City,New Mexico,West,Office Supplies,Storage,2999.88,7,0.0,1049.39
ORD-51609,2022-07-24,2022-07-25,Standard Class,Corporate,Nebraska City,Nebraska,Central,Furniture,Furnishings,16375.0,9,0.2,2929.39
ORD-51610,2021-11-22,2021-11-27,Second Class,Home Office,Seattle,Washington,West,Furniture,Furnishings,9240.36,6,0.0,3342.14
ORD-51611,2023-06-26,2023-07-03,Second Class,Consumer,Rhode Island City,Rhode Island,East,Office Supplies,Supplies,16289.34,9,0.0,1688.62
ORD-51612,2021-04-23,2021-04-24,Second Class,Corporate,North Carolina City,North Carolina,South,Technology,Phones,12454.92,8,0.0,-901.04
ORD-51613,2024-02-27,2024-02-28,Standard Class,Home Office,Missouri City,Missouri,Central,Furniture,Bookcases,1109.65,1,0.25,304.48
ORD-51614,2024-06-11,2024-06-12,Standard Class,Consumer,Wisconsin City,Wisconsin,Central,Office Supplies,Storage,1604.52,1,0.0,-412.83
ORD-51615,2021-11-30,2021-12-03,Standard Class,Consumer,Columbus,Ohio,Central,Office Supplies,Storage,2262.21,1,0.0,674.53
ORD-51616,2022-08-01,2022-08-02,Standard Class,Consumer,Oregon City,Oregon,West,Office Supplies,Labels,3153.02,6,0.0,346.79
ORD-51617,2024-01-08,2024-01-14,Standard Class,Consumer,Utah City,Utah,West,Office Supplies,Binders,5593.61,3,0.0,2284.23
ORD-51618,2023-11-27,2023-12-04,Standard Class,Consumer,Pittsburgh,Pennsylvania,East,Office Supplies,Fasteners,617.35,1,0.3,240.77
ORD-51619,2023-04-12,2023-04-13,Standard Class,Corporate,South Carolina City,South Carolina,South,Office Supplies,Binders,2378.55,4,0.0,988.92
ORD-51620,2022-10-23,2022-10-26,Second Class,Home Office,Massachusetts City,Massachusetts,East,Technology,Copiers,19198.62,8,0.0,-5045.21
ORD-51621,2024-11-04,2024-11-05,First Class,Consumer,Savannah,Georgia,South,Furniture,Tables,2459.47,1,0.0,-6.34
ORD-51622,2024-10-28,2024-11-03,Second Class,Corporate,Nebraska City,Nebraska,Central,Technology,Machines,3312.12,2,0.0,-678.1
ORD-51623,2022-08-04,2022-08-06,Standard Class,Consumer,Dallas,Texas,Central,Technology,Accessories,450.19,2,0.0,129.63
ORD-51624,2021-03-14,2021-03-15,Standard Class,Home Office,Montana City,Montana,West,Technology,Copiers,2674.89,6,0.5,277.08
ORD-51625,2020-02-26,2020-02-28,Standard Class,Consumer,Nevada City,Nevada,West,Technology,Accessories,5911.08,3,0.15,280.32
ORD-51626,2022-12-15,2022-12-20,Standard Class,Home Office,Mississippi City,Mississippi,South,Furniture,Bookcases,5849.17,5,0.0,-902.08
ORD-51627,2020-01-23,2020-01-30,Standard Class,Home Office,Arizona City,Arizona,West,Office Supplies,Storage,9734.3,9,0.0,114.98
ORD-51628,2021-07-18,2021-07-22,Standard Class,Corporate,Lansing,Michigan,Central,Furniture,Tables,91.58,1,0.15,-10.99
ORD-51629,2022-05-10,2022-05-11,Standard Class,Home Office,Rhode Island City,Rhode Island,East,Furniture,Bookcases,2289.6,3,0.0,544.88
ORD-51630,2021-06-05,2021-06-12,Standard Class,Consumer,Cincinnati,Ohio,Central,Office Supplies,Supplies,13919.81,9,0.0,4377.91
ORD-51631,2020-04-19,2020-04-21,First Class,Consumer,Missouri City,Missouri,Central,Technology,Copiers,70.15,3,0.0,-12.5
ORD-51632,2024-11-18,2024-11-19,Second Class,Consumer,Maryland City,Maryland,East,Furniture,Bookcases,1242.58,1,0.1,121.58
ORD-51633,2024-04-08,2024-04-10,Second Class,Corporate,Vermont City,Vermont,East,Technology,Machines,14043.42,9,0.0,3133.67
ORD-51634,2022-02-09,2022-02-10,Same Day,Consumer,Orlando,Florida,South,Technology,Machines,2290.84,8,0.0,933.22
ORD-51635,2024-08-24,2024-08-27,Standard Class,Consumer,Columbus,Ohio,Central,Furniture,Tables,1290.64,9,0.25,133.32
ORD-51636,2020-09-15,2020-09-22,Standard Class,Corporate,Montana City,Montana,West,Technology,Copiers,2044.55,2,0.0,-25.53
ORD-51637,2021-07-15,2021-07-22,Same Day,Corporate,Rhode Island City,Rhode Island,East,Office Supplies,Fasteners,3173.3,4,0.1,663.79
ORD-51638,2021-08-13,2021-08-14,Standard Class,Consumer,Nevada City,Nevada,West,Furniture,Furnishings,16744.69,9,0.1,7067.14
ORD-51639,2023-04-21,2023-04-27,Standard Class,Home Office,Detroit,Michigan,Central,Technology,Copiers,2211.95,1,0.0,-437.59
ORD-51640,2022-04-02,2022-04-04,Standard Class,Consumer,Nevada City,Nevada,West,Furniture,Furnishings,4622.04,8,0.0,-1032.81
ORD-51641,2020-02-19,2020-02-21,Standard Class,Home Office,Louisiana City,Louisiana,South,Office Supplies,Labels,8901.66,9,0.0,-437.65
ORD-51642,2022-09-17,2022-09-18,Standard Class,Corporate,Virginia City,Virginia,East,Furniture,Bookcases,6091.13,3,0.0,2148.76
ORD-51643,2021-10-18,2021-10-20,First Class,Corporate,Virginia City,Virginia,East,Furniture,Chairs,915.32,2,0.0,203.32
ORD-51644,2024-03-04,2024-03-06,Standard Class,Corporate,Arkansas City,Arkansas,South,Office Supplies,Storage,1499.12,1,0.1,349.7
ORD-51645,2021-02-21,2021-02-27,First Class,Consumer,Albany,New York,East,Office Supplies,Storage,1372.86,4,0.0,165.51
ORD-51646,2023-09-15,2023-09-19,Standard Class,Corporate,Utah City,Utah,West,Furniture,Furnishings,1162.88,5,0.3,202.62
ORD-51647,2022-10-09,2022-10-14,Standard Class,Home Office,Wisconsin City,Wisconsin,Central,Furniture,Bookcases,6465.35,7,0.0,-1738.93
ORD-51648,2023-05-13,2023-05-19,Standard Class,Corporate,New Mexico City,New Mexico,West,Furniture,Chairs,6511.39,9,0.3,-827.1
ORD-51649,2020-10-26,2020-11-01,Standard Class,Consumer,New Mexico City,New Mexico,West,Furniture,Chairs,1800.72,8,0.0,221.11
ORD-51650,2023-06-28,2023-07-04,First Class,Consumer,Harrisburg,Pennsylvania,East,Furniture,Tables,6924.73,6,0.0,2636.41
ORD-51651,2024-10-22,2024-10-26,Standard Class,Consumer,Tennessee City,Tennessee,South,Office Supplies,Supplies,1264.57,1,0.0,332.03
ORD-51652,2022-11-26,2022-12-03,Standard Class,Consumer,Springfield,Illinois,Central,Technology,Accessories,6323.02,5,0.15,1599.32
ORD-51653,2024-05-27,2024-05-30,Standard Class,Consumer,Harrisburg,Pennsylvania,East,Office Supplies,Art,2373.83,4,0.0,160.46
ORD-51654,2023-08-05,2023-08-07,First Class,Consumer,San Antonio,Texas,Central,Office Supplies,Fasteners,7571.8,4,0.0,1047.7
ORD-51655,2023-10-31,2023-11-05,Second Class,Consumer,North Carolina City,North Carolina,South,Office Supplies,Envelopes,5441.36,5,0.3,-660.63
ORD-51656,2023-08-07,2023-08-14,Same Day,Home Office,Connecticut City,Connecticut,East,Furniture,Furnishings,400.99,4,0.25,-112.61
ORD-51657,2021-09-08,2021-09-10,First Class,Consumer,Dallas,Texas,Central,Furniture,Chairs,5492.91,5,0.0,-1062.44
ORD-51658,2021-11-24,2021-11-28,First Class,Consumer,Savannah,Georgia,South,Office Supplies,Binders,701.43,5,0.0,-103.07
ORD-51659,2020-04-23,2020-04-27,Standard Class,Consumer,Spokane,Washington,West,Office Supplies,Supplies,2790.87,2,0.0,-281.93
ORD-51660,2022-01-21,2022-01-24,Standard Class,Consumer,Missouri City,Missouri,Central,Technology,Phones,8800.7,6,0.0,1984.99
ORD-51661,2024-03-21,2024-03-27,Standard Class,Home Office,Iowa City,Iowa,Central,Office Supplies,Envelopes,8244.08,5,0.0,3441.56
ORD-51662,2022-02-12,2022-02-17,Standard Class,Consumer,Minnesota City,Minnesota,Central,Technology,Copiers,3817.88,5,0.5,491.6
ORD-51663,2023-06-26,2023-07-01,Second Class,Corporate,Vermont City,Vermont,East,Technology,Copiers,7241.03,3,0.0,392.45
ORD-51664,2021-02-18,2021-02-25,First Class,Consumer,Connecticut City,Connecticut,East,Technology,Phones,821.39,1,0.0,168.57
ORD-51665,2024-05-15,2024-05-16,First Class,Corporate,Utah City,Utah,West,Office Supplies,Paper,14901.11,6,0.0,3312.25
ORD-51666,2021-11-20,2021-11-26,Second Class,Corporate,Delaware City,Delaware,East,Office Supplies,Paper,2106.09,5,0.0,884.66
ORD-51667,2024-12-14,2024-12-20,Standard Class,Consumer,Louisiana City,Louisiana,South,Furniture,Tables,191.5,3,0.3,-52.36
ORD-51668,2024-09-18,2024-09-21,Standard Class,Corporate,Connecticut City,Connecticut,East,Furniture,Bookcases,11487.69,6,0.0,4312.98
ORD-51669,2024-04-09,2024-04-12,Standard Class,Consumer,Miami,Florida,South,Technology,Phones,75.79,1,0.0,25.01
ORD-51670,2023-02-27,2023-03-02,First Class,Corporate,Vermont City,Vermont,East,Office Supplies,Envelopes,3918.05,6,0.0,-537.95
ORD-51671,2023-08-31,2023-09-06,Standard Class,Consumer,Savannah,Georgia,South,Technology,Machines,9039.28,4,0.0,-1031.32
ORD-51672,2020-04-10,2020-04-15,Standard Class,Corporate,Connecticut City,Connecticut,East,Furniture,Chairs,10897.35,5,0.0,4504.21
ORD-51673,2020-06-03,2020-06-06,Standard Class,Consumer,Idaho City,Idaho,West,Office Supplies,Storage,2920.28,4,0.0,425.46
ORD-51674,2022-10-09,2022-10-16,Standard Class,Consumer,Iowa City,Iowa,Central,Technology,Phones,6372.72,3,0.0,-9.75
ORD-51675,2022-01-26,2022-01-27,Standard Class,Home Office,Oregon City,Oregon,West,Furniture,Furnishings,4832.83,9,0.1,-593.81
ORD-51676,2020-08-20,2020-08-26,Second Class,Corporate,Tennessee City,Tennessee,South,Technology,Machines,3152.58,7,0.15,1253.75
ORD-51677,2023-03-28,2023-04-04,Standard Class,Consumer,Mississippi City,Mississippi,South,Office Supplies,Storage,3197.15,3,0.0,-497.77
ORD-51678,2022-03-16,2022-03-18,Second Class,Consumer,North Carolina City,North Carolina,South,Office Supplies,Fasteners,5242.19,6,0.5,-957.04
ORD-51679,2024-04-27,2024-04-30,Standard Class,Corporate,Philadelphia,Pennsylvania,East,Office Supplies,Art,1082.63,7,0.15,125.02
ORD-51680,2023-10-01,2023-10-03,First Class,Consumer,Tennessee City,Tennessee,South,Technology,Machines,9582.52,6,0.0,1793.71
ORD-51681,2021-11-28,2021-12-03,Same Day,Home Office,Missouri City,Missouri,Central,Furniture,Furnishings,3760.12,7,0.25,1655.0
ORD-51682,2024-10-05,2024-10-11,Standard Class,Home Office,Kansas City,Kansas,Central,Office Supplies,Storage,1824.86,5,0.0,-378.9
ORD-51683,2023-07-17,2023-07-22,Same Day,Consumer,Rhode Island City,Rhode Island,East,Office Supplies,Storage,3393.04,2,0.0,789.16
ORD-51684,2021-01-25,2021-01-27,Standard Class,Corporate,Orlando,Florida,South,Technology,Copiers,21949.79,9,0.0,3463.05
ORD-51685,2021-07-06,2021-07-11,Standard Class,Consumer,Virginia City,Virginia,East,Technology,Machines,4985.32,8,0.0,918.05
ORD-51686,2020-01-05,2020-01-10,Second Class,Home Office,Tennessee City,Tennessee,South,Office Supplies,Labels,12990.52,9,0.0,-3451.65
ORD-51687,2022-10-22,2022-10-26,Standard Class,Consumer,Peoria,Illinois,Central,Technology,Accessories,109.76,1,0.0,35.12
ORD-51688,2022-07-12,2022-07-17,Same Day,Corporate,Cincinnati,Ohio,Central,Office Supplies,Binders,19306.22,9,0.0,-2890.72
ORD-51689,2023-07-20,2023-07-23,Second Class,Consumer,Alabama City,Alabama,South,Office Supplies,Labels,774.67,6,0.0,193.16
ORD-51690,2024-08-30,2024-09-02,Second Class,Consumer,Buffalo,New York,East,Technology,Phones,4461.38,7,0.2,1751.57
ORD-51691,2023-04-30,2023-05-05,Standard Class,Consumer,Wisconsin City,Wisconsin,Central,Office Supplies,Labels,13148.47,6,0.0,1645.06
ORD-51692,2023-05-11,2023-05-14,Standard Class,Consumer,Utah City,Utah,West,Office Supplies,Binders,8920.59,8,0.3,2109.9
ORD-51693,2022-06-04,2022-06-05,Same Day,Corporate,Nevada City,Nevada,West,Office Supplies,Binders,17922.45,9,0.0,5606.33
ORD-51694,2024-06-29,2024-06-30,First Class,Consumer,Nevada City,Nevada,West,Furniture,Furnishings,2528.17,2,0.0,571.72
ORD-51695,2020-02-04,2020-02-11,Standard Class,Corporate,Cincinnati,Ohio,Central,Technology,Phones,2702.92,7,0.0,803.97
ORD-51696,2024-02-01,2024-02-06,Standard Class,Consumer,Oregon City,Oregon,West,Furniture,Furnishings,2244.11,3,0.4,667.65
ORD-51697,2024-12-19,2024-12-25,Standard Class,Home Office,Arizona City,Arizona,West,Furniture,Furnishings,93.37,5,0.4,-14.92
ORD-51698,2021-02-28,2021-03-07,Same Day,Home Office,Nebraska City,Nebraska,Central,Furniture,Furnishings,4357.56,5,0.0,-761.15
ORD-51699,2021-01-04,2021-01-09,Standard Class,Home Office,San Diego,California,West,Technology,Accessories,1412.69,1,0.0,376.66
ORD-51700,2021-03-01,2021-03-08,Standard Class,Home Office,Detroit,Michigan,Central,Office Supplies,Art,1546.13,6,0.0,-161.78
ORD-51701,2022-01-26,2022-01-27,First Class,Home Office,Tampa,Florida,South,Office Supplies,Labels,2980.19,3,0.0,420.41
ORD-51702,2024-08-16,2024-08-21,Standard Class,Consumer,North Carolina City,North Carolina,South,Office Supplies,Paper,1397.79,5,0.3,-170.02
ORD-51703,2021-07-24,2021-07-26,Second Class,Corporate,Spokane,Washington,West,Furniture,Furnishings,5560.23,4,0.0,994.89
ORD-51704,2023-08-05,2023-08-10,Standard Class,Corporate,Vermont City,Vermont,East,Technology,Accessories,4855.81,4,0.0,1852.23
ORD-51705,2024-03-12,2024-03-16,Standard Class,Corporate,New Mexico City,New Mexico,West,Office Supplies,Labels,6600.38,3,0.0,-993.81
ORD-51706,2021-11-28,2021-11-30,Second Class,Consumer,Orlando,Florida,South,Furniture,Furnishings,1885.08,2,0.0,801.65
ORD-51707,2024-12-02,2024-12-03,Standard Class,Corporate,Arizona City,Arizona,West,Furniture,Bookcases,6447.9,4,0.1,-631.39
ORD-51708,2023-02-11,2023-02-12,Standard Class,Corporate,Sacramento,California,West,Furniture,Chairs,8011.03,6,0.1,1698.53
ORD-51709,2024-06-13,2024-06-14,Standard Class,Consumer,Nevada City,Nevada,West,Technology,Machines,2002.69,6,0.0,-80.95
ORD-51710,2023-01-28,2023-02-02,Standard Class,Corporate,Utah City,Utah,West,Furniture,Tables,4942.97,2,0.0,-478.4
ORD-51711,2020-12-25,2020-12-30,Standard Class,Corporate,Virginia City,Virginia,East,Technology,Machines,5895.81,7,0.0,360.35
ORD-51712,2022-01-13,2022-01-20,Standard Class,Consumer,North Carolina City,North Carolina,South,Technology,Accessories,2862.9,3,0.0,-682.37
ORD-51713,2020-08-05,2020-08-09,Second Class,Corporate,Virginia City,Virginia,East,Technology,Copiers,450.84,4,0.0,83.71
ORD-51714,2020-10-05,2020-10-10,Second Class,Consumer,New Jersey City,New Jersey,East,Technology,Machines,19045.12,8,0.0,-4327.23
ORD-51715,2020-10-21,2020-10-23,Standard Class,Consumer,Detroit,Michigan,Central,Furniture,Furnishings,10025.27,5,0.0,-1210.36
ORD-51716,2020-06-15,2020-06-19,First Class,Corporate,Tennessee City,Tennessee,South,Technology,Accessories,2218.36,2,0.0,98.9
ORD-51717,2020-04-13,2020-04-19,Standard Class,Corporate,Utah City,Utah,West,Technology,Copiers,2047.51,8,0.2,669.31
ORD-51718,2023-11-03,2023-11-05,Second Class,Consumer,Utah City,Utah,West,Office Supplies,Labels,10134.19,8,0.2,3310.65
ORD-51719,2021-06-13,2021-06-16,Standard Class,Home Office,New Mexico City,New Mexico,West,Office Supplies,Art,6975.13,7,0.0,-380.14
ORD-51720,2023-09-30,2023-10-07,Standard Class,Home Office,Tennessee City,Tennessee,South,Office Supplies,Supplies,1695.19,7,0.0,-310.8
ORD-51721,2021-01-26,2021-01-27,Standard Class,Consumer,Wisconsin City,Wisconsin,Central,Furniture,Bookcases,2570.7,2,0.0,700.21
ORD-51722,2024-04-30,2024-05-02,Standard Class,Home Office,Mississippi City,Mississippi,South,Technology,Copiers,4577.55,3,0.0,2048.96
ORD-51723,2022-11-30,2022-12-07,Standard Class,Consumer,Alabama City,Alabama,South,Furniture,Tables,2873.95,5,0.25,-758.4
ORD-51724,2021-03-29,2021-03-30,Standard Class,Corporate,Utah City,Utah,West,Technology,Copiers,8495.77,4,0.0,2883.4
ORD-51725,2021-08-19,2021-08-22,Standard Class,Corporate,Los Angeles,California,West,Technology,Machines,6542.01,4,0.0,2882.36
ORD-51726,2023-10-30,2023-11-06,Standard Class,Consumer,Kansas City,Kansas,Central,Furniture,Tables,1781.37,3,0.0,202.65
ORD-51727,2023-12-17,2023-12-23,Standard Class,Consumer,Wisconsin City,Wisconsin,Central,Furniture,Furnishings,4173.66,4,0.0,-145.75
ORD-51728,2022-11-20,2022-11-25,First Class,Home Office,Arkansas City,Arkansas,South,Office Supplies,Storage,3199.35,3,0.0,417.38
ORD-51729,2021-04-11,2021-04-15,Standard Class,Corporate,Iowa City,Iowa,Central,Furniture,Tables,2738.19,3,0.4,32.63
ORD-51730,2021-08-25,2021-08-26,First Class,Consumer,New York City,New York,East,Office Supplies,Art,2582.91,6,0.0,190.53
ORD-51731,2020-02-24,2020-02-29,Standard Class,Consumer,Minnesota City,Minnesota,Central,Furniture,Chairs,3742.02,5,0.25,312.77
ORD-51732,2022-12-22,2022-12-25,Second Class,Consumer,Rhode Island City,Rhode Island,East,Technology,Phones,6273.12,3,0.0,-802.56
ORD-51733,2021-10-16,2021-10-22,Second Class,Corporate,Augusta,Georgia,South,Office Supplies,Binders,1559.25,2,0.5,407.95
ORD-51734,2020-04-13,2020-04-19,First Class,Consumer,Colorado City,Colorado,West,Office Supplies,Binders,4988.5,4,0.1,-1180.81
ORD-51735,2024-10-27,2024-10-29,Standard Class,Consumer,Cincinnati,Ohio,Central,Technology,Accessories,4700.23,3,0.2,929.98
ORD-51736,2022-12-24,2022-12-29,First Class,Corporate,Iowa City,Iowa,Central,Office Supplies,Fasteners,1377.31,9,0.0,-198.04
ORD-51737,2023-06-03,2023-06-09,Second Class,Home Office,San Francisco,California,West,Office Supplies,Labels,1163.36,2,0.3,484.82
ORD-51738,2023-12-11,2023-12-14,Standard Class,Consumer,Virginia City,Virginia,East,Technology,Machines,3779.68,5,0.2,217.16
ORD-51739,2021-11-14,2021-11-19,Standard Class,Corporate,Savannah,Georgia,South,Furniture,Furnishings,811.97,1,0.3,61.15
ORD-51740,2024-11-28,2024-12-05,First Class,Corporate,Nebraska City,Nebraska,Central,Technology,Copiers,11867.9,6,0.0,1107.06
ORD-51741,2021-11-15,2021-11-21,Standard Class,Home Office,Mississippi City,Mississippi,South,Furniture,Chairs,5930.13,7,0.1,1040.08
ORD-51742,2022-07-22,2022-07-28,Standard Class,Consumer,Springfield,Illinois,Central,Furniture,Bookcases,8050.22,9,0.0,769.04
ORD-51743,2022-09-20,2022-09-23,First Class,Corporate,Vermont City,Vermont,East,Furniture,Chairs,1627.1,2,0.5,-329.22
ORD-51744,2021-10-04,2021-10-11,Second Class,Consumer,New Mexico City,New Mexico,West,Office Supplies,Art,918.29,2,0.0,129.78
ORD-51745,2024-05-30,2024-06-06,Second Class,Home Office,Montana City,Montana,West,Office Supplies,Storage,1454.34,8,0.1,-69.85
ORD-51746,2022-11-17,2022-11-19,First Class,Consumer,Wisconsin City,Wisconsin,Central,Office Supplies,Supplies,1087.05,1,0.2,319.22
ORD-51747,2023-07-06,2023-07-09,Standard Class,Consumer,Arkansas City,Arkansas,South,Furniture,Furnishings,8508.17,4,0.1,3227.96
ORD-51748,2020-02-23,2020-02-27,Standard Class,Consumer,Kansas City,Kansas,Central,Furniture,Chairs,12278.14,6,0.0,3579.47
ORD-51749,2022-05-07,2022-05-14,Standard Class,Consumer,Atlanta,Georgia,South,Office Supplies,Art,12143.06,6,0.1,-2448.18
ORD-51750,2023-05-03,2023-05-05,Standard Class,Consumer,Nevada City,Nevada,West,Technology,Machines,13442.52,7,0.15,-2608.03
ORD-51751,2020-02-27,2020-02-28,First Class,Consumer,Orlando,Florida,South,Furniture,Bookcases,6691.06,7,0.1,-1834.87
ORD-51752,2024-05-18,2024-05-24,Standard Class,Consumer,New Mexico City,New Mexico,West,Office Supplies,Fasteners,956.2,1,0.0,227.35
ORD-51753,2023-10-14,2023-10-18,Standard Class,Consumer,Colorado City,Colorado,West,Furniture,Bookcases,3842.65,3,0.4,1182.57
ORD-51754,2020-07-09,2020-07-13,Same Day,Corporate,Nebraska City,Nebraska,Central,Technology,Machines,1911.52,1,0.0,39.15
ORD-51755,2022-02-02,2022-02-04,Second Class,Consumer,Maryland City,Maryland,East,Office Supplies,Binders,7885.36,6,0.0,1295.69
ORD-51756,2024-05-31,2024-06-05,Standard Class,Home Office,Atlanta,Georgia,South,Technology,Accessories,1471.21,2,0.5,-151.0
ORD-51757,2021-12-01,2021-12-05,Standard Class,Home Office,Lansing,Michigan,Central,Furniture,Chairs,3388.11,2,0.25,929.59
ORD-51758,2024-06-10,2024-06-17,Standard Class,Corporate,Utah City,Utah,West,Technology,Machines,3143.4,2,0.3,-549.36
ORD-51759,2023-11-25,2023-11-26,Standard Class,Corporate,Arizona City,Arizona,West,Technology,Accessories,229.53,2,0.0,-5.38
ORD-51760,2022-07-06,2022-07-10,Standard Class,Consumer,Philadelphia,Pennsylvania,East,Office Supplies,Storage,18135.72,9,0.15,2960.27
ORD-51761,2020-09-06,2020-09-13,First Class,Corporate,Montana City,Montana,West,Furniture,Chairs,1343.05,1,0.25,81.17
ORD-51762,2022-02-05,2022-02-12,Second Class,Corporate,Maryland City,Maryland,East,Technology,Phones,11617.39,7,0.0,2619.35
ORD-51763,2024-03-18,2024-03-24,Second Class,Home Office,Alabama City,Alabama,South,Technology,Copiers,21098.6,9,0.0,7968.67
ORD-51764,2021-12-18,2021-12-23,Standard Class,Home Office,New Mexico City,New Mexico,West,Office Supplies,Binders,5265.35,7,0.0,865.56
ORD-51765,2024-02-19,2024-02-24,Standard Class,Consumer,Wisconsin City,Wisconsin,Central,Furniture,Bookcases,10158.83,8,0.4,-485.36
ORD-51766,2021-11-03,2021-11-09,Standard Class,Corporate,Maryland City,Maryland,East,Technology,Accessories,408.21,4,0.0,-5.77
ORD-51767,2021-03-16,2021-03-17,Same Day,Consumer,Nebraska City,Nebraska,Central,Technology,Phones,7722.96,6,0.0,1781.42
ORD-51768,2024-03-03,2024-03-09,Second Class,Corporate,Alabama City,Alabama,South,Office Supplies,Paper,3211.86,5,0.2,629.69
ORD-51769,2024-08-15,2024-08-19,First Class,Consumer,Delaware City,Delaware,East,Office Supplies,Fasteners,7299.09,6,0.0,782.51
ORD-51770,2021-10-23,2021-10-26,Second Class,Consumer,Vermont City,Vermont,East,Furniture,Tables,1586.56,3,0.0,-367.62
ORD-51771,2020-01-30,2020-02-05,Standard Class,Consumer,Rhode Island City,Rhode Island,East,Office Supplies,Paper,11114.69,9,0.0,578.47
ORD-51772,2023-12-22,2023-12-23,Standard Class,Consumer,Nebraska City,Nebraska,Central,Technology,Accessories,672.6,9,0.0,73.7
ORD-51773,2024-07-28,2024-07-29,First Class,Consumer,Minnesota City,Minnesota,Central,Furniture,Tables,8377.17,4,0.0,2646.69
ORD-51774,2020-01-30,2020-01-31,Same Day,Consumer,Arizona City,Arizona,West,Furniture,Furnishings,4971.21,4,0.2,1470.64
ORD-51775,2022-08-01,2022-08-04,Same Day,Consumer,New York City,New York,East,Furniture,Chairs,1219.09,2,0.2,68.35
ORD-51776,2024-07-13,2024-07-18,Second Class,Consumer,Grand Rapids,Michigan,Central,Furniture,Tables,3564.13,4,0.0,149.4
ORD-51777,2023-04-08,2023-04-11,Standard Class,Consumer,North Carolina City,North Carolina,South,Office Supplies,Labels,7381.24,9,0.1,-825.0
ORD-51778,2020-11-07,2020-11-12,Standard Class,Consumer,Vermont City,Vermont,East,Technology,Copiers,9943.34,4,0.0,1296.58
ORD-51779,2020-11-14,2020-11-21,Standard Class,Consumer,Louisiana City,Louisiana,South,Technology,Copiers,1169.22,7,0.0,515.84
ORD-51780,2022-11-10,2022-11-15,First Class,Consumer,Cleveland,Ohio,Central,Office Supplies,Paper,13602.88,6,0.0,2410.8
ORD-51781,2022-10-18,2022-10-24,Same Day,Consumer,South Carolina City,South Carolina,South,Technology,Phones,2868.33,4,0.5,454.36
ORD-51782,2021-10-13,2021-10-20,Standard Class,Consumer,Idaho City,Idaho,West,Furniture,Tables,940.38,5,0.0,133.37
ORD-51783,2023-10-07,2023-10-10,First Class,Corporate,Rhode Island City,Rhode Island,East,Office Supplies,Fasteners,344.01,1,0.5,-2.39
ORD-51784,2021-01-11,2021-01-17,Same Day,Corporate,Harrisburg,Pennsylvania,East,Technology,Phones,6441.62,4,0.0,-1926.41
ORD-51785,2022-08-03,2022-08-04,Standard Class,Consumer,North Carolina City,North Carolina,South,Technology,Machines,5971.24,5,0.0,-479.59
ORD-51786,2021-08-12,2021-08-14,Standard Class,Consumer,Nebraska City,Nebraska,Central,Technology,Phones,4432.03,2,0.0,1076.88
ORD-51787,2020-10-03,2020-10-04,Second Class,Consumer,Grand Rapids,Michigan,Central,Technology,Phones,2083.77,1,0.0,-499.6
ORD-51788,2023-10-11,2023-10-17,Second Class,Consumer,Colorado City,Colorado,West,Technology,Accessories,896.49,1,0.0,296.67
ORD-51789,2023-01-03,2023-01-10,Standard Class,Corporate,South Carolina City,South Carolina,South,Technology,Accessories,1930.4,8,0.0,475.91
ORD-51790,2024-08-13,2024-08-17,Second Class,Consumer,San Diego,California,West,Technology,Phones,2384.27,1,0.0,-438.81
ORD-51791,2024-10-12,2024-10-19,Second Class,Corporate,Maryland City,Maryland,East,Office Supplies,Storage,4104.81,2,0.0,156.57
ORD-51792,2024-09-12,2024-09-15,Standard Class,Corporate,Maryland City,Maryland,East,Office Supplies,Binders,3168.94,2,0.0,1036.56
ORD-51793,2021-07-12,2021-07-15,Standard Class,Home Office,Mississippi City,Mississippi,South,Technology,Accessories,2770.15,4,0.5,-422.77
ORD-51794,2022-03-17,2022-03-24,Standard Class,Consumer,North Carolina City,North Carolina,South,Technology,Phones,9076.23,7,0.0,-1214.34
ORD-51795,2023-09-25,2023-10-01,Standard Class,Consumer,Minnesota City,Minnesota,Central,Furniture,Furnishings,4642.14,4,0.0,1109.57
ORD-51796,2023-03-15,2023-03-17,First Class,Corporate,Delaware City,Delaware,East,Office Supplies,Labels,5284.52,5,0.25,1655.04
ORD-51797,2022-05-07,2022-05-11,Second Class,Consumer,Dallas,Texas,Central,Furniture,Chairs,1909.94,3,0.15,-68.0
ORD-51798,2023-09-17,2023-09-24,Standard Class,Home Office,Buffalo,New York,East,Furniture,Bookcases,9974.91,7,0.0,1559.76
ORD-51799,2024-05-13,2024-05-16,Second Class,Consumer,Utah City,Utah,West,Technology,Phones,533.9,8,0.25,218.13
ORD-51800,2023-01-16,2023-01-18,Standard Class,Consumer,Iowa City,Iowa,Central,Furniture,Furnishings,3082.91,5,0.3,-460.95
ORD-51801,2021-09-30,2021-10-06,Second Class,Consumer,Connecticut City,Connecticut,East,Furniture,Bookcases,8690.82,5,0.0,1873.15
ORD-51802,2024-11-09,2024-11-11,Second Class,Corporate,Kansas City,Kansas,Central,Furniture,Bookcases,9029.4,5,0.0,413.23
ORD-51803,2022-07-16,2022-07-19,Second Class,Consumer,Minnesota City,Minnesota,Central,Office Supplies,Envelopes,7100.99,5,0.0,-438.06
ORD-51804,2020-10-16,2020-10-21,Standard Class,Home Office,Detroit,Michigan,Central,Office Supplies,Envelopes,417.19,1,0.2,-89.28
ORD-51805,2020-07-07,2020-07-13,Standard Class,Consumer,Pittsburgh,Pennsylvania,East,Furniture,Chairs,2164.31,7,0.15,-290.56
ORD-51806,2020-12-29,2020-12-31,Standard Class,Consumer,Harrisburg,Pennsylvania,East,Furniture,Chairs,16268.36,9,0.0,-4408.78
ORD-51807,2023-02-27,2023-02-28,Second Class,Home Office,North Carolina City,North Carolina,South,Furniture,Furnishings,2491.62,6,0.0,1077.61
ORD-51808,2023-04-28,2023-05-01,First Class,Consumer,Harrisburg,Pennsylvania,East,Office Supplies,Fasteners,8274.07,8,0.0,-1473.2
ORD-51809,2024-09-07,2024-09-12,Standard Class,Home Office,Colorado City,Colorado,West,Furniture,Furnishings,5378.19,4,0.0,-1349.33
ORD-51810,2024-10-07,2024-10-09,Standard Class,Consumer,North Carolina City,North Carolina,South,Furniture,Tables,4207.43,2,0.15,463.35
ORD-51811,2022-07-04,2022-07-10,Standard Class,Consumer,Nebraska City,Nebraska,Central,Office Supplies,Storage,2738.43,3,0.4,276.73
ORD-51812,2022-10-12,2022-10-14,Second Class,Consumer,Kentucky City,Kentucky,South,Office Supplies,Art,12041.38,7,0.0,209.27
ORD-51813,2024-08-30,2024-09-01,Standard Class,Corporate,Wisconsin City,Wisconsin,Central,Furniture,Furnishings,6629.51,5,0.0,2934.31
ORD-51814,2023-01-01,2023-01-05,Standard Class,Consumer,Vermont City,Vermont,East,Technology,Phones,12481.64,7,0.0,-3565.45
ORD-51815,2021-11-16,2021-11-21,Standard Class,Consumer,Utah City,Utah,West,Furniture,Furnishings,1056.27,3,0.0,150.65
ORD-51816,2021-02-02,2021-02-06,Standard Class,Corporate,Missouri City,Missouri,Central,Office Supplies,Fasteners,7541.76,9,0.0,305.87
ORD-51817,2020-07-28,2020-08-04,Standard Class,Consumer,New York City,New York,East,Furniture,Furnishings,185.84,6,0.2,26.06
ORD-51818,2022-05-31,2022-06-02,First Class,Consumer,Oregon City,Oregon,West,Office Supplies,Envelopes,1439.88,7,0.0,196.72
ORD-51819,2023-06-25,2023-06-30,Standard Class,Consumer,Idaho City,Idaho,West,Furniture,Tables,4109.55,5,0.4,1045.89
ORD-51820,2024-04-30,2024-05-02,Standard Class,Consumer,Detroit,Michigan,Central,Furniture,Tables,5924.63,7,0.0,688.04
ORD-51821,2021-10-05,2021-10-06,Standard Class,Consumer,Springfield,Illinois,Central,Furniture,Bookcases,1178.42,1,0.0,6.03
ORD-51822,2020-01-15,2020-01-16,Standard Class,Home Office,Louisiana City,Louisiana,South,Technology,Phones,4531.47,6,0.5,189.35
ORD-51823,2021-08-31,2021-09-03,Standard Class,Consumer,New Jersey City,New Jersey,East,Furniture,Chairs,2075.9,2,0.0,-27.86
ORD-51824,2020-05-28,2020-05-30,First Class,Corporate,Nebraska City,Nebraska,Central,Furniture,Furnishings,5437.51,4,0.0,885.27
ORD-51825,2023-05-24,2023-05-31,Standard Class,Consumer,Iowa City,Iowa,Central,Technology,Machines,14552.88,9,0.2,5754.03
ORD-51826,2021-02-22,2021-02-24,Second Class,Consumer,Arkansas City,Arkansas,South,Furniture,Chairs,167.79,2,0.0,41.66
ORD-51827,2020-07-31,2020-08-07,Standard Class,Consumer,Mississippi City,Mississippi,South,Technology,Accessories,2697.32,4,0.0,1075.42
ORD-51828,2023-11-21,2023-11-23,Standard Class,Corporate,Minnesota City,Minnesota,Central,Furniture,Chairs,7837.45,4,0.0,-217.83
ORD-51829,2020-01-25,2020-01-26,Standard Class,Consumer,Minnesota City,Minnesota,Central,Office Supplies,Binders,17693.72,9,0.0,-4314.93
ORD-51830,2023-06-18,2023-06-19,Standard Class,Consumer,Oregon City,Oregon,West,Technology,Phones,4301.29,3,0.2,-526.47
ORD-51831,2022-08-23,2022-08-25,First Class,Consumer,New Mexico City,New Mexico,West,Office Supplies,Supplies,4620.0,9,0.0,539.27
ORD-51832,2022-04-17,2022-04-22,Standard Class,Corporate,Mississippi City,Mississippi,South,Furniture,Furnishings,11230.87,7,0.0,439.59
ORD-51833,2021-06-14,2021-06-20,Standard Class,Home Office,Vermont City,Vermont,East,Office Supplies,Art,1155.67,5,0.4,394.09
ORD-51834,2020-03-29,2020-04-04,First Class,Consumer,Colorado City,Colorado,West,Technology,Phones,4440.68,9,0.0,1728.32
ORD-51835,2024-12-19,2024-12-20,Same Day,Consumer,Savannah,Georgia,South,Technology,Copiers,8153.46,5,0.0,789.84
ORD-51836,2020-10-13,2020-10-18,Standard Class,Corporate,Kansas City,Kansas,Central,Furniture,Tables,6444.2,5,0.1,-1520.52
ORD-51837,2024-05-23,2024-05-25,Standard Class,Corporate,Virginia City,Virginia,East,Office Supplies,Paper,3561.83,4,0.4,798.59
ORD-51838,2024-10-03,2024-10-08,First Class,Consumer,Iowa City,Iowa,Central,Furniture,Tables,12153.48,6,0.0,-2508.32
ORD-51839,2022-01-30,2022-02-03,Standard Class,Corporate,Los Angeles,California,West,Technology,Machines,15518.26,8,0.0,2122.86
ORD-51840,2021-03-22,2021-03-29,First Class,Consumer,Houston,Texas,Central,Office Supplies,Binders,5391.32,4,0.0,-230.93
ORD-51841,2022-10-13,2022-10-17,Standard Class,Home Office,Iowa City,Iowa,Central,Office Supplies,Binders,14692.06,7,0.0,4981.18
ORD-51842,2023-10-16,2023-10-22,Standard Class,Consumer,Houston,Texas,Central,Technology,Phones,10241.07,8,0.0,-510.01
ORD-51843,2024-08-28,2024-09-03,First Class,Consumer,Tennessee City,Tennessee,South,Office Supplies,Paper,2688.74,6,0.5,-274.86
ORD-51844,2020-06-29,2020-06-30,Standard Class,Consumer,South Carolina City,South Carolina,South,Furniture,Tables,8435.84,9,0.0,2298.81
ORD-51845,2022-07-14,2022-07-21,Standard Class,Consumer,Grand Rapids,Michigan,Central,Technology,Machines,10215.36,5,0.0,299.6
ORD-51846,2022-05-12,2022-05-18,Standard Class,Corporate,New Jersey City,New Jersey,East,Furniture,Chairs,8062.53,9,0.0,1011.89
ORD-51847,2020-06-30,2020-07-04,Standard Class,Consumer,Virginia City,Virginia,East,Office Supplies,Storage,6337.48,4,0.0,415.47
ORD-51848,2022-05-21,2022-05-27,Standard Class,Home Office,Maryland City,Maryland,East,Office Supplies,Envelopes,1507.02,5,0.3,-163.76
ORD-51849,2021-12-06,2021-12-08,Second Class,Consumer,Vermont City,Vermont,East,Office Supplies,Labels,1308.72,1,0.1,401.36
ORD-51850,2021-05-07,2021-05-08,Standard Class,Corporate,Buffalo,New York,East,Furniture,Bookcases,14702.92,9,0.0,4602.16
ORD-51851,2022-03-29,2022-04-04,First Class,Corporate,Cleveland,Ohio,Central,Technology,Copiers,11911.01,5,0.0,3066.59
ORD-51852,2021-02-25,2021-03-04,Standard Class,Home Office,Kentucky City,Kentucky,South,Furniture,Tables,1117.96,2,0.0,145.05
ORD-51853,2022-08-29,2022-09-02,Second Class,Consumer,Harrisburg,Pennsylvania,East,Furniture,Furnishings,2197.3,1,0.0,112.91
ORD-51854,2020-11-07,2020-11-13,Standard Class,Consumer,New Mexico City,New Mexico,West,Furniture,Furnishings,7500.27,6,0.0,3052.11
ORD-51855,2020-12-04,2020-12-07,Standard Class,Consumer,Mississippi City,Mississippi,South,Technology,Copiers,1089.27,5,0.0,5.13
ORD-51856,2023-10-13,2023-10-17,Second Class,Home Office,Wisconsin City,Wisconsin,Central,Furniture,Tables,13074.84,9,0.0,-2393.32
ORD-51857,2022-06-13,2022-06-14,Standard Class,Corporate,Kentucky City,Kentucky,South,Office Supplies,Supplies,1765.69,6,0.3,497.23
ORD-51858,2023-10-14,2023-10-16,Standard Class,Home Office,Montana City,Montana,West,Technology,Machines,10224.46,6,0.0,1789.42
ORD-51859,2023-12-23,2023-12-29,First Class,Corporate,New Mexico City,New Mexico,West,Technology,Accessories,702.38,5,0.4,-2.72
ORD-51860,2022-01-26,2022-02-01,Standard Class,Consumer,Vermont City,Vermont,East,Furniture,Chairs,10712.67,7,0.0,-999.52
ORD-51861,2021-08-30,2021-09-02,Standard Class,Consumer,Arkansas City,Arkansas,South,Office Supplies,Art,576.1,3,0.0,111.81
ORD-51862,2023-01-15,2023-01-22,Standard Class,Consumer,Montana City,Montana,West,Technology,Phones,17091.47,8,0.0,2206.57
ORD-51863,2022-03-02,2022-03-09,Second Class,Corporate,Idaho City,Idaho,West,Technology,Phones,5539.47,3,0.0,-117.16
ORD-51864,2022-10-05,2022-10-12,Standard Class,Consumer,Minnesota City,Minnesota,Central,Technology,Copiers,1078.92,2,0.5,162.81
ORD-51865,2024-11-14,2024-11-18,Standard Class,Consumer,Atlanta,Georgia,South,Furniture,Chairs,5637.15,7,0.0,-1481.31
ORD-51866,2021-08-24,2021-08-28,Standard Class,Home Office,Tennessee City,Tennessee,South,Office Supplies,Fasteners,1149.66,3,0.0,-289.34
ORD-51867,2023-06-17,2023-06-18,Standard Class,Consumer,Oregon City,Oregon,West,Furniture,Furnishings,2210.52,2,0.0,-528.96
ORD-51868,2022-10-15,2022-10-21,Standard Class,Consumer,Colorado City,Colorado,West,Furniture,Chairs,116.26,5,0.1,-32.01
ORD-51869,2020-04-07,2020-04-11,Second Class,Corporate,Montana City,Montana,West,Technology,Copiers,18741.87,8,0.0,2947.79
ORD-51870,2024-07-14,2024-07-18,First Class,Consumer,Kentucky City,Kentucky,South,Furniture,Bookcases,2074.39,5,0.4,277.73
ORD-51871,2021-08-01,2021-08-06,Second Class,Home Office,Delaware City,Delaware,East,Office Supplies,Storage,532.0,1,0.0,234.25
ORD-51872,2022-08-19,2022-08-22,Second Class,Consumer,Alabama City,Alabama,South,Technology,Machines,12565.4,7,0.25,499.7
ORD-51873,2020-11-11,2020-11-15,Second Class,Corporate,Massachusetts City,Massachusetts,East,Office Supplies,Storage,15801.84,9,0.0,-4314.75
ORD-51874,2022-12-24,2022-12-26,Standard Class,Corporate,Louisiana City,Louisiana,South,Furniture,Tables,8970.45,5,0.25,1843.3
ORD-51875,2022-06-04,2022-06-11,Standard Class,Consumer,New Jersey City,New Jersey,East,Technology,Machines,16215.89,8,0.0,5344.82
ORD-51876,2024-03-23,2024-03-28,Second Class,Consumer,Kentucky City,Kentucky,South,Furniture,Tables,999.91,4,0.3,351.86
ORD-51877,2022-03-26,2022-04-02,Second Class,Consumer,Kentucky City,Kentucky,South,Furniture,Furnishings,8116.21,6,0.4,2853.86
ORD-51878,2022-11-22,2022-11-25,Standard Class,Home Office,Rhode Island City,Rhode Island,East,Technology,Machines,155.44,1,0.0,-13.67
ORD-51879,2023-09-08,2023-09-11,Standard Class,Home Office,Montana City,Montana,West,Office Supplies,Art,9618.41,5,0.0,4119.85
ORD-51880,2021-01-02,2021-01-03,Standard Class,Corporate,Kentucky City,Kentucky,South,Furniture,Furnishings,21400.56,9,0.0,1484.19
ORD-51881,2024-07-02,2024-07-06,First Class,Corporate,North Carolina City,North Carolina,South,Office Supplies,Fasteners,5551.12,8,0.15,-860.98
ORD-51882,2024-09-25,2024-09-29,First Class,Home Office,Springfield,Illinois,Central,Office Supplies,Supplies,4404.15,6,0.2,-1061.89
ORD-51883,2023-09-28,2023-10-04,Standard Class,Consumer,Alabama City,Alabama,South,Furniture,Chairs,4552.09,7,0.5,229.97
ORD-51884,2023-02-07,2023-02-08,Standard Class,Corporate,Vermont City,Vermont,East,Furniture,Bookcases,2594.28,9,0.25,939.55
ORD-51885,2023-01-30,2023-02-03,First Class,Consumer,Alabama City,Alabama,South,Technology,Accessories,10111.22,9,0.1,-553.9
ORD-51886,2024-05-23,2024-05-30,Standard Class,Consumer,Virginia City,Virginia,East,Office Supplies,Supplies,2509.76,5,0.0,590.84
ORD-51887,2023-09-26,2023-10-01,Second Class,Consumer,Grand Rapids,Michigan,Central,Furniture,Furnishings,229.1,2,0.0,96.87
ORD-51888,2022-06-07,2022-06-08,Standard Class,Consumer,Columbus,Ohio,Central,Technology,Machines,10376.14,6,0.0,3253.8
ORD-51889,2020-09-30,2020-10-04,Standard Class,Consumer,Wisconsin City,Wisconsin,Central,Office Supplies,Storage,54.69,1,0.5,8.17
ORD-51890,2024-04-23,2024-04-28,Standard Class,Consumer,Houston,Texas,Central,Technology,Machines,1429.24,1,0.15,614.91
ORD-51891,2020-05-26,2020-05-28,First Class,Consumer,Montana City,Montana,West,Technology,Phones,7498.12,6,0.2,-2000.26
ORD-51892,2022-09-03,2022-09-08,Standard Class,Consumer,Montana City,Montana,West,Furniture,Furnishings,5223.31,4,0.0,678.95
ORD-51893,2020-11-22,2020-11-26,Standard Class,Consumer,Detroit,Michigan,Central,Technology,Phones,1018.03,3,0.1,329.63
ORD-51894,2021-02-16,2021-02-23,Standard Class,Corporate,Missouri City,Missouri,Central,Technology,Copiers,2651.28,6,0.5,-744.7
ORD-51895,2021-01-30,2021-02-04,Standard Class,Consumer,Cincinnati,Ohio,Central,Furniture,Furnishings,22377.97,9,0.0,6329.78
ORD-51896,2023-08-27,2023-08-31,Standard Class,Consumer,Buffalo,New York,East,Technology,Accessories,2920.67,9,0.4,707.21
ORD-51897,2024-08-16,2024-08-20,Standard Class,Home Office,Tacoma,Washington,West,Technology,Accessories,6309.52,7,0.5,118.79
ORD-51898,2022-04-19,2022-04-23,Same Day,Corporate,Nevada City,Nevada,West,Office Supplies,Envelopes,4303.32,2,0.0,46.42
ORD-51899,2024-12-12,2024-12-15,Standard Class,Corporate,Minnesota City,Minnesota,Central,Office Supplies,Storage,1575.23,2,0.1,652.84
ORD-51900,2022-03-16,2022-03-17,Standard Class,Consumer,Minnesota City,Minnesota,Central,Furniture,Tables,787.45,6,0.0,-212.55
ORD-51901,2023-12-18,2023-12-23,First Class,Consumer,Missouri City,Missouri,Central,Furniture,Furnishings,131.0,1,0.4,-24.78
ORD-51902,2023-05-27,2023-06-02,Standard Class,Corporate,Montana City,Montana,West,Office Supplies,Labels,453.69,2,0.0,111.39
ORD-51903,2022-11-06,2022-11-09,Standard Class,Consumer,New Jersey City,New Jersey,East,Technology,Accessories,4363.37,8,0.0,818.72
ORD-51904,2022-05-27,2022-05-31,Standard Class,Consumer,Nebraska City,Nebraska,Central,Furniture,Tables,4094.09,8,0.0,608.03
ORD-51905,2023-10-10,2023-10-11,Second Class,Consumer,Atlanta,Georgia,South,Furniture,Chairs,618.04,1,0.4,170.62
ORD-51906,2020-08-03,2020-08-10,Standard Class,Corporate,Tacoma,Washington,West,Office Supplies,Labels,13968.34,8,0.25,3678.1
ORD-51907,2020-01-26,2020-01-29,Second Class,Consumer,Minnesota City,Minnesota,Central,Technology,Phones,12514.31,6,0.1,2308.63
ORD-51908,2023-04-03,2023-04-10,Standard Class,Consumer,Kansas City,Kansas,Central,Furniture,Chairs,2487.54,9,0.0,1010.62
ORD-51909,2021-09-16,2021-09-20,Second Class,Consumer,Nebraska City,Nebraska,Central,Office Supplies,Paper,3160.98,9,0.0,1259.58
ORD-51910,2021-10-08,2021-10-12,Standard Class,Consumer,New Mexico City,New Mexico,West,Furniture,Bookcases,786.56,3,0.0,-12.77
ORD-51911,2022-12-18,2022-12-24,Standard Class,Corporate,New Jersey City,New Jersey,East,Furniture,Bookcases,14353.8,6,0.0,-264.28
ORD-51912,2023-09-11,2023-09-15,Standard Class,Consumer,Tennessee City,Tennessee,South,Office Supplies,Binders,7396.36,3,0.0,1381.8
ORD-51913,2022-04-07,2022-04-08,Same Day,Corporate,Cincinnati,Ohio,Central,Technology,Machines,2168.13,1,0.0,-603.71
ORD-51914,2022-10-10,2022-10-15,Second Class,Corporate,Alabama City,Alabama,South,Office Supplies,Paper,5163.46,3,0.0,-100.28
ORD-51915,2022-04-22,2022-04-29,Standard Class,Corporate,Miami,Florida,South,Furniture,Tables,8942.94,7,0.0,-2114.41
ORD-51916,2023-01-26,2023-01-30,First Class,Consumer,Springfield,Illinois,Central,Office Supplies,Supplies,2459.88,3,0.0,-153.49
ORD-51917,2022-01-28,2022-02-03,Second Class,Corporate,Savannah,Georgia,South,Office Supplies,Art,637.45,3,0.0,124.95
ORD-51918,2021-09-19,2021-09-23,Same Day,Home Office,Spokane,Washington,West,Office Supplies,Art,3367.54,5,0.0,-735.85
ORD-51919,2024-08-03,2024-08-09,Second Class,Home Office,Chicago,Illinois,Central,Furniture,Tables,13376.4,7,0.0,1667.28
ORD-51920,2020-12-28,2021-01-02,First Class,Consumer,Tennessee City,Tennessee,South,Furniture,Furnishings,5633.17,3,0.0,1734.01
ORD-51921,2020-10-14,2020-10-16,Standard Class,Home Office,Iowa City,Iowa,Central,Office Supplies,Art,9736.26,6,0.0,-2445.95
ORD-51922,2022-12-20,2022-12-27,First Class,Corporate,Augusta,Georgia,South,Technology,Copiers,548.58,1,0.0,57.4
ORD-51923,2020-01-17,2020-01-24,First Class,Corporate,Kansas City,Kansas,Central,Furniture,Furnishings,9070.91,4,0.0,2158.64
ORD-51924,2022-01-06,2022-01-13,Standard Class,Corporate,Delaware City,Delaware,East,Furniture,Chairs,1492.27,1,0.0,562.35
ORD-51925,2023-03-11,2023-03-18,Standard Class,Consumer,Nevada City,Nevada,West,Office Supplies,Paper,1015.83,3,0.4,-156.15
ORD-51926,2021-02-05,2021-02-12,Same Day,Consumer,Virginia City,Virginia,East,Technology,Machines,1253.79,1,0.0,261.58
ORD-51927,2023-11-23,2023-11-25,First Class,Home Office,Utah City,Utah,West,Office Supplies,Labels,6397.18,3,0.0,-237.04
ORD-51928,2023-02-04,2023-02-08,Second Class,Home Office,Austin,Texas,Central,Office Supplies,Binders,9609.01,7,0.15,768.02
ORD-51929,2020-04-13,2020-04-15,Standard Class,Corporate,Louisiana City,Louisiana,South,Furniture,Furnishings,2326.07,6,0.0,178.04
ORD-51930,2021-06-13,2021-06-18,First Class,Corporate,Montana City,Montana,West,Furniture,Bookcases,2397.58,4,0.2,649.16
ORD-51931,2020-12-22,2020-12-26,Same Day,Corporate,Delaware City,Delaware,East,Technology,Machines,5304.99,7,0.0,-297.51
ORD-51932,2024-01-23,2024-01-28,Standard Class,Corporate,Arkansas City,Arkansas,South,Furniture,Furnishings,1676.55,2,0.0,305.17
ORD-51933,2022-01-20,2022-01-21,Standard Class,Consumer,Nevada City,Nevada,West,Furniture,Bookcases,4155.26,2,0.1,-383.92
ORD-51934,2024-06-29,2024-07-05,Standard Class,Consumer,Missouri City,Missouri,Central,Furniture,Furnishings,10682.92,7,0.0,-1907.1
ORD-51935,2020-03-14,2020-03-21,First Class,Consumer,Kansas City,Kansas,Central,Technology,Accessories,2455.35,3,0.0,418.79
ORD-51936,2021-09-10,2021-09-12,Second Class,Consumer,Vermont City,Vermont,East,Office Supplies,Paper,4568.73,2,0.0,367.82
ORD-51937,2023-01-21,2023-01-24,Second Class,Home Office,San Diego,California,West,Office Supplies,Envelopes,5320.83,4,0.15,793.23
ORD-51938,2020-05-09,2020-05-11,Standard Class,Corporate,Louisiana City,Louisiana,South,Technology,Accessories,1519.68,1,0.0,681.24
ORD-51939,2023-08-04,2023-08-08,Second Class,Home Office,Tacoma,Washington,West,Office Supplies,Envelopes,4250.52,6,0.0,1156.45
ORD-51940,2023-10-05,2023-10-08,Second Class,Consumer,Colorado City,Colorado,West,Furniture,Chairs,727.52,3,0.0,176.98
ORD-51941,2024-11-18,2024-11-21,Second Class,Consumer,Wisconsin City,Wisconsin,Central,Furniture,Bookcases,10299.21,6,0.0,-16.87
ORD-51942,2020-07-04,2020-07-10,Second Class,Corporate,Cincinnati,Ohio,Central,Technology,Accessories,2132.99,1,0.0,-23.1
ORD-51943,2024-01-14,2024-01-15,Standard Class,Consumer,Montana City,Montana,West,Furniture,Chairs,618.0,5,0.2,-149.49
ORD-51944,2021-11-23,2021-11-30,Second Class,Consumer,Nevada City,Nevada,West,Technology,Phones,4473.35,8,0.5,1363.96
ORD-51945,2023-11-13,2023-11-14,Standard Class,Consumer,Seattle,Washington,West,Office Supplies,Envelopes,87.78,4,0.0,2.96
ORD-51946,2021-01-09,2021-01-14,Standard Class,Consumer,Cleveland,Ohio,Central,Technology,Accessories,4557.45,4,0.1,2033.87
ORD-51947,2021-03-28,2021-03-30,Standard Class,Consumer,Kansas City,Kansas,Central,Technology,Copiers,15175.95,8,0.0,6285.96
ORD-51948,2024-09-06,2024-09-11,Standard Class,Consumer,New Jersey City,New Jersey,East,Technology,Phones,11249.03,8,0.15,-3109.97
ORD-51949,2020-11-12,2020-11-13,Second Class,Home Office,Massachusetts City,Massachusetts,East,Technology,Phones,90.93,1,0.25,13.29
ORD-51950,2024-04-11,2024-04-14,Second Class,Consumer,Connecticut City,Connecticut,East,Technology,Accessories,4028.6,2,0.0,-627.01
ORD-51951,2020-07-18,2020-07-19,Standard Class,Corporate,Nebraska City,Nebraska,Central,Office Supplies,Supplies,1567.8,4,0.0,443.56
ORD-51952,2020-05-25,2020-05-26,Standard Class,Consumer,Columbus,Ohio,Central,Office Supplies,Binders,3914.08,8,0.0,-1012.82
ORD-51953,2021-01-29,2021-02-04,Standard Class,Corporate,Delaware City,Delaware,East,Technology,Accessories,4083.25,2,0.0,533.72
ORD-51954,2021-09-03,2021-09-06,Standard Class,Consumer,Tennessee City,Tennessee,South,Office Supplies,Storage,5892.85,9,0.0,2448.06
ORD-51955,2021-06-04,2021-06-05,First Class,Corporate,Tampa,Florida,South,Office Supplies,Fasteners,2196.01,1,0.0,-143.44
ORD-51956,2024-05-08,2024-05-09,Standard Class,Consumer,Virginia City,Virginia,East,Furniture,Chairs,12754.19,7,0.0,-1482.59
ORD-51957,2021-06-22,2021-06-23,Standard Class,Consumer,Idaho City,Idaho,West,Office Supplies,Envelopes,9544.35,5,0.0,-920.62
ORD-51958,2024-01-12,2024-01-15,Standard Class,Consumer,Louisiana City,Louisiana,South,Furniture,Tables,7193.23,4,0.0,156.04
ORD-51959,2020-12-26,2020-12-28,Standard Class,Home Office,South Carolina City,South Carolina,South,Office Supplies,Supplies,1985.56,1,0.0,226.02
ORD-51960,2024-02-16,2024-02-21,First Class,Consumer,Tacoma,Washington,West,Furniture,Tables,551.8,2,0.0,-130.73
ORD-51961,2022-02-24,2022-03-03,First Class,Corporate,Louisiana City,Louisiana,South,Technology,Copiers,3591.53,2,0.0,-806.36
ORD-51962,2020-06-14,2020-06-15,Standard Class,Consumer,Vermont City,Vermont,East,Office Supplies,Binders,5315.18,4,0.1,126.69
ORD-51963,2022-09-05,2022-09-10,Second Class,Corporate,Louisiana City,Louisiana,South,Office Supplies,Fasteners,1243.3,1,0.0,36.21
ORD-51964,2021-11-09,2021-11-11,Second Class,Consumer,Arizona City,Arizona,West,Technology,Accessories,2212.84,6,0.1,151.78
ORD-51965,2022-03-29,2022-04-01,Standard Class,Consumer,New Mexico City,New Mexico,West,Furniture,Bookcases,1655.83,9,0.0,-185.66
ORD-51966,2022-12-26,2022-12-27,Standard Class,Consumer,New Mexico City,New Mexico,West,Furniture,Bookcases,51.25,2,0.0,13.87
ORD-51967,2022-02-09,2022-02-15,Standard Class,Consumer,Massachusetts City,Massachusetts,East,Office Supplies,Storage,689.47,1,0.4,18.58
ORD-51968,2023-11-06,2023-11-13,Standard Class,Corporate,Montana City,Montana,West,Technology,Machines,6978.74,6,0.0,-1389.81
ORD-51969,2024-04-21,2024-04-24,First Class,Home Office,Idaho City,Idaho,West,Office Supplies,Binders,8793.08,5,0.0,78.63
ORD-51970,2023-09-26,2023-09-30,Standard Class,Consumer,Nevada City,Nevada,West,Furniture,Tables,8828.54,7,0.0,1722.81
ORD-51971,2024-03-02,2024-03-06,Standard Class,Corporate,Montana City,Montana,West,Technology,Accessories,115.64,7,0.0,-13.27
ORD-51972,2024-06-10,2024-06-15,Standard Class,Consumer,Arkansas City,Arkansas,South,Furniture,Chairs,9666.52,8,0.0,3612.42
ORD-51973,2021-07-09,2021-07-14,Standard Class,Consumer,Connecticut City,Connecticut,East,Technology,Accessories,16080.98,8,0.0,4538.58
ORD-51974,2021-02-19,2021-02-23,Second Class,Consumer,Austin,Texas,Central,Technology,Accessories,1756.88,5,0.0,303.13
ORD-51975,2021-10-25,2021-10-27,Second Class,Home Office,Louisiana City,Louisiana,South,Office Supplies,Envelopes,2413.33,2,0.0,610.12
ORD-51976,2023-02-22,2023-02-26,Second Class,Corporate,Orlando,Florida,South,Office Supplies,Supplies,1213.27,4,0.1,495.87
ORD-51977,2022-07-07,2022-07-11,Second Class,Consumer,Tennessee City,Tennessee,South,Office Supplies,Fasteners,1421.03,1,0.0,328.47
ORD-51978,2023-12-24,2023-12-28,Standard Class,Consumer,Lansing,Michigan,Central,Technology,Machines,6185.38,6,0.0,1582.31
ORD-51979,2022-11-28,2022-12-03,Standard Class,Home Office,Peoria,Illinois,Central,Office Supplies,Envelopes,1383.88,6,0.25,517.16
ORD-51980,2022-09-29,2022-09-30,Standard Class,Consumer,Kentucky City,Kentucky,South,Office Supplies,Art,3105.52,3,0.0,704.55
ORD-51981,2022-09-03,2022-09-08,Second Class,Home Office,Tampa,Florida,South,Office Supplies,Fasteners,4929.04,3,0.0,1585.41
ORD-51982,2021-03-27,2021-03-31,Second Class,Home Office,Connecticut City,Connecticut,East,Furniture,Tables,223.17,3,0.3,-33.41
ORD-51983,2024-01-19,2024-01-23,Same Day,Consumer,South Carolina City,South Carolina,South,Furniture,Furnishings,2834.55,4,0.15,68.75
ORD-51984,2021-10-14,2021-10-20,Standard Class,Home Office,Cincinnati,Ohio,Central,Office Supplies,Art,3196.11,7,0.0,334.09
ORD-51985,2020-01-31,2020-02-05,Standard Class,Consumer,Seattle,Washington,West,Office Supplies,Binders,5062.25,3,0.2,1607.81
ORD-51986,2021-03-24,2021-03-28,Standard Class,Corporate,Dallas,Texas,Central,Office Supplies,Fasteners,7375.36,3,0.0,1316.77
ORD-51987,2024-08-17,2024-08-22,Standard Class,Corporate,Chicago,Illinois,Central,Technology,Phones,13689.95,6,0.0,5564.79
ORD-51988,2021-02-20,2021-02-24,Standard Class,Consumer,San Diego,California,West,Office Supplies,Art,6235.71,4,0.3,574.24
ORD-51989,2021-03-02,2021-03-04,Standard Class,Consumer,Vermont City,Vermont,East,Technology,Copiers,1353.34,2,0.1,-334.0
ORD-51990,2024-05-05,2024-05-06,Standard Class,Corporate,Los Angeles,California,West,Office Supplies,Storage,5227.39,9,0.4,-1377.11
ORD-51991,2022-05-03,2022-05-08,Second Class,Consumer,Mississippi City,Mississippi,South,Technology,Accessories,4625.89,4,0.0,1092.42
ORD-51992,2023-09-27,2023-10-03,Same Day,Consumer,Louisiana City,Louisiana,South,Technology,Copiers,11727.23,6,0.15,-3344.03
ORD-51993,2022-03-01,2022-03-04,Second Class,Corporate,Minnesota City,Minnesota,Central,Furniture,Furnishings,12485.17,6,0.0,-245.62
ORD-51994,2020-10-17,2020-10-24,Second Class,Consumer,Oregon City,Oregon,West,Furniture,Tables,1110.0,6,0.0,301.53
ORD-51995,2021-12-23,2021-12-29,Standard Class,Corporate,Wisconsin City,Wisconsin,Central,Technology,Copiers,8360.57,6,0.2,837.66
ORD-51996,2023-05-13,2023-05-16,Standard Class,Consumer,Kansas City,Kansas,Central,Office Supplies,Supplies,2761.04,6,0.5,-215.67
ORD-51997,2020-07-22,2020-07-29,Second Class,Home Office,Springfield,Illinois,Central,Furniture,Furnishings,2146.58,2,0.4,-591.74
ORD-51998,2022-05-18,2022-05-24,Second Class,Consumer,Colorado City,Colorado,West,Technology,Copiers,1985.89,1,0.0,204.16
ORD-51999,2021-02-02,2021-02-06,Second Class,Corporate,Montana City,Montana,West,Office Supplies,Binders,6690.66,9,0.1,-1291.23
ORD-52000,2023-11-23,2023-11-24,Standard Class,Consumer,Mississippi City,Mississippi,South,Furniture,Tables,361.32,3,0.0,0.83
ORD-52001,2021-08-15,2021-08-21,Standard Class,Consumer,Iowa City,Iowa,Central,Technology,Machines,1112.76,5,0.15,78.87
ORD-52002,2021-03-05,2021-03-11,First Class,Consumer,Alabama City,Alabama,South,Technology,Copiers,2813.22,2,0.0,34.79
ORD-52003,2021-06-28,2021-06-29,Standard Class,Corporate,Maryland City,Maryland,East,Furniture,Furnishings,10601.16,7,0.25,2640.64
ORD-52004,2022-11-16,2022-11-23,Second Class,Consumer,Kansas City,Kansas,Central,Office Supplies,Binders,221.93,1,0.0,-11.77
ORD-52005,2023-12-12,2023-12-19,Second Class,Consumer,Missouri City,Missouri,Central,Office Supplies,Supplies,6384.58,7,0.0,-1146.41
ORD-52006,2021-10-22,2021-10-23,Standard Class,Home Office,Montana City,Montana,West,Office Supplies,Supplies,6830.47,8,0.0,2179.98
ORD-52007,2024-01-14,2024-01-21,Standard Class,Consumer,Vermont City,Vermont,East,Office Supplies,Binders,8002.28,5,0.0,-1946.95
ORD-52008,2022-03-08,2022-03-14,Second Class,Corporate,San Antonio,Texas,Central,Furniture,Chairs,12140.04,5,0.0,-2424.02
ORD-52009,2023-06-17,2023-06-23,Same Day,Corporate,Orlando,Florida,South,Technology,Copiers,8241.95,8,0.0,1133.19
ORD-52010,2020-08-26,2020-08-31,Standard Class,Home Office,Vermont City,Vermont,East,Furniture,Bookcases,2877.32,2,0.25,727.2
ORD-52011,2024-03-06,2024-03-13,Standard Class,Consumer,South Carolina City,South Carolina,South,Office Supplies,Envelopes,8776.3,4,0.0,-132.27
ORD-52012,2022-09-14,2022-09-17,Second Class,Consumer,Kansas City,Kansas,Central,Furniture,Tables,2260.75,3,0.1,228.54
ORD-52013,2022-02-06,2022-02-12,Standard Class,Consumer,Rhode Island City,Rhode Island,East,Furniture,Chairs,326.39,7,0.0,85.48
ORD-52014,2020-11-01,2020-11-02,Standard Class,Consumer,Alabama City,Alabama,South,Furniture,Tables,14108.48,9,0.3,4325.03
ORD-52015,2024-03-27,2024-04-03,Second Class,Consumer,Kentucky City,Kentucky,South,Furniture,Furnishings,7083.27,7,0.0,1325.02
ORD-52016,2024-08-07,2024-08-10,Standard Class,Consumer,Columbus,Ohio,Central,Furniture,Bookcases,8675.83,4,0.0,-2254.85
ORD-52017,2023-11-13,2023-11-14,Standard Class,Consumer,Arizona City,Arizona,West,Office Supplies,Binders,3416.39,2,0.0,-673.75
ORD-52018,2022-09-28,2022-10-02,Second Class,Home Office,Mississippi City,Mississippi,South,Technology,Phones,2346.75,1,0.0,77.56
ORD-52019,2021-01-23,2021-01-25,Standard Class,Home Office,New Mexico City,New Mexico,West,Furniture,Bookcases,7948.99,9,0.0,1471.57
ORD-52020,2023-08-31,2023-09-03,Standard Class,Corporate,Tennessee City,Tennessee,South,Technology,Copiers,5412.79,6,0.0,162.52
ORD-52021,2020-10-15,2020-10-16,Standard Class,Consumer,Vermont City,Vermont,East,Furniture,Bookcases,4028.09,7,0.1,-192.36
ORD-52022,2024-11-04,2024-11-05,Second Class,Consumer,Virginia City,Virginia,East,Technology,Copiers,6676.63,3,0.0,26.8
ORD-52023,2024-08-21,2024-08-22,Standard Class,Consumer,San Francisco,California,West,Technology,Copiers,4010.91,2,0.0,-323.67
ORD-52024,2023-06-01,2023-06-05,Standard Class,Corporate,Montana City,Montana,West,Technology,Phones,2838.94,4,0.0,-563.6
ORD-52025,2021-09-27,2021-10-02,Standard Class,Home Office,Atlanta,Georgia,South,Office Supplies,Supplies,1301.75,3,0.5,246.55
ORD-52026,2020-03-05,2020-03-07,First Class,Consumer,New Mexico City,New Mexico,West,Technology,Accessories,15575.03,7,0.0,-3277.73
ORD-52027,2022-06-30,2022-07-06,First Class,Corporate,Buffalo,New York,East,Technology,Accessories,140.53,4,0.1,52.19
ORD-52028,2023-06-21,2023-06-25,Second Class,Consumer,New Jersey City,New Jersey,East,Technology,Machines,628.4,1,0.15,263.9
ORD-52029,2020-05-07,2020-05-10,Standard Class,Home Office,Tennessee City,Tennessee,South,Office Supplies,Binders,1319.39,7,0.0,-179.04
ORD-52030,2022-06-25,2022-06-27,Standard Class,Consumer,Kentucky City,Kentucky,South,Office Supplies,Storage,2298.05,2,0.25,612.15
ORD-52031,2021-07-26,2021-08-01,Standard Class,Home Office,Virginia City,Virginia,East,Office Supplies,Fasteners,5220.44,6,0.5,2160.51
ORD-52032,2022-08-01,2022-08-02,Standard Class,Home Office,Buffalo,New York,East,Technology,Accessories,640.25,2,0.1,-152.34
ORD-52033,2021-07-15,2021-07-19,Second Class,Corporate,South Carolina City,South Carolina,South,Office Supplies,Envelopes,3339.05,2,0.0,-436.09
ORD-52034,2024-10-18,2024-10-25,Standard Class,Corporate,Kentucky City,Kentucky,South,Furniture,Bookcases,1966.49,4,0.0,-98.28
ORD-52035,2022-12-22,2022-12-23,Standard Class,Consumer,Springfield,Illinois,Central,Office Supplies,Envelopes,11226.49,5,0.1,2470.36
ORD-52036,2021-07-21,2021-07-26,Standard Class,Corporate,Colorado City,Colorado,West,Technology,Machines,8072.88,4,0.1,1200.35
ORD-52037,2022-07-15,2022-07-21,Second Class,Consumer,North Carolina City,North Carolina,South,Furniture,Chairs,622.02,2,0.3,8.89
ORD-52038,2021-07-19,2021-07-22,Standard Class,Corporate,Arkansas City,Arkansas,South,Furniture,Furnishings,12107.8,8,0.0,4737.89
ORD-52039,2023-12-21,2023-12-24,Standard Class,Home Office,Wisconsin City,Wisconsin,Central,Office Supplies,Paper,1819.9,2,0.0,-235.83
ORD-52040,2022-11-08,2022-11-14,Same Day,Consumer,Delaware City,Delaware,East,Furniture,Tables,470.1,2,0.2,10.68
ORD-52041,2020-11-05,2020-11-11,Standard Class,Corporate,Oregon City,Oregon,West,Office Supplies,Fasteners,910.56,8,0.0,391.26
ORD-52042,2024-08-28,2024-08-29,Second Class,Consumer,Maryland City,Maryland,East,Office Supplies,Envelopes,3678.01,6,0.0,-241.65
ORD-52043,2022-03-18,2022-03-19,Standard Class,Consumer,Pittsburgh,Pennsylvania,East,Furniture,Tables,262.43,2,0.0,108.95
ORD-52044,2023-10-23,2023-10-29,Standard Class,Home Office,Miami,Florida,South,Technology,Machines,2757.03,3,0.2,-40.02
ORD-52045,2020-12-16,2020-12-22,Standard Class,Home Office,Wisconsin City,Wisconsin,Central,Furniture,Tables,19659.66,8,0.0,2957.17
ORD-52046,2021-11-08,2021-11-13,Standard Class,Consumer,Delaware City,Delaware,East,Technology,Accessories,2614.24,7,0.2,392.14
ORD-52047,2024-02-11,2024-02-16,Standard Class,Consumer,Minnesota City,Minnesota,Central,Technology,Machines,1944.26,7,0.0,145.28
ORD-52048,2024-11-22,2024-11-28,Standard Class,Corporate,Connecticut City,Connecticut,East,Office Supplies,Binders,9729.77,5,0.1,-1995.89
ORD-52049,2024-04-09,2024-04-10,Standard Class,Corporate,Kentucky City,Kentucky,South,Technology,Copiers,2974.01,3,0.0,193.15
ORD-52050,2020-01-13,2020-01-20,Standard Class,Consumer,Missouri City,Missouri,Central,Furniture,Bookcases,10592.09,8,0.0,-2282.09
ORD-52051,2020-07-14,2020-07-21,Standard Class,Corporate,Connecticut City,Connecticut,East,Furniture,Bookcases,363.52,5,0.5,4.8
ORD-52052,2024-06-08,2024-06-10,Standard Class,Consumer,Tennessee City,Tennessee,South,Office Supplies,Storage,3387.32,2,0.0,-1006.13
ORD-52053,2020-09-19,2020-09-26,First Class,Consumer,Idaho City,Idaho,West,Office Supplies,Envelopes,613.27,9,0.1,55.37
ORD-52054,2021-04-27,2021-04-28,Standard Class,Consumer,New Mexico City,New Mexico,West,Technology,Copiers,4311.27,3,0.0,577.0
ORD-52055,2020-07-04,2020-07-08,Standard Class,Consumer,Cincinnati,Ohio,Central,Technology,Copiers,495.3,3,0.0,128.41
ORD-52056,2022-03-03,2022-03-04,Standard Class,Consumer,Lansing,Michigan,Central,Technology,Phones,13489.69,9,0.0,-462.96
ORD-52057,2023-02-16,2023-02-21,Standard Class,Consumer,Minnesota City,Minnesota,Central,Technology,Phones,8722.28,5,0.0,-546.22
ORD-52058,2024-10-30,2024-11-05,Standard Class,Consumer,Utah City,Utah,West,Office Supplies,Labels,10708.02,9,0.0,541.37
ORD-52059,2022-02-13,2022-02-19,First Class,Corporate,Atlanta,Georgia,South,Office Supplies,Labels,9034.05,5,0.0,-2380.12
ORD-52060,2020-10-27,2020-10-28,Second Class,Consumer,Colorado City,Colorado,West,Technology,Copiers,1149.88,2,0.0,473.37
ORD-52061,2022-02-03,2022-02-10,Standard Class,Corporate,Minnesota City,Minnesota,Central,Furniture,Tables,519.84,1,0.0,69.78
ORD-52062,2020-05-17,2020-05-21,Standard Class,Corporate,Idaho City,Idaho,West,Office Supplies,Binders,6713.54,3,0.1,-195.91
ORD-52063,2024-08-15,2024-08-21,Standard Class,Consumer,Cincinnati,Ohio,Central,Office Supplies,Fasteners,4314.94,8,0.0,-108.79
ORD-52064,2023-02-28,2023-03-02,Second Class,Home Office,Connecticut City,Connecticut,East,Technology,Machines,889.12,2,0.0,283.79
ORD-52065,2022-04-10,2022-04-16,Standard Class,Consumer,Harrisburg,Pennsylvania,East,Office Supplies,Fasteners,12630.86,9,0.3,-2026.4
ORD-52066,2020-11-16,2020-11-19,Standard Class,Corporate,South Carolina City,South Carolina,South,Furniture,Furnishings,7408.35,4,0.0,177.83
ORD-52067,2022-08-14,2022-08-17,Standard Class,Home Office,Oregon City,Oregon,West,Office Supplies,Storage,228.66,1,0.0,18.57
ORD-52068,2024-03-17,2024-03-20,Standard Class,Consumer,Atlanta,Georgia,South,Furniture,Tables,5935.01,4,0.0,2264.92
ORD-52069,2024-01-29,2024-02-01,First Class,Consumer,Connecticut City,Connecticut,East,Technology,Copiers,3398.25,6,0.1,-752.31
ORD-52070,2022-06-01,2022-06-04,First Class,Corporate,Vermont City,Vermont,East,Office Supplies,Storage,4392.25,4,0.0,963.94
ORD-52071,2021-01-25,2021-01-28,Second Class,Consumer,Louisiana City,Louisiana,South,Furniture,Furnishings,281.0,1,0.2,41.21
ORD-52072,2022-01-11,2022-01-13,Standard Class,Consumer,Iowa City,Iowa,Central,Technology,Phones,485.84,4,0.0,-114.3
ORD-52073,2024-07-19,2024-07-22,Standard Class,Corporate,Maryland City,Maryland,East,Furniture,Furnishings,12882.23,8,0.25,3510.02
ORD-52074,2023-11-12,2023-11-16,Standard Class,Consumer,Arizona City,Arizona,West,Office Supplies,Envelopes,4561.18,4,0.15,919.25
ORD-52075,2023-02-21,2023-02-22,First Class,Consumer,New Jersey City,New Jersey,East,Technology,Accessories,3435.19,7,0.0,-1014.08
ORD-52076,2022-09-24,2022-09-28,Second Class,Consumer,Lansing,Michigan,Central,Technology,Accessories,2983.13,7,0.1,183.66
ORD-52077,2021-12-20,2021-12-25,Standard Class,Consumer,Colorado City,Colorado,West,Furniture,Tables,4976.63,3,0.0,-216.54
ORD-52078,2021-12-05,2021-12-08,Same Day,Consumer,Wisconsin City,Wisconsin,Central,Technology,Copiers,3428.76,2,0.0,701.95
ORD-52079,2024-01-06,2024-01-09,Second Class,Consumer,Utah City,Utah,West,Furniture,Furnishings,6923.05,6,0.1,-74.46
ORD-52080,2024-01-30,2024-02-05,Standard Class,Corporate,Montana City,Montana,West,Office Supplies,Art,141.21,1,0.15,32.77
ORD-52081,2024-04-23,2024-04-24,Standard Class,Consumer,Albany,New York,East,Office Supplies,Paper,9676.89,5,0.15,2820.46
ORD-52082,2020-12-20,2020-12-21,Same Day,Home Office,Sacramento,California,West,Technology,Phones,8750.32,5,0.1,-2132.05
ORD-52083,2021-07-02,2021-07-07,Standard Class,Consumer,Idaho City,Idaho,West,Office Supplies,Labels,2238.87,2,0.25,-553.98
ORD-52084,2023-01-22,2023-01-26,Second Class,Consumer,South Carolina City,South Carolina,South,Technology,Machines,6245.73,6,0.0,2648.26
ORD-52085,2023-10-09,2023-10-15,Standard Class,Consumer,Colorado City,Colorado,West,Office Supplies,Fasteners,4630.14,7,0.1,1197.18
ORD-52086,2020-06-23,2020-06-25,Second Class,Corporate,Tennessee City,Tennessee,South,Office Supplies,Labels,13265.9,8,0.3,-3447.92
ORD-52087,2023-09-07,2023-09-09,First Class,Corporate,New Jersey City,New Jersey,East,Office Supplies,Paper,14932.44,9,0.2,6573.14
ORD-52088,2021-08-28,2021-09-01,Standard Class,Corporate,Nevada City,Nevada,West,Technology,Accessories,2135.56,3,0.15,878.85
ORD-52089,2024-02-04,2024-02-10,First Class,Home Office,New Jersey City,New Jersey,East,Furniture,Bookcases,989.43,1,0.0,199.15
ORD-52090,2024-11-16,2024-11-17,First Class,Consumer,Lansing,Michigan,Central,Furniture,Tables,5237.4,4,0.0,1470.27
ORD-52091,2022-06-26,2022-06-29,Second Class,Consumer,Nevada City,Nevada,West,Furniture,Chairs,10561.65,7,0.0,742.37
ORD-52092,2024-08-01,2024-08-06,Standard Class,Home Office,Rhode Island City,Rhode Island,East,Technology,Phones,14698.83,6,0.0,-1669.52
ORD-52093,2023-12-23,2023-12-30,Standard Class,Consumer,Delaware City,Delaware,East,Office Supplies,Labels,2641.95,2,0.0,126.6
ORD-52094,2024-04-15,2024-04-21,Standard Class,Consumer,Nebraska City,Nebraska,Central,Technology,Accessories,4437.19,3,0.0,-583.81
ORD-52095,2020-11-28,2020-11-30,First Class,Home Office,Savannah,Georgia,South,Furniture,Bookcases,6266.75,8,0.0,1997.67
ORD-52096,2024-05-01,2024-05-07,Standard Class,Consumer,Wisconsin City,Wisconsin,Central,Technology,Phones,2084.47,2,0.0,-460.46
ORD-52097,2023-02-25,2023-02-28,Second Class,Consumer,Lansing,Michigan,Central,Office Supplies,Art,1797.65,3,0.0,-241.73
ORD-52098,2023-07-03,2023-07-10,Standard Class,Consumer,Augusta,Georgia,South,Technology,Copiers,2244.2,6,0.2,969.95
ORD-52099,2021-08-04,2021-08-11,Second Class,Corporate,Kentucky City,Kentucky,South,Furniture,Bookcases,1068.51,1,0.0,108.6
ORD-52100,2021-12-03,2021-12-09,Standard Class,Home Office,South Carolina City,South Carolina,South,Technology,Phones,151.66,4,0.25,49.66
ORD-52101,2021-06-19,2021-06-21,Second Class,Home Office,Montana City,Montana,West,Office Supplies,Binders,4944.31,8,0.0,-1032.95
ORD-52102,2021-07-19,2021-07-26,Second Class,Consumer,Iowa City,Iowa,Central,Furniture,Chairs,17085.65,8,0.0,-4225.01
ORD-52103,2021-10-19,2021-10-21,Second Class,Corporate,Nevada City,Nevada,West,Furniture,Bookcases,16112.67,7,0.0,-3465.52
ORD-52104,2021-02-10,2021-02-14,Second Class,Consumer,Kansas City,Kansas,Central,Technology,Accessories,6635.07,4,0.0,-675.06
ORD-52105,2021-08-27,2021-09-01,Standard Class,Consumer,Nevada City,Nevada,West,Technology,Copiers,2018.88,1,0.0,700.48
ORD-52106,2020-09-01,2020-09-05,Second Class,Consumer,Montana City,Montana,West,Furniture,Chairs,16300.65,8,0.0,-2150.68
ORD-52107,2023-07-18,2023-07-22,Standard Class,Consumer,Missouri City,Missouri,Central,Office Supplies,Fasteners,184.77,5,0.5,57.54
ORD-52108,2021-05-01,2021-05-02,First Class,Consumer,North Carolina City,North Carolina,South,Furniture,Bookcases,5733.11,7,0.0,-1134.2
ORD-52109,2021-02-18,2021-02-19,Same Day,Corporate,Utah City,Utah,West,Office Supplies,Paper,6104.14,4,0.0,1365.05
ORD-52110,2020-04-09,2020-04-10,Standard Class,Corporate,North Carolina City,North Carolina,South,Furniture,Chairs,4940.58,7,0.15,992.62
ORD-52111,2022-03-22,2022-03-29,Standard Class,Corporate,Atlanta,Georgia,South,Furniture,Chairs,4190.23,8,0.0,130.1
ORD-52112,2024-11-09,2024-11-10,Standard Class,Corporate,Idaho City,Idaho,West,Technology,Copiers,100.95,4,0.0,15.1
ORD-52113,2022-08-08,2022-08-11,Second Class,Home Office,Iowa City,Iowa,Central,Office Supplies,Binders,2024.24,4,0.5,-145.92
ORD-52114,2022-01-12,2022-01-14,First Class,Consumer,Rhode Island City,Rhode Island,East,Technology,Machines,5147.24,4,0.0,-212.55
ORD-52115,2024-08-13,2024-08-18,Standard Class,Consumer,Sacramento,California,West,Office Supplies,Envelopes,2142.9,1,0.0,-214.78
ORD-52116,2022-01-19,2022-01-26,Standard Class,Consumer,Tennessee City,Tennessee,South,Office Supplies,Paper,11506.2,5,0.0,2850.42
ORD-52117,2021-04-20,2021-04-27,Standard Class,Consumer,Kentucky City,Kentucky,South,Office Supplies,Art,10497.73,5,0.0,2834.13
ORD-52118,2024-11-24,2024-11-25,Second Class,Corporate,Albany,New York,East,Office Supplies,Binders,5677.2,6,0.1,-660.91
ORD-52119,2022-11-29,2022-12-05,Standard Class,Corporate,Tennessee City,Tennessee,South,Office Supplies,Supplies,8175.11,7,0.0,36.82
ORD-52120,2024-07-27,2024-07-30,Second Class,Home Office,Seattle,Washington,West,Office Supplies,Art,4272.05,2,0.0,1644.45
ORD-52121,2022-10-14,2022-10-18,Standard Class,Corporate,Nebraska City,Nebraska,Central,Office Supplies,Storage,4174.52,2,0.0,330.56
ORD-52122,2021-02-11,2021-02-12,Standard Class,Corporate,Idaho City,Idaho,West,Office Supplies,Storage,2437.08,4,0.0,953.93
ORD-52123,2021-04-23,2021-04-24,Second Class,Corporate,Augusta,Georgia,South,Technology,Accessories,1902.97,5,0.0,60.71
ORD-52124,2022-01-26,2022-01-31,Same Day,Consumer,Iowa City,Iowa,Central,Office Supplies,Binders,1547.71,5,0.0,237.5
ORD-52125,2022-03-06,2022-03-12,First Class,Consumer,San Antonio,Texas,Central,Furniture,Tables,1668.8,1,0.0,258.26
ORD-52126,2022-05-28,2022-06-01,Standard Class,Consumer,Vermont City,Vermont,East,Furniture,Bookcases,926.87,5,0.3,315.56
ORD-52127,2021-07-19,2021-07-26,Standard Class,Corporate,Maryland City,Maryland,East,Furniture,Tables,490.45,9,0.3,108.66
ORD-52128,2020-10-30,2020-11-01,Second Class,Home Office,San Antonio,Texas,Central,Office Supplies,Storage,2851.57,6,0.0,-793.32
ORD-52129,2022-10-13,2022-10-15,Standard Class,Corporate,Nebraska City,Nebraska,Central,Office Supplies,Supplies,5206.93,3,0.0,-428.79
ORD-52130,2023-02-20,2023-02-27,Same Day,Corporate,Montana City,Montana,West,Technology,Copiers,9855.99,4,0.0,-1137.82
ORD-52131,2021-12-19,2021-12-23,Second Class,Corporate,Peoria,Illinois,Central,Office Supplies,Envelopes,8866.08,5,0.0,-2243.08
ORD-52132,2021-11-13,2021-11-16,Standard Class,Corporate,New York City,New York,East,Technology,Machines,16325.58,8,0.1,71.65
ORD-52133,2021-05-14,2021-05-17,Second Class,Consumer,Spokane,Washington,West,Office Supplies,Envelopes,7230.67,9,0.1,-176.92
ORD-52134,2024-06-10,2024-06-15,Second Class,Corporate,Arizona City,Arizona,West,Office Supplies,Storage,3436.07,4,0.0,-886.22
ORD-52135,2023-12-14,2023-12-16,Second Class,Corporate,Detroit,Michigan,Central,Technology,Phones,2502.26,4,0.5,-489.29
ORD-52136,2021-04-19,2021-04-21,Second Class,Consumer,Seattle,Washington,West,Technology,Accessories,806.53,5,0.15,-125.49
ORD-52137,2021-01-02,2021-01-07,Second Class,Corporate,Arizona City,Arizona,West,Office Supplies,Binders,13768.53,6,0.0,4824.12
ORD-52138,2023-05-24,2023-05-29,Standard Class,Corporate,Houston,Texas,Central,Office Supplies,Paper,10383.84,5,0.0,783.98
ORD-52139,2021-07-30,2021-07-31,Standard Class,Consumer,Virginia City,Virginia,East,Office Supplies,Supplies,13698.58,7,0.2,-3147.96
ORD-52140,2020-01-17,2020-01-21,Same Day,Home Office,Rhode Island City,Rhode Island,East,Office Supplies,Binders,19226.53,9,0.1,-4316.36
ORD-52141,2023-04-26,2023-04-30,Standard Class,Consumer,Montana City,Montana,West,Technology,Accessories,5583.62,4,0.0,-275.62
ORD-52142,2023-08-10,2023-08-17,Standard Class,Consumer,Utah City,Utah,West,Furniture,Furnishings,4089.27,6,0.1,373.42
ORD-52143,2020-02-06,2020-02-12,Standard Class,Consumer,Arkansas City,Arkansas,South,Office Supplies,Paper,16714.18,9,0.0,4190.98
ORD-52144,2022-06-04,2022-06-09,Same Day,Consumer,Mississippi City,Mississippi,South,Office Supplies,Supplies,8878.42,6,0.0,-154.7
ORD-52145,2023-02-26,2023-02-28,Standard Class,Corporate,Orlando,Florida,South,Technology,Copiers,4932.45,5,0.0,-471.48
ORD-52146,2020-12-29,2021-01-01,Standard Class,Consumer,Rhode Island City,Rhode Island,East,Office Supplies,Fasteners,800.7,1,0.0,-51.2
ORD-52147,2022-10-24,2022-10-29,Second Class,Consumer,Cleveland,Ohio,Central,Technology,Machines,7356.99,3,0.0,-273.07
ORD-52148,2024-01-24,2024-01-31,Standard Class,Consumer,Seattle,Washington,West,Office Supplies,Labels,12012.34,9,0.0,1600.9
ORD-52149,2024-01-19,2024-01-25,Standard Class,Home Office,Minnesota City,Minnesota,Central,Technology,Phones,7148.54,7,0.0,1157.39
ORD-52150,2024-01-14,2024-01-20,First Class,Consumer,Cleveland,Ohio,Central,Technology,Accessories,3768.45,2,0.0,-630.41
ORD-52151,2024-06-19,2024-06-25,Standard Class,Consumer,Colorado City,Colorado,West,Office Supplies,Art,12071.23,9,0.0,-982.21
ORD-52152,2023-01-16,2023-01-23,First Class,Corporate,Massachusetts City,Massachusetts,East,Office Supplies,Envelopes,20291.85,9,0.0,-3252.78
ORD-52153,2021-03-10,2021-03-15,Standard Class,Home Office,Rhode Island City,Rhode Island,East,Furniture,Chairs,14883.57,8,0.0,-769.63
ORD-52154,2023-10-03,2023-10-05,Standard Class,Consumer,San Diego,California,West,Furniture,Chairs,5651.75,3,0.0,2502.41
ORD-52155,2024-11-17,2024-11-22,Standard Class,Consumer,Sacramento,California,West,Technology,Machines,3092.99,4,0.5,-504.9
ORD-52156,2021-09-08,2021-09-12,First Class,Corporate,San Antonio,Texas,Central,Technology,Copiers,268.8,2,0.15,58.24
ORD-52157,2021-12-06,2021-12-13,First Class,Corporate,Kansas City,Kansas,Central,Technology,Copiers,586.54,4,0.0,83.25
ORD-52158,2022-11-11,2022-11-18,Second Class,Consumer,Montana City,Montana,West,Office Supplies,Binders,7920.82,6,0.0,-700.33
ORD-52159,2022-03-27,2022-03-29,Standard Class,Home Office,Iowa City,Iowa,Central,Furniture,Chairs,12237.2,6,0.0,-3656.45
ORD-52160,2021-12-14,2021-12-18,Standard Class,Corporate,New Jersey City,New Jersey,East,Office Supplies,Binders,3532.69,4,0.25,295.05
ORD-52161,2022-10-15,2022-10-16,First Class,Corporate,New Mexico City,New Mexico,West,Office Supplies,Binders,915.18,3,0.0,-39.99
ORD-52162,2022-02-27,2022-03-05,Standard Class,Consumer,Albany,New York,East,Office Supplies,Fasteners,8190.81,5,0.0,3667.9
ORD-52163,2022-02-08,2022-02-09,Same Day,Consumer,New Jersey City,New Jersey,East,Technology,Machines,6685.15,4,0.0,2855.19
ORD-52164,2021-07-22,2021-07-23,First Class,Consumer,Nebraska City,Nebraska,Central,Technology,Machines,4076.06,8,0.4,751.97
ORD-52165,2024-08-07,2024-08-10,First Class,Home Office,New Jersey City,New Jersey,East,Furniture,Chairs,6423.89,5,0.0,-1592.57
ORD-52166,2021-05-20,2021-05-24,Standard Class,Consumer,Iowa City,Iowa,Central,Office Supplies,Storage,21154.22,9,0.0,478.36
ORD-52167,2023-07-07,2023-07-08,First Class,Home Office,Sacramento,California,West,Technology,Accessories,4543.02,6,0.2,925.64
ORD-52168,2023-10-22,2023-10-26,Second Class,Consumer,Tennessee City,Tennessee,South,Technology,Phones,14349.89,7,0.0,1589.27
ORD-52169,2022-03-08,2022-03-15,Second Class,Home Office,Louisiana City,Louisiana,South,Furniture,Tables,696.8,3,0.5,175.99
ORD-52170,2023-07-11,2023-07-12,Second Class,Corporate,Mississippi City,Mississippi,South,Technology,Phones,2803.8,2,0.0,-623.54
ORD-52171,2023-01-28,2023-02-04,Standard Class,Consumer,New Jersey City,New Jersey,East,Technology,Copiers,4588.11,6,0.0,788.43
ORD-52172,2022-07-30,2022-08-02,Standard Class,Consumer,Springfield,Illinois,Central,Office Supplies,Paper,547.4,7,0.0,170.52
ORD-52173,2022-05-27,2022-05-29,Same Day,Corporate,Colorado City,Colorado,West,Furniture,Tables,2350.83,5,0.0,768.58
ORD-52174,2024-11-12,2024-11-16,Second Class,Corporate,Rhode Island City,Rhode Island,East,Office Supplies,Paper,374.4,1,0.0,-33.11
ORD-52175,2024-08-04,2024-08-06,First Class,Home Office,Cleveland,Ohio,Central,Technology,Copiers,9164.6,8,0.0,717.4
ORD-52176,2024-04-26,2024-05-02,Standard Class,Consumer,North Carolina City,North Carolina,South,Furniture,Bookcases,2051.38,8,0.3,-175.22
ORD-52177,2022-03-19,2022-03-26,Standard Class,Corporate,Missouri City,Missouri,Central,Furniture,Chairs,209.57,6,0.1,35.21
ORD-52178,2023-01-20,2023-01-24,Standard Class,Consumer,Dallas,Texas,Central,Office Supplies,Binders,321.63,1,0.0,46.31
ORD-52179,2023-12-02,2023-12-06,Standard Class,Corporate,Arizona City,Arizona,West,Technology,Accessories,4060.08,3,0.4,-990.38
ORD-52180,2024-07-23,2024-07-29,Standard Class,Consumer,South Carolina City,South Carolina,South,Technology,Accessories,3619.4,3,0.0,774.12
ORD-52181,2020-04-11,2020-04-12,Standard Class,Home Office,Arkansas City,Arkansas,South,Furniture,Tables,16100.92,9,0.2,-47.44
ORD-52182,2021-02-02,2021-02-07,First Class,Corporate,Wisconsin City,Wisconsin,Central,Technology,Phones,1415.77,3,0.15,-60.88
ORD-52183,2022-01-22,2022-01-29,Second Class,Home Office,Delaware City,Delaware,East,Furniture,Chairs,1096.14,1,0.5,-33.58
ORD-52184,2020-02-24,2020-02-25,Standard Class,Corporate,Vermont City,Vermont,East,Furniture,Furnishings,8110.31,6,0.0,404.18
ORD-52185,2024-09-04,2024-09-11,Standard Class,Home Office,Delaware City,Delaware,East,Technology,Accessories,902.61,4,0.0,134.38
ORD-52186,2023-09-30,2023-10-05,Standard Class,Consumer,Minnesota City,Minnesota,Central,Furniture,Chairs,5150.27,8,0.0,1018.17
ORD-52187,2024-12-13,2024-12-14,Standard Class,Consumer,Vermont City,Vermont,East,Furniture,Furnishings,4725.73,5,0.4,723.07
ORD-52188,2023-07-20,2023-07-27,First Class,Consumer,Nebraska City,Nebraska,Central,Technology,Copiers,2889.68,2,0.0,-433.35
ORD-52189,2022-04-14,2022-04-21,Standard Class,Corporate,North Carolina City,North Carolina,South,Furniture,Bookcases,6400.46,4,0.0,2388.85
ORD-52190,2021-03-28,2021-03-31,Standard Class,Home Office,Vermont City,Vermont,East,Technology,Accessories,5135.45,5,0.3,-1480.6
ORD-52191,2022-01-26,2022-01-31,Standard Class,Consumer,Mississippi City,Mississippi,South,Furniture,Bookcases,12052.95,6,0.0,100.85
ORD-52192,2020-01-28,2020-01-30,Standard Class,Consumer,San Diego,California,West,Office Supplies,Fasteners,4013.93,4,0.0,-39.17
ORD-52193,2023-04-20,2023-04-24,Standard Class,Consumer,Utah City,Utah,West,Technology,Phones,4222.22,2,0.0,-746.25
ORD-52194,2021-04-07,2021-04-10,Standard Class,Consumer,Vermont City,Vermont,East,Technology,Accessories,4544.13,3,0.0,1076.53
ORD-52195,2023-09-12,2023-09-16,Second Class,Home Office,Montana City,Montana,West,Technology,Copiers,2055.87,4,0.1,-591.0
ORD-52196,2020-11-06,2020-11-13,Second Class,Consumer,Iowa City,Iowa,Central,Furniture,Tables,2476.87,7,0.0,-477.1
ORD-52197,2024-02-21,2024-02-23,Standard Class,Corporate,Atlanta,Georgia,South,Office Supplies,Binders,2636.93,4,0.25,208.27
ORD-52198,2020-06-03,2020-06-04,Standard Class,Home Office,Tennessee City,Tennessee,South,Furniture,Furnishings,6210.89,8,0.0,2711.94
ORD-52199,2020-02-10,2020-02-13,Standard Class,Consumer,Iowa City,Iowa,Central,Technology,Machines,14172.49,7,0.0,-2774.09
ORD-52200,2024-07-22,2024-07-28,Standard Class,Consumer,Colorado City,Colorado,West,Technology,Copiers,3518.65,3,0.0,790.63
ORD-52201,2021-02-13,2021-02-19,Standard Class,Consumer,Montana City,Montana,West,Technology,Machines,1891.93,2,0.0,-49.17
ORD-52202,2020-01-18,2020-01-24,Standard Class,Consumer,Oregon City,Oregon,West,Office Supplies,Storage,4633.23,8,0.1,-519.29
ORD-52203,2021-06-04,2021-06-05,Standard Class,Consumer,Miami,Florida,South,Furniture,Tables,4592.44,8,0.15,1375.41
ORD-52204,2020-01-02,2020-01-08,Standard Class,Corporate,Pittsburgh,Pennsylvania,East,Office Supplies,Supplies,12257.94,7,0.15,582.49
ORD-52205,2021-12-22,2021-12-23,Standard Class,Home Office,San Francisco,California,West,Technology,Phones,1684.01,4,0.0,-344.58
ORD-52206,2021-03-16,2021-03-18,Second Class,Home Office,Arkansas City,Arkansas,South,Office Supplies,Fasteners,3963.07,2,0.0,719.85
ORD-52207,2021-10-20,2021-10-25,Standard Class,Corporate,Wisconsin City,Wisconsin,Central,Technology,Machines,3510.6,2,0.0,615.55
ORD-52208,2023-01-29,2023-02-04,Second Class,Consumer,Missouri City,Missouri,Central,Furniture,Furnishings,1061.42,2,0.0,-310.33
ORD-52209,2024-11-03,2024-11-07,First Class,Home Office,Virginia City,Virginia,East,Furniture,Chairs,140.69,3,0.0,-7.4
ORD-52210,2022-10-12,2022-10-15,Standard Class,Consumer,North Carolina City,North Carolina,South,Office Supplies,Supplies,8614.26,8,0.15,-2285.3
ORD-52211,2024-01-11,2024-01-17,First Class,Corporate,Columbus,Ohio,Central,Office Supplies,Labels,3957.71,2,0.2,909.51
ORD-52212,2021-01-08,2021-01-09,Same Day,Consumer,Delaware City,Delaware,East,Office Supplies,Supplies,4343.4,5,0.0,200.7
ORD-52213,2023-06-10,2023-06-17,First Class,Home Office,Wisconsin City,Wisconsin,Central,Technology,Phones,4078.79,4,0.0,802.45
ORD-52214,2022-07-25,2022-07-27,Standard Class,Corporate,Connecticut City,Connecticut,East,Furniture,Bookcases,8567.71,8,0.2,-435.61
ORD-52215,2022-11-03,2022-11-10,Standard Class,Corporate,South Carolina City,South Carolina,South,Furniture,Furnishings,5120.92,4,0.1,2064.96
ORD-52216,2023-07-08,2023-07-13,Standard Class,Consumer,Iowa City,Iowa,Central,Technology,Machines,1586.98,3,0.0,269.06
ORD-52217,2024-06-05,2024-06-11,Same Day,Home Office,Louisiana City,Louisiana,South,Office Supplies,Binders,3906.99,9,0.0,1289.68
ORD-52218,2024-06-09,2024-06-10,Second Class,Home Office,Montana City,Montana,West,Technology,Accessories,2016.16,4,0.25,-439.26
ORD-52219,2022-09-15,2022-09-21,First Class,Corporate,Maryland City,Maryland,East,Office Supplies,Storage,232.75,9,0.0,59.96
ORD-52220,2022-03-14,2022-03-17,Second Class,Corporate,Connecticut City,Connecticut,East,Furniture,Bookcases,4900.03,7,0.1,481.99
ORD-52221,2020-06-05,2020-06-10,Same Day,Corporate,Mississippi City,Mississippi,South,Furniture,Bookcases,9008.74,7,0.4,-359.16
ORD-52222,2021-05-11,2021-05-15,Second Class,Corporate,Idaho City,Idaho,West,Furniture,Chairs,3790.13,4,0.0,971.25
ORD-52223,2024-02-01,2024-02-04,Standard Class,Consumer,Wisconsin City,Wisconsin,Central,Technology,Machines,1548.7,4,0.0,-219.5
ORD-52224,2021-05-23,2021-05-26,Standard Class,Home Office,Wisconsin City,Wisconsin,Central,Technology,Accessories,1906.32,3,0.3,265.14
ORD-52225,2024-08-06,2024-08-13,Standard Class,Consumer,Arizona City,Arizona,West,Office Supplies,Supplies,1757.68,1,0.0,-131.24
ORD-52226,2020-06-01,2020-06-07,First Class,Home Office,Delaware City,Delaware,East,Furniture,Tables,8764.67,6,0.2,1854.89
ORD-52227,2020-01-01,2020-01-08,Standard Class,Consumer,Detroit,Michigan,Central,Technology,Phones,1663.4,1,0.25,-190.79
ORD-52228,2020-11-01,2020-11-05,Standard Class,Corporate,Missouri City,Missouri,Central,Technology,Accessories,268.44,3,0.5,-8.09
ORD-52229,2023-11-18,2023-11-19,Standard Class,Consumer,Nevada City,Nevada,West,Technology,Machines,12425.61,5,0.0,2471.44
ORD-52230,2023-01-19,2023-01-25,Second Class,Corporate,Connecticut City,Connecticut,East,Office Supplies,Envelopes,2342.07,2,0.4,593.97
ORD-52231,2024-06-08,2024-06-13,First Class,Home Office,Kentucky City,Kentucky,South,Technology,Phones,5068.59,8,0.2,1127.12
ORD-52232,2023-12-13,2023-12-16,Standard Class,Home Office,Delaware City,Delaware,East,Office Supplies,Paper,487.85,3,0.0,-10.15
ORD-52233,2024-11-21,2024-11-28,Standard Class,Consumer,Nebraska City,Nebraska,Central,Furniture,Bookcases,5398.94,5,0.5,-1024.04
ORD-52234,2020-09-07,2020-09-09,Standard Class,Corporate,Kentucky City,Kentucky,South,Office Supplies,Storage,1290.57,1,0.2,-5.35
ORD-52235,2020-10-19,2020-10-24,Standard Class,Corporate,Mississippi City,Mississippi,South,Furniture,Bookcases,3807.11,3,0.0,1191.96
ORD-52236,2024-09-15,2024-09-20,First Class,Home Office,Augusta,Georgia,South,Furniture,Furnishings,6775.15,8,0.0,1398.2
ORD-52237,2021-11-17,2021-11-19,Standard Class,Consumer,Kansas City,Kansas,Central,Furniture,Tables,2242.63,7,0.0,521.08
ORD-52238,2021-10-25,2021-10-28,Standard Class,Consumer,Nebraska City,Nebraska,Central,Furniture,Chairs,1729.52,7,0.0,96.54
ORD-52239,2022-07-01,2022-07-04,Standard Class,Consumer,Tacoma,Washington,West,Office Supplies,Labels,8751.92,8,0.0,3479.01
ORD-52240,2022-01-16,2022-01-22,First Class,Home Office,Arkansas City,Arkansas,South,Office Supplies,Binders,4510.15,8,0.0,1405.01
ORD-52241,2022-02-10,2022-02-12,Standard Class,Corporate,Arkansas City,Arkansas,South,Office Supplies,Labels,8724.06,8,0.5,2436.1
ORD-52242,2021-05-19,2021-05-24,Standard Class,Corporate,Maryland City,Maryland,East,Office Supplies,Storage,3354.3,2,0.2,-219.07
ORD-52243,2020-11-09,2020-11-14,First Class,Home Office,Colorado City,Colorado,West,Furniture,Chairs,5956.91,3,0.0,-1579.5
ORD-52244,2020-09-02,2020-09-04,Second Class,Consumer,North Carolina City,North Carolina,South,Technology,Machines,753.37,1,0.0,242.21
ORD-52245,2020-10-11,2020-10-17,Standard Class,Home Office,New Mexico City,New Mexico,West,Office Supplies,Supplies,1554.98,1,0.0,-456.37
ORD-52246,2020-09-11,2020-09-12,Standard Class,Corporate,Spokane,Washington,West,Office Supplies,Supplies,3356.7,6,0.0,-620.11
ORD-52247,2020-01-22,2020-01-24,Second Class,Consumer,New Jersey City,New Jersey,East,Furniture,Bookcases,4980.96,4,0.15,-1169.04
ORD-52248,2021-01-18,2021-01-25,Standard Class,Home Office,Kentucky City,Kentucky,South,Office Supplies,Storage,4320.3,5,0.0,-387.02
ORD-52249,2020-07-27,2020-07-30,Second Class,Home Office,New York City,New York,East,Office Supplies,Labels,2221.99,4,0.0,-277.7
ORD-52250,2021-02-17,2021-02-21,Standard Class,Consumer,Cincinnati,Ohio,Central,Furniture,Furnishings,5856.95,8,0.0,1052.4
ORD-52251,2023-04-10,2023-04-14,Standard Class,Corporate,Kansas City,Kansas,Central,Furniture,Chairs,2636.36,4,0.0,702.3
ORD-52252,2023-11-19,2023-11-21,Standard Class,Home Office,Massachusetts City,Massachusetts,East,Office Supplies,Supplies,6596.63,4,0.15,-909.07
ORD-52253,2022-12-06,2022-12-07,First Class,Corporate,Kentucky City,Kentucky,South,Furniture,Bookcases,1053.45,8,0.0,73.65
ORD-52254,2024-01-24,2024-01-29,Second Class,Consumer,Montana City,Montana,West,Technology,Copiers,22157.04,9,0.0,8469.05
ORD-52255,2020-12-20,2020-12-24,Second Class,Corporate,Minnesota City,Minnesota,Central,Office Supplies,Labels,498.55,4,0.1,63.6
ORD-52256,2023-01-07,2023-01-12,Standard Class,Consumer,Delaware City,Delaware,East,Furniture,Tables,8321.46,6,0.0,-2357.75
ORD-52257,2024-11-11,2024-11-12,Standard Class,Consumer,Massachusetts City,Massachusetts,East,Office Supplies,Storage,16932.56,9,0.0,-2793.59
ORD-52258,2024-09-12,2024-09-19,Same Day,Consumer,Dallas,Texas,Central,Technology,Phones,8902.69,9,0.0,1956.56
ORD-52259,2022-05-25,2022-06-01,Same Day,Corporate,Kentucky City,Kentucky,South,Office Supplies,Labels,809.29,1,0.5,186.8
ORD-52260,2023-02-02,2023-02-04,First Class,Corporate,Alabama City,Alabama,South,Furniture,Chairs,5791.54,9,0.0,2251.0
ORD-52261,2020-10-07,2020-10-11,Second Class,Corporate,Alabama City,Alabama,South,Technology,Phones,4063.19,3,0.0,1240.53
ORD-52262,2021-09-30,2021-10-04,Standard Class,Consumer,Cincinnati,Ohio,Central,Office Supplies,Paper,9020.7,6,0.1,94.91
ORD-52263,2020-06-10,2020-06-11,Standard Class,Consumer,Nevada City,Nevada,West,Technology,Phones,408.93,2,0.25,-120.9
ORD-52264,2020-06-13,2020-06-17,Standard Class,Corporate,Nebraska City,Nebraska,Central,Technology,Copiers,2578.54,2,0.0,1157.74
ORD-52265,2023-05-10,2023-05-15,Standard Class,Home Office,Atlanta,Georgia,South,Office Supplies,Labels,5131.45,7,0.1,1343.37
ORD-52266,2021-12-06,2021-12-08,Same Day,Consumer,Tennessee City,Tennessee,South,Furniture,Tables,5844.57,3,0.0,1157.57
ORD-52267,2021-04-13,2021-04-18,First Class,Consumer,Arizona City,Arizona,West,Technology,Phones,11290.33,8,0.2,-2506.45
ORD-52268,2021-08-28,2021-09-02,Standard Class,Corporate,Louisiana City,Louisiana,South,Office Supplies,Envelopes,10459.2,8,0.15,3891.47
ORD-52269,2024-02-23,2024-02-27,Second Class,Consumer,Arizona City,Arizona,West,Office Supplies,Labels,15833.74,7,0.0,7012.55
ORD-52270,2023-10-17,2023-10-22,Second Class,Consumer,Connecticut City,Connecticut,East,Furniture,Chairs,6181.31,3,0.0,-1476.77
ORD-52271,2024-08-07,2024-08-13,Second Class,Home Office,Miami,Florida,South,Office Supplies,Fasteners,78.88,1,0.0,15.07
ORD-52272,2022-11-24,2022-11-29,Standard Class,Consumer,Oregon City,Oregon,West,Technology,Phones,22136.84,9,0.0,6019.72
ORD-52273,2024-06-28,2024-07-03,Standard Class,Consumer,Nebraska City,Nebraska,Central,Office Supplies,Art,3852.65,7,0.0,1590.45
ORD-52274,2023-09-26,2023-10-03,Standard Class,Corporate,Atlanta,Georgia,South,Technology,Machines,12898.29,7,0.1,378.25
ORD-52275,2021-01-16,2021-01-23,First Class,Corporate,Atlanta,Georgia,South,Furniture,Furnishings,4871.38,7,0.4,1445.88
ORD-52276,2024-08-29,2024-08-30,Standard Class,Consumer,New Mexico City,New Mexico,West,Office Supplies,Labels,913.7,3,0.3,52.21
ORD-52277,2023-04-28,2023-05-02,Standard Class,Consumer,Rhode Island City,Rhode Island,East,Furniture,Bookcases,1487.31,2,0.15,-59.22
ORD-52278,2020-08-19,2020-08-20,Standard Class,Consumer,Columbus,Ohio,Central,Office Supplies,Binders,497.09,3,0.0,189.3
ORD-52279,2022-08-09,2022-08-14,Same Day,Corporate,Buffalo,New York,East,Office Supplies,Labels,403.73,4,0.5,6.64
ORD-52280,2024-02-18,2024-02-22,Second Class,Home Office,Colorado City,Colorado,West,Furniture,Bookcases,2951.76,8,0.0,460.15
ORD-52281,2021-01-16,2021-01-22,Standard Class,Consumer,Virginia City,Virginia,East,Office Supplies,Envelopes,5409.99,8,0.0,-847.58
ORD-52282,2020-04-10,2020-04-14,Second Class,Consumer,Colorado City,Colorado,West,Office Supplies,Art,9903.69,8,0.0,4060.43
ORD-52283,2020-09-15,2020-09-21,Standard Class,Consumer,Virginia City,Virginia,East,Technology,Copiers,6459.76,5,0.15,-122.42
ORD-52284,2022-12-25,2022-12-30,Standard Class,Corporate,Vermont City,Vermont,East,Furniture,Chairs,3233.87,4,0.5,141.77
ORD-52285,2024-02-12,2024-02-19,Standard Class,Corporate,Louisiana City,Louisiana,South,Furniture,Bookcases,710.06,1,0.5,-68.28
ORD-52286,2024-02-27,2024-03-05,Standard Class,Consumer,Montana City,Montana,West,Technology,Phones,2300.2,9,0.0,-43.23
ORD-52287,2021-07-26,2021-07-27,Same Day,Corporate,Kansas City,Kansas,Central,Office Supplies,Supplies,1785.44,1,0.0,-440.22
ORD-52288,2021-06-07,2021-06-09,Standard Class,Corporate,Lansing,Michigan,Central,Office Supplies,Envelopes,839.28,2,0.0,-108.33
ORD-52289,2022-08-24,2022-08-28,Second Class,Consumer,Arkansas City,Arkansas,South,Technology,Accessories,4619.72,4,0.0,-841.03
ORD-52290,2024-12-24,2024-12-29,Second Class,Consumer,Massachusetts City,Massachusetts,East,Furniture,Bookcases,4397.96,7,0.1,-1053.81
ORD-52291,2022-02-08,2022-02-09,Second Class,Home Office,North Carolina City,North Carolina,South,Furniture,Furnishings,509.64,3,0.0,176.33
ORD-52292,2022-12-10,2022-12-12,Standard Class,Consumer,Rhode Island City,Rhode Island,East,Office Supplies,Art,885.96,1,0.0,339.22
ORD-52293,2022-01-06,2022-01-12,Standard Class,Corporate,Missouri City,Missouri,Central,Technology,Copiers,15531.46,9,0.2,5329.09
ORD-52294,2024-05-17,2024-05-24,Standard Class,Consumer,New Jersey City,New Jersey,East,Office Supplies,Envelopes,2399.05,3,0.0,455.46
ORD-52295,2020-06-20,2020-06-22,First Class,Home Office,Nebraska City,Nebraska,Central,Furniture,Furnishings,4576.24,2,0.0,1930.85
ORD-52296,2022-08-22,2022-08-29,Second Class,Home Office,Buffalo,New York,East,Office Supplies,Labels,870.36,4,0.0,23.7
ORD-52297,2023-02-07,2023-02-08,Standard Class,Consumer,Idaho City,Idaho,West,Furniture,Bookcases,1773.34,2,0.0,-252.6
ORD-52298,2022-03-18,2022-03-23,Standard Class,Corporate,Maryland City,Maryland,East,Office Supplies,Supplies,1151.06,7,0.5,-43.89
ORD-52299,2021-03-27,2021-04-01,Second Class,Consumer,Peoria,Illinois,Central,Furniture,Tables,2402.07,1,0.0,-237.42
ORD-52300,2020-10-17,2020-10-24,Standard Class,Consumer,Connecticut City,Connecticut,East,Technology,Phones,1641.92,5,0.0,-243.95
ORD-52301,2020-08-11,2020-08-18,Standard Class,Consumer,Oregon City,Oregon,West,Furniture,Tables,2338.44,3,0.0,-607.22
ORD-52302,2021-10-24,2021-10-25,Standard Class,Consumer,New Mexico City,New Mexico,West,Office Supplies,Binders,11842.3,6,0.0,3035.41
ORD-52303,2023-05-13,2023-05-15,First Class,Home Office,Kansas City,Kansas,Central,Technology,Machines,8781.02,8,0.0,-898.54
ORD-52304,2023-07-19,2023-07-23,Second Class,Consumer,Rhode Island City,Rhode Island,East,Furniture,Chairs,6640.08,9,0.0,-1890.27
ORD-52305,2024-12-15,2024-12-19,Standard Class,Consumer,Alabama City,Alabama,South,Office Supplies,Binders,7257.15,5,0.0,2064.51
ORD-52306,2021-02-28,2021-03-07,Second Class,Consumer,North Carolina City,North Carolina,South,Technology,Accessories,8053.13,4,0.15,-2086.0
ORD-52307,2021-09-29,2021-10-03,Standard Class,Corporate,Kansas City,Kansas,Central,Technology,Accessories,10568.65,8,0.0,2058.27
ORD-52308,2020-05-22,2020-05-26,Standard Class,Consumer,Colorado City,Colorado,West,Office Supplies,Envelopes,1994.62,1,0.0,624.46
ORD-52309,2024-01-24,2024-01-28,Standard Class,Consumer,Seattle,Washington,West,Office Supplies,Labels,959.41,1,0.4,-256.64
ORD-52310,2023-09-28,2023-10-02,Standard Class,Consumer,Kansas City,Kansas,Central,Furniture,Furnishings,622.46,1,0.15,209.69
ORD-52311,2023-05-17,2023-05-24,Standard Class,Corporate,Utah City,Utah,West,Furniture,Bookcases,1880.15,1,0.0,-388.46
ORD-52312,2020-03-17,2020-03-18,Standard Class,Consumer,Iowa City,Iowa,Central,Office Supplies,Envelopes,2316.92,4,0.1,14.66
ORD-52313,2022-12-17,2022-12-23,First Class,Home Office,Rhode Island City,Rhode Island,East,Technology,Accessories,7570.22,4,0.1,2582.64
ORD-52314,2024-12-22,2024-12-25,Standard Class,Consumer,Cincinnati,Ohio,Central,Office Supplies,Paper,14061.31,8,0.0,4713.25
ORD-52315,2022-10-18,2022-10-21,Standard Class,Consumer,North Carolina City,North Carolina,South,Office Supplies,Storage,1005.62,1,0.5,187.18
ORD-52316,2020-10-03,2020-10-04,Same Day,Consumer,Kansas City,Kansas,Central,Furniture,Furnishings,2998.22,5,0.0,567.69
ORD-52317,2023-09-08,2023-09-10,Second Class,Consumer,Tacoma,Washington,West,Office Supplies,Fasteners,1086.32,5,0.0,83.3
ORD-52318,2023-09-18,2023-09-20,Second Class,Consumer,Minnesota City,Minnesota,Central,Technology,Phones,13722.55,8,0.3,-2486.79
ORD-52319,2024-10-07,2024-10-12,Standard Class,Consumer,Delaware City,Delaware,East,Office Supplies,Supplies,12588.81,9,0.15,-3204.5
ORD-52320,2020-03-25,2020-03-26,First Class,Consumer,New Mexico City,New Mexico,West,Technology,Accessories,20158.99,9,0.0,3305.39
ORD-52321,2021-02-01,2021-02-03,Standard Class,Home Office,Utah City,Utah,West,Office Supplies,Envelopes,1659.02,1,0.15,341.56
ORD-52322,2021-05-23,2021-05-29,First Class,Consumer,Kentucky City,Kentucky,South,Technology,Copiers,3585.6,5,0.0,1260.13
ORD-52323,2020-07-29,2020-08-03,Standard Class,Corporate,Kentucky City,Kentucky,South,Furniture,Furnishings,414.19,4,0.0,-69.85
ORD-52324,2020-06-18,2020-06-20,Standard Class,Consumer,Maryland City,Maryland,East,Technology,Phones,2347.85,1,0.0,700.17
ORD-52325,2024-10-26,2024-10-31,Standard Class,Consumer,Minnesota City,Minnesota,Central,Technology,Accessories,2276.02,6,0.0,-194.26
ORD-52326,2023-10-06,2023-10-12,Standard Class,Consumer,Iowa City,Iowa,Central,Technology,Copiers,7377.89,4,0.0,700.12
ORD-52327,2020-06-20,2020-06-22,Standard Class,Home Office,Los Angeles,California,West,Office Supplies,Binders,5008.92,3,0.0,629.22
ORD-52328,2024-12-26,2024-12-31,Standard Class,Consumer,Grand Rapids,Michigan,Central,Furniture,Furnishings,5505.65,6,0.4,1068.72
ORD-52329,2022-07-28,2022-08-04,First Class,Consumer,Vermont City,Vermont,East,Office Supplies,Paper,7268.72,8,0.5,151.15
ORD-52330,2024-09-16,2024-09-17,First Class,Corporate,Vermont City,Vermont,East,Furniture,Furnishings,1732.39,6,0.0,384.88
ORD-52331,2023-09-01,2023-09-03,First Class,Consumer,Augusta,Georgia,South,Technology,Machines,6408.83,7,0.0,-601.02
ORD-52332,2022-09-03,2022-09-10,First Class,Corporate,Louisiana City,Louisiana,South,Technology,Phones,5119.57,6,0.0,2034.76
ORD-52333,2022-12-12,2022-12-16,Same Day,Corporate,Grand Rapids,Michigan,Central,Office Supplies,Fasteners,9643.75,7,0.2,-634.42
ORD-52334,2021-10-10,2021-10-15,Second Class,Corporate,Mississippi City,Mississippi,South,Office Supplies,Storage,5369.34,6,0.1,1130.09
ORD-52335,2022-03-24,2022-03-30,Standard Class,Corporate,Montana City,Montana,West,Office Supplies,Art,16056.64,7,0.0,5657.24
ORD-52336,2020-04-16,2020-04-20,Standard Class,Corporate,Maryland City,Maryland,East,Furniture,Furnishings,13385.4,7,0.0,-1530.51
ORD-52337,2024-08-18,2024-08-19,Standard Class,Corporate,Missouri City,Missouri,Central,Technology,Phones,6179.69,8,0.0,-368.42
ORD-52338,2024-01-26,2024-01-30,Second Class,Corporate,Lansing,Michigan,Central,Office Supplies,Binders,10343.58,9,0.0,3088.75
ORD-52339,2022-07-04,2022-07-05,Second Class,Corporate,Detroit,Michigan,Central,Office Supplies,Supplies,3810.53,2,0.0,961.51
ORD-52340,2022-07-27,2022-08-02,First Class,Home Office,Tennessee City,Tennessee,South,Furniture,Bookcases,2344.72,7,0.4,-158.87
ORD-52341,2023-03-25,2023-04-01,Standard Class,Consumer,Kansas City,Kansas,Central,Furniture,Chairs,2199.31,7,0.0,565.9
ORD-52342,2022-06-16,2022-06-21,Second Class,Corporate,Rhode Island City,Rhode Island,East,Office Supplies,Storage,6599.28,6,0.0,2706.56
ORD-52343,2022-07-05,2022-07-09,Standard Class,Home Office,North Carolina City,North Carolina,South,Furniture,Chairs,6192.76,4,0.0,-764.26
ORD-52344,2020-03-01,2020-03-04,Standard Class,Consumer,North Carolina City,North Carolina,South,Technology,Copiers,7355.7,7,0.4,1463.76
ORD-52345,2023-02-17,2023-02-19,Second Class,Consumer,Atlanta,Georgia,South,Furniture,Bookcases,579.73,4,0.5,42.18
ORD-52346,2024-07-04,2024-07-05,First Class,Consumer,Utah City,Utah,West,Office Supplies,Envelopes,16392.78,8,0.0,7336.53
ORD-52347,2023-01-05,2023-01-06,Standard Class,Consumer,South Carolina City,South Carolina,South,Technology,Phones,446.16,8,0.0,34.7
ORD-52348,2023-09-01,2023-09-04,First Class,Corporate,Spokane,Washington,West,Office Supplies,Envelopes,8334.25,8,0.1,-837.2
ORD-52349,2021-04-08,2021-04-14,Standard Class,Consumer,Idaho City,Idaho,West,Furniture,Chairs,7430.84,5,0.0,1617.66
ORD-52350,2022-08-18,2022-08-25,First Class,Corporate,Idaho City,Idaho,West,Technology,Accessories,1170.31,7,0.0,-247.05
ORD-52351,2021-02-10,2021-02-13,Standard Class,Corporate,Lansing,Michigan,Central,Technology,Phones,5394.31,5,0.4,2247.14
ORD-52352,2020-10-31,2020-11-07,Standard Class,Consumer,Massachusetts City,Massachusetts,East,Technology,Copiers,2548.13,5,0.0,458.03
ORD-52353,2022-09-24,2022-09-27,Second Class,Consumer,Seattle,Washington,West,Office Supplies,Binders,71.85,3,0.15,5.22
ORD-52354,2023-05-05,2023-05-11,Second Class,Consumer,Minnesota City,Minnesota,Central,Technology,Copiers,7798.71,4,0.0,-562.9
ORD-52355,2020-10-06,2020-10-09,First Class,Home Office,Wisconsin City,Wisconsin,Central,Furniture,Bookcases,8749.5,6,0.15,3918.93
ORD-52356,2022-11-05,2022-11-11,Standard Class,Corporate,New Mexico City,New Mexico,West,Office Supplies,Fasteners,20932.92,9,0.0,-332.77
ORD-52357,2021-03-18,2021-03-24,Standard Class,Corporate,Missouri City,Missouri,Central,Office Supplies,Labels,1222.86,4,0.0,-163.24
ORD-52358,2021-09-23,2021-09-30,Standard Class,Consumer,Utah City,Utah,West,Technology,Machines,9435.15,4,0.0,-81.64
ORD-52359,2021-11-25,2021-11-27,Standard Class,Consumer,Utah City,Utah,West,Technology,Machines,9853.05,5,0.0,-766.1
ORD-52360,2022-02-28,2022-03-07,Standard Class,Corporate,North Carolina City,North Carolina,South,Technology,Copiers,11612.47,8,0.0,-3475.1
ORD-52361,2022-05-25,2022-05-27,Standard Class,Corporate,Delaware City,Delaware,East,Furniture,Tables,5284.28,5,0.0,-577.3
ORD-52362,2020-06-15,2020-06-22,Standard Class,Consumer,Virginia City,Virginia,East,Technology,Machines,10212.28,8,0.0,4226.64
ORD-52363,2024-11-11,2024-11-12,Same Day,Home Office,Wisconsin City,Wisconsin,Central,Technology,Machines,8102.32,6,0.0,878.93
ORD-52364,2020-03-10,2020-03-12,First Class,Consumer,Cleveland,Ohio,Central,Furniture,Bookcases,3015.03,4,0.4,133.38
ORD-52365,2020-03-02,2020-03-06,Standard Class,Consumer,Missouri City,Missouri,Central,Office Supplies,Binders,8529.58,8,0.0,-484.75
ORD-52366,2024-08-18,2024-08-22,Standard Class,Corporate,Dallas,Texas,Central,Technology,Accessories,15249.59,8,0.1,2525.36
ORD-52367,2020-06-21,2020-06-22,First Class,Consumer,Tennessee City,Tennessee,South,Office Supplies,Supplies,10878.54,8,0.0,1166.92
ORD-52368,2022-01-29,2022-02-03,Standard Class,Consumer,South Carolina City,South Carolina,South,Technology,Copiers,8194.22,5,0.0,-2261.02
ORD-52369,2024-07-18,2024-07-25,Standard Class,Consumer,Oregon City,Oregon,West,Office Supplies,Art,1346.04,1,0.0,451.33
ORD-52370,2020-12-31,2021-01-07,Standard Class,Corporate,Rhode Island City,Rhode Island,East,Technology,Phones,7918.19,6,0.2,-1757.1
ORD-52371,2023-04-17,2023-04-18,Second Class,Consumer,Missouri City,Missouri,Central,Office Supplies,Storage,12302.15,6,0.0,-2243.42
ORD-52372,2024-10-30,2024-11-03,Standard Class,Corporate,Vermont City,Vermont,East,Furniture,Bookcases,1179.07,2,0.2,-200.07
ORD-52373,2024-04-07,2024-04-14,Standard Class,Corporate,Connecticut City,Connecticut,East,Furniture,Chairs,3339.84,5,0.0,-242.86
ORD-52374,2023-04-20,2023-04-23,Standard Class,Corporate,New Jersey City,New Jersey,East,Technology,Copiers,7901.97,8,0.1,1752.97
ORD-52375,2021-09-28,2021-10-02,Standard Class,Consumer,Atlanta,Georgia,South,Office Supplies,Fasteners,2710.12,2,0.1,233.37
ORD-52376,2021-07-08,2021-07-13,Second Class,Corporate,San Francisco,California,West,Office Supplies,Labels,12785.58,8,0.1,-1523.37
ORD-52377,2021-07-24,2021-07-27,Standard Class,Home Office,Louisiana City,Louisiana,South,Furniture,Tables,134.46,6,0.4,59.93
ORD-52378,2021-08-04,2021-08-08,Standard Class,Corporate,New York City,New York,East,Technology,Machines,5862.13,5,0.0,-275.59
ORD-52379,2021-09-05,2021-09-06,Same Day,Corporate,Mississippi City,Mississippi,South,Technology,Accessories,14072.37,6,0.0,2076.85
ORD-52380,2022-07-09,2022-07-16,Standard Class,Consumer,Wisconsin City,Wisconsin,Central,Technology,Accessories,5144.62,5,0.2,-821.67
ORD-52381,2024-08-25,2024-09-01,Second Class,Home Office,Vermont City,Vermont,East,Office Supplies,Supplies,3528.41,2,0.2,-743.22
ORD-52382,2023-12-18,2023-12-21,First Class,Consumer,Mississippi City,Mississippi,South,Furniture,Furnishings,1564.5,2,0.0,658.64
ORD-52383,2024-09-03,2024-09-06,Standard Class,Home Office,Arkansas City,Arkansas,South,Furniture,Chairs,12983.06,6,0.0,4093.18
ORD-52384,2024-08-30,2024-09-01,First Class,Corporate,Seattle,Washington,West,Technology,Copiers,2816.14,2,0.1,-668.24
ORD-52385,2023-08-25,2023-08-29,Standard Class,Home Office,Minnesota City,Minnesota,Central,Technology,Copiers,14307.8,8,0.15,3538.34
ORD-52386,2024-01-26,2024-01-29,First Class,Consumer,Wisconsin City,Wisconsin,Central,Office Supplies,Envelopes,513.72,1,0.2,-105.35
ORD-52387,2023-11-21,2023-11-26,First Class,Consumer,Detroit,Michigan,Central,Office Supplies,Supplies,2162.22,1,0.0,-304.55
ORD-52388,2023-06-17,2023-06-21,Standard Class,Corporate,Spokane,Washington,West,Office Supplies,Storage,3940.01,2,0.15,355.22
ORD-52389,2024-08-17,2024-08-22,Standard Class,Corporate,Springfield,Illinois,Central,Furniture,Furnishings,17688.84,9,0.0,3331.59
ORD-52390,2024-11-30,2024-12-02,Standard Class,Consumer,Massachusetts City,Massachusetts,East,Technology,Phones,768.13,1,0.1,-226.82
ORD-52391,2020-04-08,2020-04-14,Standard Class,Corporate,Mississippi City,Mississippi,South,Office Supplies,Paper,3144.32,5,0.2,410.96
ORD-52392,2024-07-16,2024-07-17,First Class,Consumer,Colorado City,Colorado,West,Technology,Phones,6511.25,6,0.2,257.28
ORD-52393,2020-08-09,2020-08-11,Standard Class,Home Office,Oregon City,Oregon,West,Office Supplies,Paper,2252.75,3,0.0,854.16
ORD-52394,2021-10-11,2021-10-16,Standard Class,Consumer,Arizona City,Arizona,West,Technology,Copiers,10711.25,8,0.0,3905.21
ORD-52395,2020-01-07,2020-01-13,Second Class,Corporate,Alabama City,Alabama,South,Furniture,Furnishings,7622.4,8,0.25,-2235.09
ORD-52396,2024-05-18,2024-05-22,Standard Class,Consumer,Nevada City,Nevada,West,Furniture,Bookcases,9523.35,6,0.0,86.06
ORD-52397,2024-02-10,2024-02-11,First Class,Corporate,Delaware City,Delaware,East,Office Supplies,Paper,2289.68,4,0.0,230.77
ORD-52398,2024-05-03,2024-05-10,Standard Class,Consumer,Nevada City,Nevada,West,Office Supplies,Binders,6390.02,8,0.2,1876.42
ORD-52399,2024-09-29,2024-10-02,Second Class,Consumer,Louisiana City,Louisiana,South,Furniture,Furnishings,8055.98,5,0.0,826.6
ORD-52400,2023-12-06,2023-12-08,Standard Class,Corporate,New Jersey City,New Jersey,East,Furniture,Tables,53.69,2,0.0,-2.0
ORD-52401,2021-06-07,2021-06-10,Standard Class,Home Office,Tennessee City,Tennessee,South,Technology,Phones,1218.69,5,0.3,-57.74
ORD-52402,2023-01-03,2023-01-05,Standard Class,Consumer,Louisiana City,Louisiana,South,Furniture,Chairs,3968.62,4,0.0,-835.22
ORD-52403,2023-03-28,2023-04-02,Standard Class,Consumer,Rhode Island City,Rhode Island,East,Furniture,Bookcases,666.57,6,0.0,14.47
ORD-52404,2020-10-26,2020-10-31,Standard Class,Consumer,Mississippi City,Mississippi,South,Furniture,Furnishings,2730.51,6,0.0,630.83
ORD-52405,2021-05-09,2021-05-14,First Class,Home Office,Grand Rapids,Michigan,Central,Furniture,Tables,3302.72,9,0.15,-317.95
ORD-52406,2022-10-14,2022-10-21,Standard Class,Corporate,Nevada City,Nevada,West,Technology,Copiers,7120.21,4,0.0,145.85
ORD-52407,2024-06-04,2024-06-11,Standard Class,Corporate,Nebraska City,Nebraska,Central,Technology,Machines,5966.31,5,0.0,1617.48
ORD-52408,2021-06-05,2021-06-07,Second Class,Home Office,Connecticut City,Connecticut,East,Furniture,Chairs,3066.72,2,0.0,-79.7
ORD-52409,2021-05-09,2021-05-10,Standard Class,Corporate,Lansing,Michigan,Central,Office Supplies,Labels,6778.53,3,0.0,1675.22
ORD-52410,2024-03-29,2024-04-05,Second Class,Consumer,Kentucky City,Kentucky,South,Furniture,Furnishings,4902.22,4,0.0,2184.55
ORD-52411,2022-11-10,2022-11-11,Standard Class,Consumer,Cleveland,Ohio,Central,Office Supplies,Art,18049.43,9,0.0,2556.74
ORD-52412,2020-04-17,2020-04-22,Same Day,Consumer,Massachusetts City,Massachusetts,East,Furniture,Bookcases,6516.86,3,0.0,1921.9
ORD-52413,2023-10-03,2023-10-07,Second Class,Consumer,Mississippi City,Mississippi,South,Furniture,Chairs,6791.74,3,0.0,2591.02
ORD-52414,2023-08-11,2023-08-18,Standard Class,Consumer,Kansas City,Kansas,Central,Office Supplies,Labels,11003.06,5,0.0,2138.29
ORD-52415,2021-09-25,2021-09-28,Second Class,Consumer,Rhode Island City,Rhode Island,East,Office Supplies,Binders,2467.01,8,0.0,635.56
ORD-52416,2022-09-24,2022-09-26,Standard Class,Home Office,Oregon City,Oregon,West,Furniture,Tables,5460.46,4,0.0,1417.34
ORD-52417,2023-07-20,2023-07-27,Same Day,Consumer,Nebraska City,Nebraska,Central,Technology,Phones,1838.86,3,0.0,221.68
ORD-52418,2024-11-17,2024-11-21,Standard Class,Consumer,New Jersey City,New Jersey,East,Technology,Phones,11469.93,8,0.0,3179.97
ORD-52419,2023-08-14,2023-08-20,Second Class,Consumer,New Mexico City,New Mexico,West,Office Supplies,Labels,863.81,3,0.5,174.02
ORD-52420,2024-07-06,2024-07-09,Standard Class,Consumer,Harrisburg,Pennsylvania,East,Furniture,Furnishings,12577.2,7,0.0,3196.28
ORD-52421,2021-09-01,2021-09-05,First Class,Corporate,Cleveland,Ohio,Central,Technology,Phones,6162.21,5,0.0,659.72
ORD-52422,2023-05-07,2023-05-10,Standard Class,Home Office,Alabama City,Alabama,South,Furniture,Bookcases,5043.67,4,0.1,1286.16
ORD-52423,2023-05-26,2023-05-31,Standard Class,Consumer,Atlanta,Georgia,South,Technology,Copiers,3860.14,3,0.0,947.07
ORD-52424,2023-06-14,2023-06-19,Standard Class,Consumer,Wisconsin City,Wisconsin,Central,Furniture,Furnishings,4852.59,2,0.0,-1220.76
ORD-52425,2020-10-15,2020-10-16,Second Class,Consumer,Alabama City,Alabama,South,Furniture,Furnishings,1401.88,1,0.0,471.02
ORD-52426,2020-02-04,2020-02-07,Standard Class,Consumer,Wisconsin City,Wisconsin,Central,Furniture,Chairs,330.04,3,0.5,-53.62
ORD-52427,2020-08-28,2020-08-30,Second Class,Corporate,North Carolina City,North Carolina,South,Furniture,Tables,5874.12,4,0.0,1097.15
ORD-52428,2024-06-20,2024-06-26,Same Day,Consumer,Vermont City,Vermont,East,Office Supplies,Storage,1840.03,3,0.5,738.47
ORD-52429,2021-01-22,2021-01-23,Standard Class,Corporate,Vermont City,Vermont,East,Office Supplies,Binders,11238.07,8,0.25,-2067.87
ORD-52430,2024-08-24,2024-08-31,Second Class,Home Office,Nebraska City,Nebraska,Central,Furniture,Chairs,6209.3,4,0.0,1142.38
ORD-52431,2024-03-09,2024-03-11,First Class,Home Office,Connecticut City,Connecticut,East,Furniture,Tables,3557.26,7,0.4,239.81
ORD-52432,2023-10-29,2023-11-03,Standard Class,Consumer,New Mexico City,New Mexico,West,Technology,Phones,14726.74,7,0.0,1404.43
ORD-52433,2024-03-10,2024-03-12,Standard Class,Home Office,Iowa City,Iowa,Central,Office Supplies,Labels,6620.3,8,0.0,-1665.6
ORD-52434,2024-06-11,2024-06-14,First Class,Home Office,Montana City,Montana,West,Office Supplies,Envelopes,8623.25,7,0.15,1489.13
ORD-52435,2022-05-16,2022-05-19,Same Day,Home Office,South Carolina City,South Carolina,South,Office Supplies,Paper,3287.16,2,0.1,1213.85
ORD-52436,2022-11-04,2022-11-08,First Class,Consumer,Delaware City,Delaware,East,Furniture,Tables,607.83,8,0.1,-156.01
ORD-52437,2024-11-21,2024-11-27,Same Day,Consumer,Idaho City,Idaho,West,Office Supplies,Storage,1621.44,2,0.0,-389.85
ORD-52438,2020-08-23,2020-08-29,Second Class,Consumer,North Carolina City,North Carolina,South,Office Supplies,Labels,16256.98,7,0.0,493.61
ORD-52439,2024-02-12,2024-02-13,Standard Class,Home Office,Tampa,Florida,South,Office Supplies,Envelopes,9847.89,4,0.0,4423.59
ORD-52440,2024-06-02,2024-06-09,Standard Class,Consumer,New Mexico City,New Mexico,West,Furniture,Furnishings,9464.66,6,0.0,-1384.51
ORD-52441,2021-05-23,2021-05-29,Standard Class,Corporate,Mississippi City,Mississippi,South,Furniture,Tables,932.3,1,0.0,359.33
ORD-52442,2022-08-16,2022-08-18,Second Class,Consumer,Nevada City,Nevada,West,Furniture,Furnishings,1434.51,2,0.25,567.28
ORD-52443,2023-06-23,2023-06-29,Second Class,Home Office,Missouri City,Missouri,Central,Office Supplies,Paper,2320.63,2,0.5,-292.26
ORD-52444,2021-05-01,2021-05-02,First Class,Corporate,Rhode Island City,Rhode Island,East,Technology,Copiers,3990.71,8,0.0,1645.7
ORD-52445,2024-05-14,2024-05-16,Standard Class,Consumer,North Carolina City,North Carolina,South,Technology,Phones,7073.93,7,0.0,2985.28
ORD-52446,2024-04-10,2024-04-17,Standard Class,Corporate,Kentucky City,Kentucky,South,Furniture,Bookcases,3611.5,7,0.0,-80.32
ORD-52447,2022-10-03,2022-10-05,Standard Class,Corporate,Utah City,Utah,West,Technology,Copiers,5181.23,5,0.0,676.76
ORD-52448,2024-02-14,2024-02-20,Standard Class,Home Office,Nebraska City,Nebraska,Central,Technology,Phones,2214.64,1,0.0,-505.01
ORD-52449,2022-11-02,2022-11-08,Standard Class,Corporate,Rhode Island City,Rhode Island,East,Furniture,Furnishings,2328.12,1,0.0,264.47
ORD-52450,2022-09-14,2022-09-20,Standard Class,Consumer,Mississippi City,Mississippi,South,Office Supplies,Storage,6008.33,8,0.0,-234.09
ORD-52451,2021-08-31,2021-09-01,Standard Class,Consumer,Rhode Island City,Rhode Island,East,Technology,Accessories,7148.31,3,0.0,-2034.15
ORD-52452,2023-01-08,2023-01-14,Standard Class,Corporate,Louisiana City,Louisiana,South,Technology,Copiers,2289.59,1,0.0,-290.86
ORD-52453,2024-02-26,2024-03-04,Standard Class,Corporate,Albany,New York,East,Furniture,Tables,1232.66,3,0.1,522.34
ORD-52454,2020-09-23,2020-09-28,Same Day,Home Office,Detroit,Michigan,Central,Furniture,Bookcases,2222.04,3,0.2,716.18
ORD-52455,2023-05-08,2023-05-15,Same Day,Consumer,Austin,Texas,Central,Furniture,Chairs,4032.52,4,0.4,-719.93
ORD-52456,2022-07-16,2022-07-19,Standard Class,Consumer,Seattle,Washington,West,Office Supplies,Storage,8312.62,5,0.2,52.77
ORD-52457,2021-12-29,2021-12-30,Second Class,Consumer,Austin,Texas,Central,Technology,Copiers,1901.0,6,0.0,361.28
ORD-52458,2021-06-23,2021-06-28,Standard Class,Corporate,Grand Rapids,Michigan,Central,Office Supplies,Paper,5478.12,4,0.25,-1469.07
ORD-52459,2020-08-21,2020-08-26,Second Class,Consumer,Mississippi City,Mississippi,South,Furniture,Chairs,9053.87,5,0.0,-2326.91
ORD-52460,2022-09-04,2022-09-11,Standard Class,Home Office,New Jersey City,New Jersey,East,Furniture,Furnishings,11673.79,6,0.0,1402.69
ORD-52461,2021-12-01,2021-12-03,First Class,Home Office,Cleveland,Ohio,Central,Technology,Phones,21690.18,9,0.0,-2150.65
ORD-52462,2024-03-20,2024-03-26,Second Class,Corporate,Colorado City,Colorado,West,Furniture,Bookcases,16337.34,7,0.0,-3059.64
ORD-52463,2021-05-13,2021-05-16,Standard Class,Corporate,Utah City,Utah,West,Furniture,Furnishings,100.61,4,0.0,2.24
ORD-52464,2021-07-17,2021-07-23,Second Class,Consumer,North Carolina City,North Carolina,South,Technology,Copiers,5703.02,3,0.0,1564.96
ORD-52465,2023-01-10,2023-01-15,Standard Class,Consumer,Columbus,Ohio,Central,Furniture,Tables,4569.99,8,0.0,1771.26
ORD-52466,2024-01-18,2024-01-22,Second Class,Home Office,South Carolina City,South Carolina,South,Office Supplies,Labels,5750.72,7,0.0,-1435.53
ORD-52467,2021-04-16,2021-04-19,Standard Class,Consumer,Missouri City,Missouri,Central,Technology,Accessories,2105.35,7,0.5,-259.67
ORD-52468,2020-03-22,2020-03-28,First Class,Home Office,Massachusetts City,Massachusetts,East,Technology,Accessories,6882.02,8,0.0,1408.55
ORD-52469,2021-07-26,2021-07-29,Standard Class,Consumer,Alabama City,Alabama,South,Technology,Machines,1376.22,1,0.2,332.19
ORD-52470,2023-04-29,2023-05-04,Second Class,Corporate,Arkansas City,Arkansas,South,Furniture,Bookcases,4549.7,4,0.0,29.73
ORD-52471,2023-07-08,2023-07-11,Second Class,Consumer,Atlanta,Georgia,South,Office Supplies,Art,1176.83,1,0.25,-282.88
ORD-52472,2024-01-05,2024-01-08,Standard Class,Corporate,Savannah,Georgia,South,Furniture,Tables,9230.3,7,0.0,739.09
ORD-52473,2024-07-12,2024-07-17,Standard Class,Corporate,Montana City,Montana,West,Technology,Copiers,976.36,9,0.0,-194.83
ORD-52474,2023-08-10,2023-08-12,Second Class,Corporate,Nevada City,Nevada,West,Furniture,Bookcases,535.03,3,0.5,12.48
ORD-52475,2023-08-10,2023-08-15,Standard Class,Corporate,New Mexico City,New Mexico,West,Technology,Copiers,1724.88,3,0.0,6.58
ORD-52476,2020-11-02,2020-11-05,Standard Class,Consumer,Virginia City,Virginia,East,Technology,Machines,8802.69,6,0.0,1271.48
ORD-52477,2021-12-04,2021-12-09,Standard Class,Corporate,Nebraska City,Nebraska,Central,Furniture,Tables,13069.16,9,0.0,-3755.42
ORD-52478,2022-06-25,2022-06-29,Standard Class,Corporate,Sacramento,California,West,Furniture,Bookcases,13679.79,9,0.0,-1403.1
ORD-52479,2020-03-31,2020-04-04,Standard Class,Consumer,Iowa City,Iowa,Central,Technology,Phones,5430.55,7,0.1,892.35
ORD-52480,2020-07-07,2020-07-14,Second Class,Consumer,Wisconsin City,Wisconsin,Central,Technology,Phones,6309.14,9,0.1,382.89
ORD-52481,2022-07-30,2022-07-31,Standard Class,Consumer,San Francisco,California,West,Technology,Phones,4568.75,6,0.5,997.44
ORD-52482,2020-12-16,2020-12-20,Standard Class,Consumer,Oregon City,Oregon,West,Furniture,Furnishings,1123.52,1,0.15,481.43
ORD-52483,2024-11-09,2024-11-10,Standard Class,Consumer,New Mexico City,New Mexico,West,Office Supplies,Envelopes,1739.11,3,0.0,-452.29
ORD-52484,2021-11-23,2021-11-30,Standard Class,Corporate,Kansas City,Kansas,Central,Technology,Copiers,991.58,2,0.2,-124.75
ORD-52485,2024-09-30,2024-10-02,Standard Class,Home Office,Maryland City,Maryland,East,Furniture,Chairs,10077.51,7,0.0,-943.34
ORD-52486,2021-10-04,2021-10-10,Second Class,Consumer,Austin,Texas,Central,Technology,Accessories,7486.12,7,0.1,2849.44
ORD-52487,2022-09-24,2022-09-25,Standard Class,Consumer,Nebraska City,Nebraska,Central,Technology,Copiers,6414.22,7,0.15,1851.9
ORD-52488,2022-02-17,2022-02-24,Standard Class,Home Office,Massachusetts City,Massachusetts,East,Furniture,Furnishings,5623.78,5,0.0,-1513.32
ORD-52489,2024-09-25,2024-10-02,First Class,Corporate,Kentucky City,Kentucky,South,Furniture,Tables,16577.89,9,0.2,-1140.94
ORD-52490,2020-07-23,2020-07-27,Standard Class,Home Office,Delaware City,Delaware,East,Technology,Accessories,1847.66,1,0.0,-189.23
ORD-52491,2020-04-02,2020-04-09,Standard Class,Consumer,Minnesota City,Minnesota,Central,Technology,Machines,7220.96,3,0.0,2239.15
ORD-52492,2022-10-20,2022-10-22,Second Class,Consumer,Rhode Island City,Rhode Island,East,Office Supplies,Fasteners,3316.59,8,0.3,1141.97
ORD-52493,2022-06-26,2022-06-29,Standard Class,Consumer,Idaho City,Idaho,West,Furniture,Chairs,3930.72,2,0.0,1417.34
ORD-52494,2020-02-02,2020-02-05,Standard Class,Corporate,Tennessee City,Tennessee,South,Furniture,Tables,5725.82,8,0.25,938.08
ORD-52495,2020-02-05,2020-02-09,Same Day,Consumer,North Carolina City,North Carolina,South,Furniture,Furnishings,2393.95,1,0.0,623.61
ORD-52496,2024-01-14,2024-01-18,Standard Class,Consumer,Vermont City,Vermont,East,Technology,Machines,1061.08,2,0.0,475.86
ORD-52497,2023-05-11,2023-05-13,Same Day,Corporate,Tacoma,Washington,West,Office Supplies,Paper,12049.1,6,0.0,982.15
ORD-52498,2020-10-25,2020-10-26,Standard Class,Consumer,Columbus,Ohio,Central,Office Supplies,Storage,4946.05,8,0.15,1298.2
ORD-52499,2021-08-08,2021-08-10,Second Class,Consumer,Nevada City,Nevada,West,Furniture,Bookcases,3246.91,5,0.5,-757.53
ORD-52500,2024-02-22,2024-02-29,Standard Class,Corporate,South Carolina City,South Carolina,South,Furniture,Bookcases,2401.56,6,0.0,441.23
ORD-52501,2022-06-10,2022-06-15,Standard Class,Corporate,Arizona City,Arizona,West,Technology,Phones,6805.64,7,0.1,-1020.79
ORD-52502,2023-08-31,2023-09-01,First Class,Consumer,Tennessee City,Tennessee,South,Technology,Phones,13932.63,9,0.0,2234.16
ORD-52503,2023-04-04,2023-04-06,First Class,Consumer,North Carolina City,North Carolina,South,Office Supplies,Fasteners,8322.61,6,0.0,-1139.49
ORD-52504,2023-04-17,2023-04-23,Standard Class,Corporate,Rhode Island City,Rhode Island,East,Technology,Accessories,5317.98,6,0.0,2192.82
ORD-52505,2021-07-23,2021-07-26,Second Class,Corporate,Rhode Island City,Rhode Island,East,Furniture,Bookcases,2055.87,5,0.0,-588.09
ORD-52506,2022-07-06,2022-07-12,Standard Class,Consumer,Nevada City,Nevada,West,Office Supplies,Binders,12845.97,7,0.0,1645.96
ORD-52507,2020-07-16,2020-07-22,Standard Class,Corporate,Seattle,Washington,West,Technology,Accessories,2586.53,5,0.1,-693.43
ORD-52508,2021-08-04,2021-08-09,Second Class,Consumer,Savannah,Georgia,South,Technology,Machines,1906.86,1,0.0,133.07
ORD-52509,2020-05-05,2020-05-10,Standard Class,Corporate,New Jersey City,New Jersey,East,Furniture,Tables,12371.49,8,0.3,3615.29
ORD-52510,2020-04-30,2020-05-01,Standard Class,Corporate,North Carolina City,North Carolina,South,Furniture,Furnishings,4718.78,4,0.0,209.03
ORD-52511,2024-12-05,2024-12-12,Standard Class,Consumer,North Carolina City,North Carolina,South,Furniture,Furnishings,6285.45,4,0.25,1172.52
ORD-52512,2022-06-29,2022-07-01,Same Day,Consumer,Minnesota City,Minnesota,Central,Furniture,Tables,1089.27,1,0.0,246.69
ORD-52513,2023-01-20,2023-01-24,First Class,Consumer,Idaho City,Idaho,West,Technology,Phones,14383.58,6,0.0,-3520.44
ORD-52514,2024-06-16,2024-06-21,Standard Class,Home Office,Kentucky City,Kentucky,South,Technology,Machines,6668.22,3,0.0,-1053.42
ORD-52515,2024-06-02,2024-06-09,Standard Class,Consumer,South Carolina City,South Carolina,South,Furniture,Furnishings,1900.5,6,0.25,18.37
ORD-52516,2021-05-14,2021-05-18,First Class,Consumer,Mississippi City,Mississippi,South,Technology,Accessories,11030.94,6,0.0,4502.79
ORD-52517,2024-01-31,2024-02-07,Standard Class,Corporate,Montana City,Montana,West,Technology,Phones,5307.29,4,0.0,-204.11
ORD-52518,2021-03-27,2021-03-29,Standard Class,Consumer,Kansas City,Kansas,Central,Technology,Machines,3078.68,5,0.1,1150.4
ORD-52519,2022-08-16,2022-08-17,Standard Class,Home Office,San Francisco,California,West,Technology,Machines,87.15,2,0.5,12.6
ORD-52520,2021-11-22,2021-11-29,Standard Class,Consumer,Idaho City,Idaho,West,Technology,Phones,2155.09,6,0.15,95.06
ORD-52521,2023-03-25,2023-03-29,Standard Class,Consumer,Lansing,Michigan,Central,Furniture,Chairs,9132.69,9,0.0,-2376.3
ORD-52522,2023-06-21,2023-06-27,Standard Class,Consumer,Detroit,Michigan,Central,Office Supplies,Fasteners,3865.52,5,0.0,224.28
ORD-52523,2022-11-27,2022-12-02,Standard Class,Consumer,Nevada City,Nevada,West,Furniture,Bookcases,805.92,2,0.0,79.77
ORD-52524,2022-02-04,2022-02-06,First Class,Corporate,Massachusetts City,Massachusetts,East,Furniture,Tables,1341.38,2,0.0,-285.7
ORD-52525,2022-10-29,2022-11-01,Second Class,Corporate,Massachusetts City,Massachusetts,East,Furniture,Chairs,1803.8,9,0.25,409.34
ORD-52526,2024-04-28,2024-05-02,Standard Class,Consumer,Louisiana City,Louisiana,South,Office Supplies,Art,5828.26,3,0.0,1171.36
ORD-52527,2022-07-05,2022-07-08,First Class,Corporate,Iowa City,Iowa,Central,Office Supplies,Art,5827.63,8,0.0,2138.44
ORD-52528,2021-07-11,2021-07-14,Standard Class,Corporate,Minnesota City,Minnesota,Central,Technology,Phones,537.08,3,0.0,-51.33
ORD-52529,2021-12-28,2022-01-03,Standard Class,Corporate,Connecticut City,Connecticut,East,Furniture,Bookcases,4571.14,7,0.2,-646.22
ORD-52530,2023-08-31,2023-09-06,Standard Class,Consumer,Kentucky City,Kentucky,South,Technology,Accessories,4076.0,4,0.3,-311.57
ORD-52531,2023-11-18,2023-11-22,Second Class,Consumer,Kansas City,Kansas,Central,Furniture,Furnishings,14511.12,7,0.1,-1839.0
ORD-52532,2020-05-02,2020-05-07,Standard Class,Consumer,Lansing,Michigan,Central,Office Supplies,Fasteners,1787.75,1,0.0,-509.2
ORD-52533,2024-03-12,2024-03-19,Standard Class,Corporate,Nebraska City,Nebraska,Central,Office Supplies,Storage,1104.6,1,0.0,-209.98
ORD-52534,2023-03-05,2023-03-08,Standard Class,Consumer,Mississippi City,Mississippi,South,Technology,Copiers,5808.91,3,0.0,-652.07
ORD-52535,2021-03-29,2021-04-05,First Class,Corporate,Delaware City,Delaware,East,Office Supplies,Storage,700.56,1,0.0,-149.63
ORD-52536,2021-05-11,2021-05-15,Standard Class,Consumer,Louisiana City,Louisiana,South,Technology,Machines,15244.23,8,0.0,-2406.74
ORD-52537,2021-03-03,2021-03-07,First Class,Consumer,Springfield,Illinois,Central,Furniture,Furnishings,564.02,1,0.5,117.5
ORD-52538,2021-03-21,2021-03-27,Standard Class,Home Office,Montana City,Montana,West,Furniture,Furnishings,1636.36,5,0.0,-43.5
ORD-52539,2022-07-19,2022-07-21,First Class,Consumer,Rhode Island City,Rhode Island,East,Office Supplies,Labels,16633.31,9,0.0,1937.51
ORD-52540,2023-11-30,2023-12-02,Second Class,Consumer,Cincinnati,Ohio,Central,Technology,Accessories,19054.49,9,0.1,5851.59
ORD-52541,2024-07-26,2024-07-27,First Class,Corporate,Arkansas City,Arkansas,South,Technology,Phones,11076.93,7,0.25,265.19
ORD-52542,2020-04-27,2020-04-28,Standard Class,Corporate,Massachusetts City,Massachusetts,East,Furniture,Chairs,2967.26,3,0.5,1214.05
ORD-52543,2021-04-04,2021-04-10,Second Class,Consumer,Sacramento,California,West,Office Supplies,Labels,260.88,8,0.0,46.91
ORD-52544,2023-10-14,2023-10-20,Second Class,Home Office,Alabama City,Alabama,South,Furniture,Chairs,3504.53,7,0.1,1220.64
ORD-52545,2024-11-25,2024-11-29,Standard Class,Corporate,Mississippi City,Mississippi,South,Office Supplies,Envelopes,3273.57,2,0.0,216.41
ORD-52546,2023-12-10,2023-12-14,Second Class,Corporate,Grand Rapids,Michigan,Central,Technology,Accessories,410.86,9,0.4,-50.8
ORD-52547,2021-06-23,2021-06-24,Same Day,Consumer,Philadelphia,Pennsylvania,East,Furniture,Bookcases,8143.17,7,0.0,1894.98
ORD-52548,2020-11-30,2020-12-01,Standard Class,Consumer,Delaware City,Delaware,East,Technology,Machines,14649.06,9,0.15,2457.09
ORD-52549,2023-02-15,2023-02-20,Same Day,Consumer,Iowa City,Iowa,Central,Furniture,Tables,8714.19,4,0.1,-865.38
ORD-52550,2023-08-16,2023-08-19,Second Class,Consumer,Delaware City,Delaware,East,Technology,Copiers,14650.87,8,0.2,875.4
ORD-52551,2023-10-31,2023-11-05,Second Class,Home Office,Vermont City,Vermont,East,Technology,Machines,65.88,5,0.5,28.82
ORD-52552,2020-01-19,2020-01-23,First Class,Consumer,Connecticut City,Connecticut,East,Technology,Copiers,11271.88,7,0.0,3804.13
ORD-52553,2024-04-13,2024-04-20,Standard Class,Consumer,Missouri City,Missouri,Central,Furniture,Chairs,6730.48,3,0.0,809.19
ORD-52554,2020-06-15,2020-06-22,First Class,Consumer,Connecticut City,Connecticut,East,Technology,Machines,8962.57,5,0.2,-1385.55
ORD-52555,2024-01-16,2024-01-19,Standard Class,Consumer,Tennessee City,Tennessee,South,Technology,Phones,7427.72,8,0.25,2756.63
ORD-52556,2023-12-09,2023-12-15,Same Day,Consumer,Nebraska City,Nebraska,Central,Furniture,Bookcases,4886.28,3,0.0,-602.62
ORD-52557,2024-07-02,2024-07-05,Standard Class,Corporate,New Mexico City,New Mexico,West,Technology,Copiers,15921.65,7,0.0,1232.72
ORD-52558,2022-10-23,2022-10-25,Second Class,Home Office,Alabama City,Alabama,South,Furniture,Furnishings,11316.54,6,0.15,-725.49
ORD-52559,2020-02-04,2020-02-11,Standard Class,Consumer,Nebraska City,Nebraska,Central,Technology,Copiers,18263.81,9,0.0,-3275.11
ORD-52560,2021-03-22,2021-03-29,Standard Class,Corporate,Spokane,Washington,West,Office Supplies,Envelopes,19851.44,8,0.0,-3307.19
ORD-52561,2024-06-13,2024-06-14,Same Day,Corporate,Minnesota City,Minnesota,Central,Furniture,Tables,6698.56,7,0.1,617.49
ORD-52562,2023-02-15,2023-02-16,Standard Class,Consumer,New Jersey City,New Jersey,East,Office Supplies,Fasteners,10544.68,6,0.0,3112.96
ORD-52563,2022-05-02,2022-05-05,First Class,Consumer,Kentucky City,Kentucky,South,Office Supplies,Supplies,5270.67,5,0.5,1104.43
ORD-52564,2020-11-02,2020-11-09,Standard Class,Consumer,New Mexico City,New Mexico,West,Technology,Accessories,4498.54,9,0.0,1520.95
ORD-52565,2020-04-27,2020-05-02,Standard Class,Consumer,Connecticut City,Connecticut,East,Technology,Copiers,3430.46,2,0.0,429.48
ORD-52566,2021-11-16,2021-11-22,Second Class,Consumer,Peoria,Illinois,Central,Office Supplies,Labels,1328.38,1,0.2,143.52
ORD-52567,2023-02-15,2023-02-22,Standard Class,Consumer,Alabama City,Alabama,South,Furniture,Bookcases,467.38,1,0.25,-136.67
ORD-52568,2022-02-27,2022-03-01,Same Day,Consumer,Connecticut City,Connecticut,East,Technology,Machines,3066.03,2,0.0,833.12
ORD-52569,2020-09-27,2020-09-29,Standard Class,Corporate,Arizona City,Arizona,West,Technology,Copiers,2041.4,2,0.2,-438.08
ORD-52570,2024-10-10,2024-10-15,Standard Class,Corporate,Virginia City,Virginia,East,Furniture,Furnishings,1167.94,7,0.5,-11.86
ORD-52571,2021-09-11,2021-09-18,Second Class,Consumer,Missouri City,Missouri,Central,Furniture,Furnishings,843.51,2,0.5,-206.21
ORD-52572,2024-03-18,2024-03-19,Standard Class,Consumer,Austin,Texas,Central,Technology,Machines,4873.38,7,0.2,26.77
ORD-52573,2022-11-08,2022-11-13,Standard Class,Consumer,Albany,New York,East,Furniture,Bookcases,32.87,1,0.0,-8.76
ORD-52574,2024-08-08,2024-08-13,Standard Class,Consumer,Tennessee City,Tennessee,South,Office Supplies,Binders,1580.06,1,0.0,287.04
ORD-52575,2024-09-21,2024-09-22,Standard Class,Consumer,Missouri City,Missouri,Central,Technology,Copiers,2280.54,5,0.2,90.62
ORD-52576,2023-04-28,2023-05-03,Second Class,Home Office,Nebraska City,Nebraska,Central,Furniture,Chairs,10212.17,6,0.2,4532.51
ORD-52577,2022-11-22,2022-11-23,First Class,Consumer,Colorado City,Colorado,West,Technology,Accessories,462.09,3,0.0,-4.61
ORD-52578,2021-09-12,2021-09-18,Standard Class,Corporate,Arkansas City,Arkansas,South,Furniture,Furnishings,12127.81,9,0.2,4731.48
ORD-52579,2023-09-13,2023-09-18,Same Day,Consumer,Philadelphia,Pennsylvania,East,Furniture,Furnishings,5105.65,5,0.2,-218.79
ORD-52580,2023-07-11,2023-07-17,Second Class,Consumer,Tennessee City,Tennessee,South,Office Supplies,Binders,1437.46,1,0.0,506.24
ORD-52581,2021-12-10,2021-12-15,Second Class,Consumer,Houston,Texas,Central,Office Supplies,Supplies,5546.55,4,0.0,-282.84
ORD-52582,2021-02-18,2021-02-21,Second Class,Consumer,Arkansas City,Arkansas,South,Technology,Accessories,1090.58,5,0.2,-216.55
ORD-52583,2022-12-18,2022-12-20,Standard Class,Corporate,Maryland City,Maryland,East,Office Supplies,Art,15775.81,8,0.2,-3672.12
ORD-52584,2021-01-16,2021-01-17,Standard Class,Consumer,Kansas City,Kansas,Central,Office Supplies,Labels,2593.21,8,0.1,-394.44
ORD-52585,2024-10-21,2024-10-28,Standard Class,Corporate,New Mexico City,New Mexico,West,Furniture,Furnishings,324.31,9,0.0,77.81
ORD-52586,2023-07-30,2023-08-02,Standard Class,Corporate,Delaware City,Delaware,East,Technology,Phones,5411.38,6,0.0,-1543.13
ORD-52587,2024-03-24,2024-03-31,Same Day,Consumer,Vermont City,Vermont,East,Office Supplies,Art,2907.71,6,0.25,-735.07
ORD-52588,2022-07-03,2022-07-10,Standard Class,Consumer,Tacoma,Washington,West,Furniture,Chairs,11160.45,8,0.1,-1694.6
ORD-52589,2024-12-22,2024-12-29,Standard Class,Consumer,Arizona City,Arizona,West,Office Supplies,Supplies,11051.69,8,0.0,1315.53
ORD-52590,2023-07-28,2023-07-29,Standard Class,Corporate,Arkansas City,Arkansas,South,Office Supplies,Fasteners,4907.4,8,0.1,166.17
ORD-52591,2023-05-29,2023-05-31,Standard Class,Corporate,Colorado City,Colorado,West,Office Supplies,Paper,928.38,3,0.3,-133.59
ORD-52592,2022-05-09,2022-05-13,First Class,Home Office,Tennessee City,Tennessee,South,Technology,Machines,951.04,1,0.0,190.82
ORD-52593,2022-03-05,2022-03-06,Second Class,Corporate,Vermont City,Vermont,East,Furniture,Tables,10285.35,9,0.0,2155.71
ORD-52594,2023-02-02,2023-02-04,Standard Class,Consumer,Wisconsin City,Wisconsin,Central,Technology,Machines,10744.43,5,0.0,3927.35
ORD-52595,2024-07-08,2024-07-12,Standard Class,Corporate,New Jersey City,New Jersey,East,Technology,Phones,1298.38,1,0.1,99.72
ORD-52596,2024-07-30,2024-08-03,Standard Class,Consumer,Orlando,Florida,South,Furniture,Chairs,3796.79,3,0.0,1468.77
ORD-52597,2020-07-15,2020-07-18,Same Day,Corporate,Kentucky City,Kentucky,South,Technology,Machines,244.54,1,0.0,103.83
ORD-52598,2024-09-24,2024-09-26,Standard Class,Consumer,Colorado City,Colorado,West,Furniture,Furnishings,1462.75,7,0.0,302.28
ORD-52599,2020-06-30,2020-07-03,First Class,Home Office,Miami,Florida,South,Technology,Accessories,4060.63,2,0.0,784.85
ORD-52600,2020-09-08,2020-09-13,Standard Class,Consumer,Orlando,Florida,South,Office Supplies,Labels,5872.26,3,0.0,2385.5
ORD-52601,2022-02-20,2022-02-27,Standard Class,Consumer,Nevada City,Nevada,West,Technology,Accessories,5870.24,9,0.0,558.79
ORD-52602,2023-11-15,2023-11-19,Standard Class,Consumer,Vermont City,Vermont,East,Technology,Accessories,9408.42,4,0.0,1382.83
ORD-52603,2020-09-14,2020-09-18,Standard Class,Consumer,Colorado City,Colorado,West,Furniture,Chairs,9022.75,7,0.0,2986.78
ORD-52604,2024-07-10,2024-07-11,Standard Class,Consumer,Kentucky City,Kentucky,South,Office Supplies,Art,20407.67,9,0.0,-1750.13
ORD-52605,2020-11-18,2020-11-22,Standard Class,Consumer,Massachusetts City,Massachusetts,East,Furniture,Tables,5673.02,7,0.0,1010.35
ORD-52606,2020-01-25,2020-02-01,Second Class,Corporate,Spokane,Washington,West,Technology,Machines,6454.66,3,0.0,664.75
ORD-52607,2024-02-26,2024-03-02,Standard Class,Consumer,Springfield,Illinois,Central,Furniture,Tables,11281.73,9,0.0,-759.83
ORD-52608,2023-09-05,2023-09-09,Second Class,Corporate,Louisiana City,Louisiana,South,Technology,Machines,11005.48,6,0.0,4254.82
ORD-52609,2020-06-24,2020-06-29,First Class,Corporate,Mississippi City,Mississippi,South,Furniture,Tables,8999.69,9,0.0,-1526.8
ORD-52610,2020-01-25,2020-01-30,First Class,Home Office,Colorado City,Colorado,West,Office Supplies,Envelopes,5515.62,6,0.3,38.22
ORD-52611,2021-01-19,2021-01-22,Second Class,Corporate,Harrisburg,Pennsylvania,East,Technology,Accessories,3361.9,9,0.4,-98.88
ORD-52612,2024-07-17,2024-07-18,First Class,Consumer,New Mexico City,New Mexico,West,Office Supplies,Labels,7163.48,3,0.0,-1950.46
ORD-52613,2023-08-18,2023-08-22,First Class,Home Office,Connecticut City,Connecticut,East,Office Supplies,Storage,5451.06,3,0.0,1129.33
ORD-52614,2023-12-18,2023-12-23,First Class,Consumer,Chicago,Illinois,Central,Furniture,Chairs,1826.08,1,0.0,-500.97
ORD-52615,2024-09-13,2024-09-20,Second Class,Corporate,Montana City,Montana,West,Furniture,Furnishings,14132.12,8,0.2,727.95
ORD-52616,2022-08-29,2022-09-02,Standard Class,Consumer,New Jersey City,New Jersey,East,Office Supplies,Fasteners,7023.19,8,0.1,1721.82
ORD-52617,2023-02-24,2023-02-25,Standard Class,Home Office,Arkansas City,Arkansas,South,Furniture,Bookcases,4447.67,9,0.0,1979.55
ORD-52618,2024-07-18,2024-07-19,Second Class,Corporate,Arkansas City,Arkansas,South,Technology,Accessories,3586.71,5,0.0,-1046.3
ORD-52619,2022-09-23,2022-09-28,Standard Class,Corporate,Utah City,Utah,West,Furniture,Furnishings,231.51,7,0.0,-56.89
ORD-52620,2024-05-20,2024-05-25,Second Class,Consumer,Philadelphia,Pennsylvania,East,Furniture,Bookcases,6424.44,4,0.0,-352.47
ORD-52621,2021-08-22,2021-08-27,Standard Class,Consumer,Spokane,Washington,West,Furniture,Tables,3480.05,3,0.4,262.95
ORD-52622,2024-12-09,2024-12-15,Second Class,Consumer,Maryland City,Maryland,East,Office Supplies,Fasteners,7291.19,6,0.5,1948.99
ORD-52623,2022-09-22,2022-09-28,Second Class,Consumer,Chicago,Illinois,Central,Furniture,Furnishings,12035.82,5,0.0,-2124.46
ORD-52624,2023-08-16,2023-08-23,Standard Class,Corporate,Tennessee City,Tennessee,South,Furniture,Furnishings,4792.84,5,0.0,647.12
ORD-52625,2024-02-12,2024-02-13,Same Day,Consumer,New York City,New York,East,Furniture,Bookcases,8370.07,4,0.0,2955.17
ORD-52626,2024-11-28,2024-12-01,First Class,Consumer,Kentucky City,Kentucky,South,Office Supplies,Fasteners,3150.35,6,0.0,169.6
ORD-52627,2021-10-23,2021-10-28,Standard Class,Consumer,Minnesota City,Minnesota,Central,Furniture,Furnishings,1584.25,3,0.0,-193.6
ORD-52628,2022-05-23,2022-05-28,Second Class,Consumer,Wisconsin City,Wisconsin,Central,Furniture,Furnishings,13637.52,8,0.0,622.59
ORD-52629,2020-04-28,2020-05-01,Second Class,Corporate,Idaho City,Idaho,West,Furniture,Chairs,10892.5,5,0.0,-1976.17
ORD-52630,2023-07-26,2023-08-02,Standard Class,Consumer,Vermont City,Vermont,East,Technology,Accessories,3962.65,6,0.0,-981.63
ORD-52631,2023-03-18,2023-03-22,Standard Class,Consumer,Colorado City,Colorado,West,Furniture,Tables,1722.74,8,0.0,-462.75
ORD-52632,2024-03-10,2024-03-11,Same Day,Consumer,Idaho City,Idaho,West,Furniture,Furnishings,7624.26,7,0.0,790.19
ORD-52633,2020-08-03,2020-08-09,Standard Class,Consumer,Oregon City,Oregon,West,Furniture,Bookcases,783.39,1,0.1,287.54
ORD-52634,2020-06-14,2020-06-17,Second Class,Consumer,Kansas City,Kansas,Central,Technology,Copiers,4407.54,7,0.0,880.95
ORD-52635,2023-03-04,2023-03-07,First Class,Consumer,Colorado City,Colorado,West,Furniture,Furnishings,12022.66,6,0.0,3971.19
ORD-52636,2022-10-13,2022-10-17,First Class,Corporate,Louisiana City,Louisiana,South,Office Supplies,Supplies,8277.52,5,0.0,2987.46
ORD-52637,2021-02-22,2021-02-25,Same Day,Corporate,Cleveland,Ohio,Central,Office Supplies,Envelopes,1106.33,2,0.15,153.09
ORD-52638,2020-09-06,2020-09-12,Second Class,Home Office,South Carolina City,South Carolina,South,Furniture,Bookcases,9596.41,4,0.0,1761.72
ORD-52639,2022-12-01,2022-12-03,Standard Class,Corporate,Minnesota City,Minnesota,Central,Office Supplies,Binders,16022.79,7,0.0,169.05
ORD-52640,2023-05-17,2023-05-21,First Class,Consumer,Rhode Island City,Rhode Island,East,Technology,Phones,3983.37,4,0.3,1625.66
ORD-52641,2021-01-11,2021-01-12,Second Class,Corporate,Alabama City,Alabama,South,Office Supplies,Labels,2045.29,3,0.0,-574.39
ORD-52642,2024-03-12,2024-03-15,Standard Class,Corporate,Arkansas City,Arkansas,South,Furniture,Chairs,2604.03,4,0.0,139.69
ORD-52643,2023-03-17,2023-03-22,Standard Class,Home Office,Atlanta,Georgia,South,Office Supplies,Labels,17219.55,7,0.0,7660.67
ORD-52644,2020-12-14,2020-12-17,Standard Class,Consumer,Mississippi City,Mississippi,South,Technology,Copiers,8371.17,6,0.0,2430.08
ORD-52645,2023-06-22,2023-06-23,Standard Class,Consumer,Minnesota City,Minnesota,Central,Office Supplies,Art,4575.29,3,0.0,566.91
ORD-52646,2024-04-03,2024-04-05,First Class,Consumer,Springfield,Illinois,Central,Furniture,Tables,1184.8,5,0.0,-179.73
ORD-52647,2024-01-03,2024-01-04,Standard Class,Home Office,Cleveland,Ohio,Central,Office Supplies,Paper,1094.19,1,0.0,36.87
ORD-52648,2022-10-07,2022-10-11,Second Class,Consumer,Kansas City,Kansas,Central,Furniture,Chairs,9786.59,6,0.0,-852.47
ORD-52649,2020-02-01,2020-02-04,Standard Class,Corporate,Miami,Florida,South,Furniture,Tables,12078.44,7,0.15,-2354.0
ORD-52650,2021-08-24,2021-08-27,Standard Class,Home Office,Maryland City,Maryland,East,Technology,Machines,3635.6,6,0.0,-431.74
ORD-52651,2020-11-15,2020-11-16,First Class,Corporate,Nebraska City,Nebraska,Central,Technology,Machines,952.53,3,0.0,-12.07
ORD-52652,2022-06-19,2022-06-22,Standard Class,Corporate,Arizona City,Arizona,West,Office Supplies,Envelopes,3189.13,2,0.0,-520.56
ORD-52653,2023-07-05,2023-07-11,Standard Class,Home Office,New Mexico City,New Mexico,West,Furniture,Chairs,980.65,2,0.3,362.35
ORD-52654,2023-02-16,2023-02-19,Second Class,Consumer,Iowa City,Iowa,Central,Furniture,Bookcases,13673.62,7,0.0,-720.4
ORD-52655,2022-11-14,2022-11-20,Second Class,Consumer,Utah City,Utah,West,Furniture,Furnishings,1514.7,1,0.0,473.91
ORD-52656,2022-01-28,2022-02-02,Second Class,Home Office,Wisconsin City,Wisconsin,Central,Technology,Accessories,4990.71,4,0.5,-339.02
ORD-52657,2022-12-18,2022-12-24,Standard Class,Consumer,Savannah,Georgia,South,Furniture,Chairs,18470.5,9,0.1,1842.81
ORD-52658,2023-05-29,2023-05-30,Standard Class,Corporate,Colorado City,Colorado,West,Office Supplies,Envelopes,2495.85,9,0.1,699.41
ORD-52659,2020-08-02,2020-08-06,Second Class,Consumer,Tacoma,Washington,West,Furniture,Chairs,1095.99,2,0.0,-84.34
ORD-52660,2022-05-23,2022-05-29,Second Class,Corporate,Springfield,Illinois,Central,Office Supplies,Envelopes,3528.29,6,0.0,-41.6
ORD-52661,2023-10-08,2023-10-14,Second Class,Consumer,Tennessee City,Tennessee,South,Technology,Machines,3477.82,7,0.0,-183.76
ORD-52662,2022-02-13,2022-02-19,Standard Class,Consumer,Delaware City,Delaware,East,Technology,Machines,6445.98,5,0.0,-661.21
ORD-52663,2020-10-09,2020-10-13,Standard Class,Consumer,Iowa City,Iowa,Central,Technology,Phones,2349.49,2,0.15,485.75
ORD-52664,2023-08-03,2023-08-05,Same Day,Corporate,Oregon City,Oregon,West,Technology,Phones,10417.93,8,0.0,-2316.27
ORD-52665,2024-10-14,2024-10-18,Standard Class,Corporate,Harrisburg,Pennsylvania,East,Office Supplies,Envelopes,3760.66,4,0.2,1222.28
ORD-52666,2020-01-20,2020-01-24,Standard Class,Corporate,Springfield,Illinois,Central,Technology,Accessories,5333.46,5,0.5,-992.25
ORD-52667,2021-01-21,2021-01-24,Same Day,Consumer,Springfield,Illinois,Central,Technology,Copiers,3810.3,2,0.0,1302.06
ORD-52668,2023-09-16,2023-09-20,Standard Class,Corporate,Lansing,Michigan,Central,Furniture,Chairs,7491.82,3,0.0,1803.45
ORD-52669,2020-07-22,2020-07-27,Standard Class,Consumer,Grand Rapids,Michigan,Central,Technology,Machines,22342.04,9,0.0,-5172.16
ORD-52670,2024-01-29,2024-02-01,Standard Class,Consumer,New Mexico City,New Mexico,West,Technology,Phones,7344.67,7,0.0,2527.55
ORD-52671,2023-04-14,2023-04-15,Standard Class,Consumer,North Carolina City,North Carolina,South,Office Supplies,Supplies,107.58,1,0.0,32.05
ORD-52672,2021-03-26,2021-03-30,Standard Class,Corporate,Delaware City,Delaware,East,Technology,Phones,7220.07,3,0.0,1176.27
ORD-52673,2022-01-07,2022-01-11,Standard Class,Corporate,Connecticut City,Connecticut,East,Technology,Phones,1180.98,5,0.2,507.66
ORD-52674,2022-02-28,2022-03-02,Standard Class,Corporate,Alabama City,Alabama,South,Office Supplies,Binders,14278.85,8,0.1,-318.55
ORD-52675,2024-08-21,2024-08-25,Standard Class,Corporate,New Mexico City,New Mexico,West,Furniture,Tables,9310.31,6,0.25,73.11
ORD-52676,2020-01-16,2020-01-21,Standard Class,Consumer,Delaware City,Delaware,East,Furniture,Tables,12550.48,7,0.0,4036.16
ORD-52677,2020-07-03,2020-07-04,Standard Class,Corporate,Connecticut City,Connecticut,East,Furniture,Bookcases,1896.2,1,0.2,-328.32
ORD-52678,2022-05-28,2022-05-29,Standard Class,Consumer,Maryland City,Maryland,East,Furniture,Tables,4624.46,5,0.0,-182.82
ORD-52679,2023-08-02,2023-08-06,Standard Class,Corporate,Colorado City,Colorado,West,Technology,Phones,9584.94,6,0.0,2717.79
ORD-52680,2024-06-22,2024-06-23,Second Class,Corporate,Louisiana City,Louisiana,South,Furniture,Furnishings,255.13,7,0.25,-1.13
ORD-52681,2022-01-01,2022-01-06,Standard Class,Home Office,New Mexico City,New Mexico,West,Office Supplies,Art,11978.57,9,0.0,2133.39
ORD-52682,2020-04-22,2020-04-23,Standard Class,Home Office,Tacoma,Washington,West,Technology,Accessories,498.58,1,0.0,-146.01
ORD-52683,2024-02-06,2024-02-08,Standard Class,Home Office,Mississippi City,Mississippi,South,Office Supplies,Labels,4222.53,5,0.4,-1017.16
ORD-52684,2021-10-01,2021-10-08,Standard Class,Home Office,Spokane,Washington,West,Furniture,Chairs,1221.86,1,0.0,385.49
ORD-52685,2022-08-29,2022-09-02,Standard Class,Consumer,Nebraska City,Nebraska,Central,Technology,Machines,8029.68,5,0.3,-1660.12
ORD-52686,2021-04-19,2021-04-25,Standard Class,Consumer,New Mexico City,New Mexico,West,Technology,Phones,14345.38,6,0.0,-4229.78
ORD-52687,2021-02-21,2021-02-28,First Class,Consumer,Montana City,Montana,West,Furniture,Bookcases,1154.3,5,0.0,181.25
ORD-52688,2020-09-02,2020-09-09,Standard Class,Consumer,Idaho City,Idaho,West,Furniture,Tables,308.38,1,0.5,-26.52
ORD-52689,2023-02-02,2023-02-09,Standard Class,Consumer,Delaware City,Delaware,East,Technology,Machines,1101.97,4,0.0,-64.03
ORD-52690,2022-01-09,2022-01-16,First Class,Consumer,Connecticut City,Connecticut,East,Technology,Machines,5934.48,8,0.0,1788.66
ORD-52691,2024-02-09,2024-02-15,Standard Class,Consumer,South Carolina City,South Carolina,South,Furniture,Furnishings,4029.83,6,0.0,1540.07
ORD-52692,2021-01-21,2021-01-23,Standard Class,Consumer,Idaho City,Idaho,West,Office Supplies,Fasteners,6878.16,5,0.0,2245.57
ORD-52693,2022-01-29,2022-02-02,Standard Class,Corporate,Alabama City,Alabama,South,Furniture,Chairs,6243.29,3,0.0,26.61
ORD-52694,2022-12-07,2022-12-12,Second Class,Corporate,Louisiana City,Louisiana,South,Technology,Machines,6779.86,3,0.0,129.04
ORD-52695,2024-11-09,2024-11-13,Second Class,Corporate,Arizona City,Arizona,West,Furniture,Bookcases,2269.93,1,0.0,-265.6
ORD-52696,2024-12-09,2024-12-15,Second Class,Consumer,Arizona City,Arizona,West,Technology,Phones,1305.88,2,0.3,-378.9
ORD-52697,2020-01-16,2020-01-19,Standard Class,Home Office,Virginia City,Virginia,East,Technology,Accessories,234.7,1,0.1,-67.48
ORD-52698,2023-07-19,2023-07-26,Standard Class,Consumer,Wisconsin City,Wisconsin,Central,Technology,Machines,6641.11,4,0.15,-516.75
ORD-52699,2022-07-22,2022-07-25,Standard Class,Consumer,Houston,Texas,Central,Technology,Phones,8329.86,4,0.0,515.67
ORD-52700,2024-01-24,2024-01-28,Standard Class,Consumer,Delaware City,Delaware,East,Technology,Accessories,8288.94,8,0.0,1946.95
ORD-52701,2020-11-16,2020-11-22,Standard Class,Home Office,Augusta,Georgia,South,Office Supplies,Labels,15309.77,9,0.0,5143.43
ORD-52702,2023-02-03,2023-02-06,Second Class,Home Office,South Carolina City,South Carolina,South,Furniture,Chairs,12423.55,8,0.0,-2457.17
ORD-52703,2022-08-28,2022-08-29,First Class,Home Office,Maryland City,Maryland,East,Technology,Accessories,3974.08,3,0.0,1257.89
ORD-52704,2024-11-21,2024-11-27,Standard Class,Consumer,Kentucky City,Kentucky,South,Furniture,Tables,315.97,1,0.1,-3.33
ORD-52705,2021-06-25,2021-06-30,Standard Class,Consumer,Alabama City,Alabama,South,Furniture,Bookcases,1869.04,5,0.2,427.79
ORD-52706,2021-09-14,2021-09-21,Second Class,Consumer,Los Angeles,California,West,Furniture,Bookcases,11385.62,7,0.0,1183.91
ORD-52707,2023-10-27,2023-10-31,Standard Class,Corporate,North Carolina City,North Carolina,South,Technology,Accessories,12708.41,9,0.0,374.87
ORD-52708,2022-11-17,2022-11-24,Second Class,Corporate,Nebraska City,Nebraska,Central,Technology,Accessories,15778.45,9,0.25,1596.22
ORD-52709,2020-08-25,2020-09-01,First Class,Consumer,Alabama City,Alabama,South,Technology,Machines,2012.78,8,0.2,189.32
ORD-52710,2021-03-04,2021-03-07,Same Day,Corporate,Wisconsin City,Wisconsin,Central,Furniture,Chairs,2011.34,2,0.0,324.0
ORD-52711,2024-01-26,2024-02-01,Second Class,Corporate,Vermont City,Vermont,East,Technology,Copiers,15357.55,9,0.1,4913.77
ORD-52712,2022-10-11,2022-10-13,Standard Class,Corporate,Louisiana City,Louisiana,South,Technology,Phones,650.25,2,0.0,-55.15
ORD-52713,2022-02-02,2022-02-03,Standard Class,Consumer,Alabama City,Alabama,South,Technology,Copiers,16086.28,7,0.0,2637.49
ORD-52714,2024-01-19,2024-01-20,Standard Class,Consumer,Arizona City,Arizona,West,Technology,Phones,2177.79,7,0.0,17.45
ORD-52715,2023-09-22,2023-09-29,First Class,Corporate,Arkansas City,Arkansas,South,Office Supplies,Storage,4998.84,7,0.0,-290.85
ORD-52716,2020-12-16,2020-12-17,Standard Class,Consumer,Kentucky City,Kentucky,South,Furniture,Tables,1780.02,4,0.0,659.9
ORD-52717,2022-05-09,2022-05-16,Standard Class,Consumer,Colorado City,Colorado,West,Technology,Copiers,1665.43,2,0.0,643.32
ORD-52718,2020-05-11,2020-05-17,Same Day,Consumer,Kansas City,Kansas,Central,Technology,Phones,8735.1,6,0.0,2502.39
ORD-52719,2024-05-15,2024-05-22,Second Class,Corporate,Vermont City,Vermont,East,Technology,Machines,8433.83,7,0.2,3695.2
ORD-52720,2024-03-08,2024-03-10,First Class,Corporate,New Mexico City,New Mexico,West,Technology,Machines,3668.35,2,0.0,-692.6
ORD-52721,2023-04-13,2023-04-20,First Class,Consumer,Austin,Texas,Central,Office Supplies,Envelopes,14532.8,7,0.0,4602.49
ORD-52722,2021-12-03,2021-12-10,Standard Class,Consumer,South Carolina City,South Carolina,South,Technology,Accessories,403.1,2,0.0,-19.35
ORD-52723,2022-09-13,2022-09-19,Second Class,Corporate,New Mexico City,New Mexico,West,Office Supplies,Supplies,3250.62,2,0.1,-689.24
ORD-52724,2020-08-25,2020-08-26,Second Class,Consumer,Lansing,Michigan,Central,Furniture,Tables,939.36,6,0.4,321.32
ORD-52725,2022-03-08,2022-03-12,First Class,Consumer,Virginia City,Virginia,East,Office Supplies,Binders,5554.71,8,0.15,-1201.04
ORD-52726,2020-05-15,2020-05-17,Standard Class,Consumer,Virginia City,Virginia,East,Furniture,Chairs,2532.97,2,0.25,1007.68
ORD-52727,2022-11-29,2022-12-06,Standard Class,Corporate,Colorado City,Colorado,West,Furniture,Bookcases,10670.87,7,0.1,1192.85
ORD-52728,2022-06-04,2022-06-08,Standard Class,Corporate,Rhode Island City,Rhode Island,East,Technology,Copiers,7400.52,4,0.0,-1564.7
ORD-52729,2022-03-12,2022-03-18,First Class,Consumer,Detroit,Michigan,Central,Technology,Machines,8014.56,9,0.1,2155.97
ORD-52730,2020-11-03,2020-11-08,Standard Class,Consumer,Seattle,Washington,West,Furniture,Bookcases,145.33,9,0.1,17.71
ORD-52731,2023-05-15,2023-05-20,Standard Class,Corporate,New York City,New York,East,Furniture,Bookcases,2313.08,4,0.0,902.35
ORD-52732,2023-09-15,2023-09-16,Standard Class,Consumer,New Mexico City,New Mexico,West,Office Supplies,Paper,2193.72,7,0.5,-177.96
ORD-52733,2022-06-05,2022-06-11,First Class,Consumer,Savannah,Georgia,South,Furniture,Furnishings,3570.52,9,0.1,-379.34
ORD-52734,2021-11-23,2021-11-30,Standard Class,Consumer,North Carolina City,North Carolina,South,Furniture,Bookcases,5276.57,9,0.0,-415.6
ORD-52735,2023-02-14,2023-02-20,Standard Class,Consumer,Rhode Island City,Rhode Island,East,Furniture,Tables,201.99,9,0.4,76.2
ORD-52736,2020-07-31,2020-08-06,Second Class,Consumer,Missouri City,Missouri,Central,Furniture,Tables,10688.67,8,0.15,261.6
ORD-52737,2021-07-10,2021-07-15,Standard Class,Corporate,Virginia City,Virginia,East,Office Supplies,Storage,16613.35,7,0.0,1287.24
ORD-52738,2024-06-18,2024-06-25,First Class,Home Office,Iowa City,Iowa,Central,Furniture,Chairs,2017.24,7,0.0,212.05
ORD-52739,2021-07-28,2021-07-29,Same Day,Corporate,Mississippi City,Mississippi,South,Office Supplies,Storage,845.11,5,0.15,-11.53
ORD-52740,2021-01-17,2021-01-20,Standard Class,Consumer,North Carolina City,North Carolina,South,Furniture,Furnishings,10849.96,6,0.25,188.4
ORD-52741,2020-01-11,2020-01-12,Second Class,Consumer,Austin,Texas,Central,Office Supplies,Fasteners,4092.28,3,0.0,301.59
ORD-52742,2021-07-10,2021-07-13,Standard Class,Consumer,Harrisburg,Pennsylvania,East,Technology,Phones,1823.25,1,0.0,-510.24
ORD-52743,2023-08-30,2023-09-01,Standard Class,Consumer,Savannah,Georgia,South,Furniture,Bookcases,3261.55,5,0.0,-749.49
ORD-52744,2020-11-06,2020-11-12,Standard Class,Home Office,Utah City,Utah,West,Furniture,Furnishings,258.84,1,0.0,103.65
ORD-52745,2021-05-21,2021-05-22,First Class,Corporate,Oregon City,Oregon,West,Furniture,Bookcases,972.01,4,0.0,6.01
ORD-52746,2021-03-13,2021-03-18,Same Day,Consumer,Springfield,Illinois,Central,Technology,Copiers,4591.9,7,0.4,-1017.6
ORD-52747,2024-03-20,2024-03-24,Standard Class,Consumer,New Mexico City,New Mexico,West,Furniture,Chairs,6709.85,4,0.0,2897.2
ORD-52748,2021-10-09,2021-10-12,Standard Class,Consumer,South Carolina City,South Carolina,South,Furniture,Tables,4815.17,7,0.0,-113.06
ORD-52749,2022-12-14,2022-12-21,First Class,Consumer,Mississippi City,Mississippi,South,Furniture,Tables,2497.41,4,0.5,543.96
ORD-52750,2020-07-16,2020-07-22,Standard Class,Corporate,Connecticut City,Connecticut,East,Furniture,Tables,706.79,9,0.4,236.06
ORD-52751,2022-04-23,2022-04-30,Standard Class,Corporate,Peoria,Illinois,Central,Technology,Accessories,1844.07,6,0.4,-16.22
ORD-52752,2024-03-20,2024-03-25,Second Class,Consumer,Idaho City,Idaho,West,Furniture,Chairs,2973.43,4,0.5,671.69
ORD-52753,2024-05-13,2024-05-15,Second Class,Consumer,New Jersey City,New Jersey,East,Office Supplies,Supplies,2428.54,1,0.0,427.23
ORD-52754,2022-05-27,2022-05-28,Standard Class,Consumer,San Francisco,California,West,Technology,Accessories,6842.67,3,0.0,2340.13
ORD-52755,2024-09-14,2024-09-16,Standard Class,Consumer,Idaho City,Idaho,West,Technology,Accessories,1263.77,1,0.0,504.34
ORD-52756,2022-04-29,2022-05-05,First Class,Corporate,Kansas City,Kansas,Central,Furniture,Chairs,3917.9,4,0.0,1550.76
ORD-52757,2021-08-22,2021-08-25,Standard Class,Corporate,Connecticut City,Connecticut,East,Office Supplies,Art,985.92,6,0.0,176.24
ORD-52758,2022-08-28,2022-08-31,First Class,Home Office,Iowa City,Iowa,Central,Technology,Phones,502.99,1,0.25,21.16
ORD-52759,2022-12-27,2023-01-02,Standard Class,Consumer,North Carolina City,North Carolina,South,Furniture,Furnishings,10920.47,7,0.3,4332.19
ORD-52760,2023-08-14,2023-08-20,Standard Class,Consumer,Louisiana City,Louisiana,South,Office Supplies,Paper,7841.77,5,0.15,740.81
ORD-52761,2020-02-21,2020-02-25,Second Class,Corporate,Savannah,Georgia,South,Technology,Machines,5499.06,7,0.0,1389.48
ORD-52762,2023-07-19,2023-07-22,Standard Class,Corporate,Colorado City,Colorado,West,Office Supplies,Fasteners,1783.33,4,0.0,754.82
ORD-52763,2020-02-06,2020-02-10,Standard Class,Corporate,Kentucky City,Kentucky,South,Furniture,Furnishings,10532.44,6,0.0,1034.37
ORD-52764,2020-06-13,2020-06-15,Standard Class,Consumer,Montana City,Montana,West,Office Supplies,Labels,12513.42,6,0.0,2789.94
ORD-52765,2021-08-30,2021-09-01,Standard Class,Consumer,Nebraska City,Nebraska,Central,Office Supplies,Storage,1423.8,5,0.0,-274.14
ORD-52766,2022-05-25,2022-05-28,Second Class,Home Office,Virginia City,Virginia,East,Furniture,Chairs,26.19,1,0.1,-6.86
ORD-52767,2023-12-10,2023-12-15,First Class,Home Office,Utah City,Utah,West,Furniture,Furnishings,465.95,1,0.0,115.53
ORD-52768,2024-10-02,2024-10-05,Second Class,Corporate,New Mexico City,New Mexico,West,Furniture,Bookcases,5572.39,4,0.25,617.64
ORD-52769,2021-07-08,2021-07-15,First Class,Consumer,Louisiana City,Louisiana,South,Furniture,Tables,2913.31,2,0.1,-29.79
ORD-52770,2020-12-27,2020-12-31,First Class,Consumer,Massachusetts City,Massachusetts,East,Technology,Copiers,1127.09,3,0.0,224.62
ORD-52771,2023-12-30,2024-01-05,First Class,Consumer,New Mexico City,New Mexico,West,Office Supplies,Art,1007.77,1,0.0,49.37
ORD-52772,2022-07-18,2022-07-23,Standard Class,Consumer,Arizona City,Arizona,West,Technology,Copiers,2784.95,2,0.1,433.12
ORD-52773,2023-08-16,2023-08-17,Standard Class,Consumer,Maryland City,Maryland,East,Office Supplies,Art,279.4,5,0.1,100.49
ORD-52774,2023-11-27,2023-12-04,Second Class,Home Office,North Carolina City,North Carolina,South,Technology,Copiers,10619.66,7,0.0,3511.8
ORD-52775,2022-08-26,2022-08-27,Second Class,Consumer,Montana City,Montana,West,Furniture,Tables,6436.99,8,0.2,571.02
ORD-52776,2022-03-01,2022-03-06,Standard Class,Consumer,Miami,Florida,South,Office Supplies,Binders,1396.06,4,0.3,-394.34
ORD-52777,2024-05-30,2024-05-31,Second Class,Consumer,Massachusetts City,Massachusetts,East,Technology,Copiers,5109.51,5,0.1,970.51
ORD-52778,2022-04-15,2022-04-16,Second Class,Consumer,Iowa City,Iowa,Central,Technology,Accessories,4046.66,5,0.15,-74.94
ORD-52779,2020-08-01,2020-08-06,Standard Class,Home Office,Arizona City,Arizona,West,Office Supplies,Supplies,485.94,2,0.0,-145.47
ORD-52780,2021-08-21,2021-08-22,Second Class,Corporate,Maryland City,Maryland,East,Furniture,Bookcases,1227.1,3,0.0,433.2
ORD-52781,2020-06-21,2020-06-23,Standard Class,Corporate,Austin,Texas,Central,Technology,Copiers,12738.04,9,0.0,2499.46
ORD-52782,2022-04-23,2022-04-27,Second Class,Home Office,Cleveland,Ohio,Central,Office Supplies,Paper,3206.83,4,0.0,-699.06
ORD-52783,2020-07-28,2020-07-30,Standard Class,Home Office,Nebraska City,Nebraska,Central,Furniture,Bookcases,9842.06,9,0.5,-647.62
ORD-52784,2024-09-25,2024-10-02,First Class,Corporate,Missouri City,Missouri,Central,Office Supplies,Binders,484.26,5,0.1,15.22
ORD-52785,2023-10-17,2023-10-18,Standard Class,Consumer,Massachusetts City,Massachusetts,East,Office Supplies,Storage,4427.87,3,0.0,-857.09
ORD-52786,2020-07-15,2020-07-16,First Class,Home Office,Virginia City,Virginia,East,Technology,Accessories,13873.81,8,0.3,3851.33
ORD-52787,2024-01-10,2024-01-16,Standard Class,Consumer,Utah City,Utah,West,Technology,Accessories,11045.06,7,0.3,4272.28
ORD-52788,2021-06-15,2021-06-22,Standard Class,Consumer,Arizona City,Arizona,West,Furniture,Chairs,1953.78,9,0.1,-66.39
ORD-52789,2021-09-20,2021-09-25,Second Class,Corporate,Vermont City,Vermont,East,Technology,Phones,3833.61,2,0.0,-1149.38
ORD-52790,2024-09-30,2024-10-02,Standard Class,Corporate,New Jersey City,New Jersey,East,Technology,Phones,14386.65,7,0.0,2024.5
ORD-52791,2021-02-25,2021-03-03,Second Class,Corporate,Nebraska City,Nebraska,Central,Office Supplies,Storage,8151.67,5,0.0,-1440.18
ORD-52792,2024-08-10,2024-08-11,Second Class,Corporate,Cleveland,Ohio,Central,Office Supplies,Binders,9395.5,7,0.0,3591.13
ORD-52793,2020-12-08,2020-12-13,First Class,Home Office,Massachusetts City,Massachusetts,East,Office Supplies,Labels,680.71,2,0.0,177.32
ORD-52794,2020-01-01,2020-01-08,Standard Class,Consumer,Colorado City,Colorado,West,Office Supplies,Art,2905.42,4,0.15,-695.4
ORD-52795,2020-01-07,2020-01-12,First Class,Home Office,Oregon City,Oregon,West,Technology,Machines,3903.48,3,0.0,-845.85
ORD-52796,2022-12-07,2022-12-10,Standard Class,Home Office,Connecticut City,Connecticut,East,Office Supplies,Binders,2999.77,4,0.0,-747.65
ORD-52797,2024-02-28,2024-03-05,Standard Class,Corporate,Montana City,Montana,West,Technology,Accessories,4263.76,3,0.0,1852.07
ORD-52798,2021-06-24,2021-06-25,Standard Class,Home Office,Alabama City,Alabama,South,Furniture,Furnishings,2793.9,8,0.0,-512.31
ORD-52799,2020-10-13,2020-10-18,Standard Class,Consumer,Missouri City,Missouri,Central,Office Supplies,Art,12229.14,7,0.0,-1531.65
ORD-52800,2020-01-06,2020-01-09,Standard Class,Corporate,Nebraska City,Nebraska,Central,Office Supplies,Paper,5823.48,3,0.2,580.21
ORD-52801,2020-04-24,2020-04-28,Standard Class,Corporate,Alabama City,Alabama,South,Technology,Accessories,1104.95,1,0.15,-158.69
ORD-52802,2023-11-29,2023-12-03,Standard Class,Corporate,Grand Rapids,Michigan,Central,Office Supplies,Art,5916.77,6,0.25,-1678.26
ORD-52803,2024-02-06,2024-02-07,First Class,Corporate,Montana City,Montana,West,Office Supplies,Envelopes,7298.01,5,0.1,-2110.25
ORD-52804,2022-06-19,2022-06-21,Standard Class,Home Office,Mississippi City,Mississippi,South,Technology,Copiers,2432.23,3,0.0,1013.7
ORD-52805,2021-04-11,2021-04-14,Standard Class,Consumer,Mississippi City,Mississippi,South,Technology,Machines,9776.19,9,0.15,-2445.65
ORD-52806,2021-07-22,2021-07-28,Second Class,Consumer,Vermont City,Vermont,East,Furniture,Chairs,12700.15,8,0.0,2886.8
ORD-52807,2024-06-17,2024-06-20,Standard Class,Consumer,Peoria,Illinois,Central,Technology,Copiers,2703.84,4,0.2,15.89
ORD-52808,2024-01-15,2024-01-18,Standard Class,Corporate,Delaware City,Delaware,East,Office Supplies,Binders,7862.29,8,0.0,2986.48
ORD-52809,2023-01-19,2023-01-24,Standard Class,Consumer,Iowa City,Iowa,Central,Office Supplies,Binders,11058.71,5,0.1,4281.89
ORD-52810,2024-03-05,2024-03-09,First Class,Consumer,Wisconsin City,Wisconsin,Central,Furniture,Chairs,4534.4,3,0.0,1641.24
ORD-52811,2021-12-01,2021-12-04,Standard Class,Corporate,Montana City,Montana,West,Furniture,Chairs,15724.93,9,0.0,1235.95
ORD-52812,2024-09-21,2024-09-24,Second Class,Corporate,Maryland City,Maryland,East,Technology,Phones,8447.63,6,0.0,576.76
ORD-52813,2024-05-29,2024-06-01,Standard Class,Corporate,Tampa,Florida,South,Furniture,Chairs,582.22,8,0.0,-35.5
ORD-52814,2023-01-15,2023-01-19,Standard Class,Home Office,North Carolina City,North Carolina,South,Furniture,Tables,3538.95,6,0.1,906.99
ORD-52815,2023-06-20,2023-06-26,Standard Class,Consumer,Louisiana City,Louisiana,South,Office Supplies,Storage,5517.48,7,0.0,-1414.99
ORD-52816,2024-10-11,2024-10-13,Standard Class,Corporate,Wisconsin City,Wisconsin,Central,Office Supplies,Envelopes,494.58,2,0.15,57.27
ORD-52817,2022-08-05,2022-08-08,Standard Class,Home Office,Delaware City,Delaware,East,Technology,Machines,7644.08,6,0.3,2890.27
ORD-52818,2022-07-09,2022-07-11,Standard Class,Consumer,Arkansas City,Arkansas,South,Office Supplies,Storage,1481.89,3,0.1,-129.19
ORD-52819,2023-07-17,2023-07-18,Standard Class,Corporate,Delaware City,Delaware,East,Furniture,Chairs,3219.28,6,0.0,570.14
ORD-52820,2022-08-19,2022-08-26,Standard Class,Consumer,Missouri City,Missouri,Central,Office Supplies,Labels,5687.46,3,0.1,-1046.56
ORD-52821,2020-05-21,2020-05-25,Standard Class,Corporate,Colorado City,Colorado,West,Furniture,Tables,2492.35,9,0.2,-100.7
ORD-52822,2020-12-06,2020-12-10,Standard Class,Consumer,New Mexico City,New Mexico,West,Office Supplies,Binders,8175.68,6,0.2,3558.74
ORD-52823,2021-03-07,2021-03-11,Standard Class,Corporate,Nevada City,Nevada,West,Office Supplies,Supplies,906.85,2,0.1,374.02
ORD-52824,2021-04-22,2021-04-29,Standard Class,Corporate,Austin,Texas,Central,Furniture,Tables,17540.56,9,0.0,1976.81
ORD-52825,2022-06-09,2022-06-16,Standard Class,Consumer,Vermont City,Vermont,East,Office Supplies,Fasteners,2864.67,6,0.15,-581.61
ORD-52826,2023-04-08,2023-04-15,Standard Class,Consumer,Delaware City,Delaware,East,Furniture,Bookcases,215.51,5,0.0,76.63
ORD-52827,2020-10-20,2020-10-25,Standard Class,Corporate,Nebraska City,Nebraska,Central,Furniture,Furnishings,4280.01,6,0.5,1018.99
ORD-52828,2021-10-10,2021-10-13,Second Class,Consumer,Mississippi City,Mississippi,South,Furniture,Tables,8537.18,4,0.0,-2087.68
ORD-52829,2020-12-18,2020-12-21,Standard Class,Consumer,Colorado City,Colorado,West,Furniture,Chairs,3433.34,7,0.4,-10.72
ORD-52830,2021-07-27,2021-07-28,Same Day,Home Office,Idaho City,Idaho,West,Furniture,Tables,1020.44,3,0.0,31.58
ORD-52831,2020-07-14,2020-07-19,Standard Class,Corporate,Wisconsin City,Wisconsin,Central,Furniture,Tables,2889.52,7,0.0,-779.23
ORD-52832,2023-10-08,2023-10-10,Second Class,Consumer,Montana City,Montana,West,Technology,Accessories,4529.58,3,0.0,657.19
ORD-52833,2023-03-14,2023-03-19,Standard Class,Consumer,Colorado City,Colorado,West,Office Supplies,Binders,4658.54,4,0.0,901.33
ORD-52834,2021-10-04,2021-10-06,Same Day,Consumer,Idaho City,Idaho,West,Technology,Phones,744.21,1,0.4,-177.08
ORD-52835,2023-07-25,2023-07-28,Standard Class,Consumer,Vermont City,Vermont,East,Furniture,Tables,8188.47,7,0.0,-933.11
ORD-52836,2022-02-16,2022-02-21,Standard Class,Home Office,Louisiana City,Louisiana,South,Furniture,Chairs,4659.3,2,0.0,1958.87
ORD-52837,2020-04-18,2020-04-20,First Class,Home Office,Arizona City,Arizona,West,Technology,Machines,3484.05,2,0.0,676.84
ORD-52838,2020-12-03,2020-12-06,Standard Class,Consumer,Minnesota City,Minnesota,Central,Furniture,Chairs,1222.0,2,0.5,533.61
ORD-52839,2023-07-07,2023-07-11,Standard Class,Consumer,Maryland City,Maryland,East,Office Supplies,Art,1571.1,3,0.5,-388.59
ORD-52840,2022-03-20,2022-03-25,Second Class,Consumer,Utah City,Utah,West,Office Supplies,Envelopes,715.83,6,0.0,-93.46
ORD-52841,2022-10-25,2022-10-28,First Class,Corporate,South Carolina City,South Carolina,South,Furniture,Tables,550.9,3,0.0,58.66
ORD-52842,2021-09-24,2021-09-25,First Class,Consumer,Peoria,Illinois,Central,Furniture,Chairs,10962.63,7,0.0,-1978.22
ORD-52843,2023-08-10,2023-08-11,Standard Class,Corporate,Wisconsin City,Wisconsin,Central,Office Supplies,Binders,7621.99,6,0.0,-2096.58
ORD-52844,2021-07-28,2021-07-29,First Class,Home Office,Montana City,Montana,West,Furniture,Bookcases,13335.83,9,0.1,4516.93
ORD-52845,2023-11-28,2023-12-01,Standard Class,Consumer,Missouri City,Missouri,Central,Technology,Accessories,1297.99,3,0.4,-89.76
ORD-52846,2020-01-29,2020-02-02,Standard Class,Consumer,Pittsburgh,Pennsylvania,East,Furniture,Bookcases,4330.82,2,0.0,-1173.5
ORD-52847,2020-08-15,2020-08-18,Standard Class,Corporate,San Antonio,Texas,Central,Technology,Machines,1224.27,1,0.2,-340.76
ORD-52848,2024-09-19,2024-09-23,Standard Class,Consumer,North Carolina City,North Carolina,South,Furniture,Bookcases,9521.35,7,0.0,-622.29
ORD-52849,2023-09-05,2023-09-08,Standard Class,Corporate,Nebraska City,Nebraska,Central,Office Supplies,Envelopes,5869.89,4,0.1,-1501.11
ORD-52850,2021-04-02,2021-04-03,First Class,Corporate,Nebraska City,Nebraska,Central,Furniture,Tables,8887.67,5,0.0,3890.26
ORD-52851,2020-08-29,2020-08-31,Same Day,Corporate,Mississippi City,Mississippi,South,Furniture,Tables,19762.82,8,0.0,-1200.68
ORD-52852,2020-04-07,2020-04-08,Standard Class,Consumer,Nevada City,Nevada,West,Furniture,Furnishings,1289.1,1,0.0,-311.29
ORD-52853,2020-11-28,2020-12-05,Standard Class,Corporate,Utah City,Utah,West,Office Supplies,Binders,527.01,2,0.1,-13.38
ORD-52854,2020-05-15,2020-05-17,Second Class,Corporate,Augusta,Georgia,South,Technology,Phones,9400.42,9,0.0,-768.43
ORD-52855,2020-04-13,2020-04-19,First Class,Consumer,South Carolina City,South Carolina,South,Technology,Phones,1371.97,1,0.0,-158.68
ORD-52856,2024-08-12,2024-08-19,Standard Class,Corporate,Louisiana City,Louisiana,South,Furniture,Furnishings,1288.61,4,0.0,561.85
ORD-52857,2020-12-06,2020-12-07,Standard Class,Home Office,Utah City,Utah,West,Technology,Accessories,11523.18,9,0.0,-2304.78
ORD-52858,2022-01-18,2022-01-25,Standard Class,Consumer,Colorado City,Colorado,West,Technology,Machines,2839.54,2,0.0,24.37
ORD-52859,2023-11-16,2023-11-17,Standard Class,Consumer,Wisconsin City,Wisconsin,Central,Office Supplies,Binders,4771.26,2,0.0,316.15
ORD-52860,2022-10-25,2022-10-26,Second Class,Consumer,Colorado City,Colorado,West,Furniture,Tables,4167.55,4,0.0,1675.75
ORD-52861,2023-08-02,2023-08-03,Standard Class,Consumer,Minnesota City,Minnesota,Central,Office Supplies,Envelopes,920.52,1,0.3,105.24
ORD-52862,2023-09-03,2023-09-04,Second Class,Home Office,Utah City,Utah,West,Office Supplies,Envelopes,573.43,9,0.0,13.57
ORD-52863,2020-11-22,2020-11-29,Standard Class,Corporate,New Jersey City,New Jersey,East,Office Supplies,Labels,7475.7,8,0.0,-791.89
ORD-52864,2023-02-09,2023-02-11,Standard Class,Consumer,Rhode Island City,Rhode Island,East,Office Supplies,Paper,936.19,9,0.0,154.29
ORD-52865,2022-06-06,2022-06-10,First Class,Corporate,Sacramento,California,West,Furniture,Chairs,10666.37,9,0.4,-673.26
ORD-52866,2022-07-02,2022-07-06,Second Class,Corporate,Cincinnati,Ohio,Central,Furniture,Tables,14985.72,9,0.0,2655.01
ORD-52867,2020-10-26,2020-11-01,Standard Class,Consumer,New Jersey City,New Jersey,East,Furniture,Bookcases,3919.07,3,0.0,881.55
ORD-52868,2024-02-26,2024-03-04,Standard Class,Corporate,Virginia City,Virginia,East,Office Supplies,Storage,3864.22,3,0.1,334.77
ORD-52869,2022-03-30,2022-04-02,Standard Class,Corporate,South Carolina City,South Carolina,South,Furniture,Furnishings,3542.81,2,0.0,655.01
ORD-52870,2023-02-26,2023-03-01,First Class,Corporate,Tampa,Florida,South,Technology,Machines,3181.53,4,0.0,-614.74
ORD-52871,2020-03-22,2020-03-24,Standard Class,Corporate,Idaho City,Idaho,West,Technology,Machines,4297.59,7,0.0,831.78
ORD-52872,2022-04-15,2022-04-20,Standard Class,Consumer,Maryland City,Maryland,East,Technology,Machines,291.96,7,0.0,-53.16
ORD-52873,2023-12-27,2023-12-29,Standard Class,Consumer,Arkansas City,Arkansas,South,Technology,Copiers,163.72,1,0.0,65.67
ORD-52874,2021-03-03,2021-03-07,Standard Class,Corporate,Oregon City,Oregon,West,Furniture,Bookcases,3022.61,5,0.0,-715.44
ORD-52875,2024-06-10,2024-06-12,Standard Class,Corporate,Arkansas City,Arkansas,South,Furniture,Tables,2405.69,2,0.3,-616.35
ORD-52876,2021-10-04,2021-10-09,Standard Class,Consumer,Spokane,Washington,West,Technology,Copiers,2560.69,2,0.0,541.56
ORD-52877,2024-03-30,2024-04-04,Standard Class,Consumer,Columbus,Ohio,Central,Office Supplies,Fasteners,13117.94,7,0.0,-1631.74
ORD-52878,2024-12-28,2024-12-30,First Class,Consumer,Nebraska City,Nebraska,Central,Furniture,Furnishings,3525.76,8,0.0,789.96
ORD-52879,2024-01-20,2024-01-22,Same Day,Corporate,New Mexico City,New Mexico,West,Office Supplies,Fasteners,6138.57,4,0.25,-1715.03
ORD-52880,2021-11-22,2021-11-28,Standard Class,Corporate,Idaho City,Idaho,West,Furniture,Bookcases,732.34,1,0.0,207.69
ORD-52881,2023-10-25,2023-10-31,Standard Class,Corporate,Oregon City,Oregon,West,Technology,Copiers,4706.61,9,0.1,-1306.09
ORD-52882,2021-01-05,2021-01-08,First Class,Corporate,Peoria,Illinois,Central,Furniture,Tables,1119.53,7,0.25,283.92
ORD-52883,2021-08-28,2021-09-04,Standard Class,Consumer,New Jersey City,New Jersey,East,Technology,Copiers,5112.61,9,0.0,-1491.08
ORD-52884,2023-06-24,2023-07-01,Standard Class,Consumer,Nevada City,Nevada,West,Office Supplies,Paper,4455.29,6,0.15,987.56
ORD-52885,2023-03-26,2023-04-01,Standard Class,Consumer,Alabama City,Alabama,South,Office Supplies,Fasteners,985.94,1,0.1,-193.57
ORD-52886,2022-02-09,2022-02-16,Standard Class,Corporate,Springfield,Illinois,Central,Technology,Phones,4656.19,5,0.15,-1199.23
ORD-52887,2024-04-02,2024-04-04,First Class,Consumer,New Jersey City,New Jersey,East,Office Supplies,Art,2029.11,4,0.0,324.6
ORD-52888,2023-10-10,2023-10-12,Second Class,Corporate,Springfield,Illinois,Central,Office Supplies,Fasteners,1382.13,3,0.0,-88.56
ORD-52889,2022-07-05,2022-07-11,Standard Class,Consumer,Utah City,Utah,West,Office Supplies,Paper,7218.56,5,0.25,-1246.01
ORD-52890,2022-03-10,2022-03-16,Standard Class,Home Office,Seattle,Washington,West,Office Supplies,Envelopes,405.25,1,0.0,137.73
ORD-52891,2021-06-12,2021-06-17,Standard Class,Home Office,Oregon City,Oregon,West,Technology,Phones,1966.1,8,0.0,336.53
ORD-52892,2021-08-25,2021-08-31,Same Day,Corporate,Virginia City,Virginia,East,Technology,Accessories,10201.69,8,0.0,2340.09
ORD-52893,2024-05-18,2024-05-20,Second Class,Consumer,Rhode Island City,Rhode Island,East,Technology,Accessories,12844.42,8,0.1,3600.94
ORD-52894,2023-04-27,2023-04-30,Standard Class,Consumer,Wisconsin City,Wisconsin,Central,Office Supplies,Supplies,2060.93,5,0.2,331.49
ORD-52895,2021-09-15,2021-09-18,Standard Class,Consumer,Connecticut City,Connecticut,East,Office Supplies,Paper,16735.48,8,0.1,-3675.12
ORD-52896,2023-02-26,2023-03-04,Standard Class,Consumer,Arkansas City,Arkansas,South,Technology,Copiers,12372.13,5,0.0,-1612.65
ORD-52897,2022-06-14,2022-06-16,Standard Class,Corporate,North Carolina City,North Carolina,South,Furniture,Chairs,3514.15,7,0.0,812.68
ORD-52898,2022-11-28,2022-11-30,Standard Class,Consumer,Mississippi City,Mississippi,South,Furniture,Bookcases,6146.73,4,0.25,252.82
ORD-52899,2022-01-18,2022-01-22,Standard Class,Home Office,Massachusetts City,Massachusetts,East,Office Supplies,Storage,14573.75,7,0.0,6426.96
ORD-52900,2023-10-23,2023-10-28,First Class,Corporate,Delaware City,Delaware,East,Office Supplies,Art,11070.5,6,0.0,875.33
ORD-52901,2023-09-07,2023-09-09,Standard Class,Corporate,Massachusetts City,Massachusetts,East,Furniture,Furnishings,14700.16,6,0.0,5458.55
ORD-52902,2024-08-08,2024-08-15,Standard Class,Consumer,Oregon City,Oregon,West,Office Supplies,Storage,1716.52,1,0.2,522.82
ORD-52903,2024-04-11,2024-04-15,Second Class,Consumer,Minnesota City,Minnesota,Central,Office Supplies,Paper,10610.54,6,0.0,4471.62
ORD-52904,2023-12-17,2023-12-19,Standard Class,Consumer,Dallas,Texas,Central,Furniture,Chairs,2627.0,2,0.0,-137.4
ORD-52905,2023-08-26,2023-09-02,Second Class,Corporate,Delaware City,Delaware,East,Office Supplies,Paper,536.29,1,0.5,42.66
ORD-52906,2024-06-02,2024-06-07,Standard Class,Corporate,Los Angeles,California,West,Furniture,Furnishings,9792.61,6,0.1,3614.14
ORD-52907,2020-01-16,2020-01-17,Second Class,Consumer,New Mexico City,New Mexico,West,Office Supplies,Envelopes,960.98,1,0.0,-161.15
ORD-52908,2021-05-28,2021-06-01,Second Class,Corporate,New Jersey City,New Jersey,East,Furniture,Chairs,8735.31,5,0.0,-95.35
ORD-52909,2024-11-06,2024-11-09,Standard Class,Corporate,South Carolina City,South Carolina,South,Office Supplies,Envelopes,864.56,3,0.0,164.79
ORD-52910,2023-07-29,2023-08-03,First Class,Consumer,Maryland City,Maryland,East,Technology,Phones,5770.93,6,0.0,1166.52
ORD-52911,2024-11-02,2024-11-07,Standard Class,Home Office,Massachusetts City,Massachusetts,East,Furniture,Bookcases,8000.46,4,0.0,266.66
ORD-52912,2023-09-29,2023-10-02,First Class,Consumer,Vermont City,Vermont,East,Technology,Copiers,3688.56,7,0.15,214.02
ORD-52913,2020-03-05,2020-03-11,Second Class,Consumer,Idaho City,Idaho,West,Office Supplies,Art,5305.84,9,0.4,-1499.64
ORD-52914,2021-07-06,2021-07-13,Standard Class,Corporate,Atlanta,Georgia,South,Technology,Accessories,6701.05,5,0.0,1650.85
ORD-52915,2022-12-14,2022-12-16,Second Class,Consumer,Idaho City,Idaho,West,Office Supplies,Envelopes,5864.05,7,0.0,1547.07
ORD-52916,2021-08-19,2021-08-21,Standard Class,Consumer,Minnesota City,Minnesota,Central,Technology,Copiers,10199.9,6,0.0,-561.37
ORD-52917,2023-05-31,2023-06-06,Standard Class,Home Office,Idaho City,Idaho,West,Technology,Copiers,7712.06,6,0.0,-1911.82
ORD-52918,2020-10-18,2020-10-20,Second Class,Home Office,New Mexico City,New Mexico,West,Office Supplies,Labels,1623.59,3,0.25,628.32
ORD-52919,2023-10-01,2023-10-03,Standard Class,Consumer,Miami,Florida,South,Technology,Accessories,2261.72,1,0.0,244.27
ORD-52920,2022-08-12,2022-08-15,Standard Class,Consumer,Albany,New York,East,Furniture,Bookcases,7813.81,8,0.0,-2297.82
ORD-52921,2024-12-07,2024-12-09,Second Class,Corporate,New Mexico City,New Mexico,West,Technology,Machines,3351.65,9,0.0,1353.53
ORD-52922,2024-12-06,2024-12-12,Standard Class,Home Office,Wisconsin City,Wisconsin,Central,Office Supplies,Binders,1473.24,2,0.0,116.95
ORD-52923,2023-02-14,2023-02-21,Standard Class,Consumer,Alabama City,Alabama,South,Technology,Machines,9144.42,5,0.0,4094.57
ORD-52924,2023-04-28,2023-05-02,Standard Class,Consumer,Columbus,Ohio,Central,Furniture,Tables,71.86,1,0.0,13.67
ORD-52925,2020-03-30,2020-04-02,Same Day,Home Office,Delaware City,Delaware,East,Furniture,Tables,3901.17,5,0.0,960.92
ORD-52926,2020-12-13,2020-12-16,Standard Class,Corporate,Tacoma,Washington,West,Technology,Copiers,8792.54,7,0.0,2352.18
ORD-52927,2022-06-07,2022-06-08,First Class,Corporate,South Carolina City,South Carolina,South,Furniture,Tables,168.61,1,0.0,-13.02
ORD-52928,2024-02-08,2024-02-13,First Class,Consumer,New York City,New York,East,Technology,Accessories,1660.96,2,0.0,622.16
ORD-52929,2021-07-17,2021-07-18,Second Class,Consumer,Massachusetts City,Massachusetts,East,Office Supplies,Envelopes,12283.61,8,0.0,-2798.82
ORD-52930,2021-02-21,2021-02-23,Standard Class,Consumer,Utah City,Utah,West,Furniture,Bookcases,1356.68,1,0.0,555.63
ORD-52931,2020-01-15,2020-01-16,Standard Class,Consumer,Albany,New York,East,Technology,Phones,319.84,9,0.15,74.77
ORD-52932,2022-02-05,2022-02-10,Standard Class,Consumer,Mississippi City,Mississippi,South,Office Supplies,Labels,1638.44,3,0.0,267.28
ORD-52933,2024-12-08,2024-12-15,First Class,Home Office,Arkansas City,Arkansas,South,Office Supplies,Paper,8308.51,7,0.0,1437.58
ORD-52934,2021-03-11,2021-03-12,Standard Class,Consumer,Vermont City,Vermont,East,Office Supplies,Binders,5014.68,6,0.0,750.34
ORD-52935,2021-09-19,2021-09-22,Standard Class,Consumer,Vermont City,Vermont,East,Office Supplies,Paper,8652.66,6,0.0,3418.47
ORD-52936,2022-12-31,2023-01-07,Same Day,Consumer,Buffalo,New York,East,Office Supplies,Storage,6840.2,6,0.0,3060.72
ORD-52937,2022-11-24,2022-12-01,Standard Class,Corporate,Minnesota City,Minnesota,Central,Office Supplies,Labels,5259.32,4,0.0,2050.89
ORD-52938,2021-03-20,2021-03-27,First Class,Consumer,Delaware City,Delaware,East,Furniture,Chairs,2324.42,4,0.2,-351.66
ORD-52939,2023-08-19,2023-08-26,Standard Class,Corporate,Atlanta,Georgia,South,Office Supplies,Fasteners,2551.94,9,0.0,-89.22
ORD-52940,2020-01-14,2020-01-17,Standard Class,Home Office,New Jersey City,New Jersey,East,Office Supplies,Paper,2059.81,1,0.0,-189.8
ORD-52941,2022-08-15,2022-08-17,Second Class,Corporate,Tennessee City,Tennessee,South,Furniture,Tables,3194.43,2,0.1,780.79
ORD-52942,2023-12-01,2023-12-06,Standard Class,Consumer,Nebraska City,Nebraska,Central,Furniture,Chairs,8140.79,8,0.0,3405.18
ORD-52943,2021-07-21,2021-07-28,Second Class,Corporate,New Mexico City,New Mexico,West,Technology,Machines,4674.43,3,0.15,2012.01
ORD-52944,2022-08-28,2022-08-30,Standard Class,Corporate,New Mexico City,New Mexico,West,Technology,Phones,864.95,1,0.0,174.46
ORD-52945,2020-08-13,2020-08-20,Second Class,Corporate,Chicago,Illinois,Central,Office Supplies,Art,6960.96,9,0.0,2087.99
ORD-52946,2023-03-06,2023-03-13,Standard Class,Consumer,Lansing,Michigan,Central,Furniture,Tables,4023.43,9,0.4,766.56
ORD-52947,2022-09-12,2022-09-13,Standard Class,Home Office,Tennessee City,Tennessee,South,Technology,Machines,3934.0,8,0.0,-341.42
ORD-52948,2024-05-22,2024-05-24,Second Class,Consumer,Arizona City,Arizona,West,Office Supplies,Art,1899.91,2,0.0,77.57
ORD-52949,2022-07-15,2022-07-16,Standard Class,Consumer,Montana City,Montana,West,Technology,Copiers,2447.2,1,0.0,-236.25
ORD-52950,2023-11-11,2023-11-16,Second Class,Consumer,Delaware City,Delaware,East,Office Supplies,Envelopes,10096.77,6,0.0,-2280.1
ORD-52951,2021-08-24,2021-08-31,Standard Class,Consumer,Wisconsin City,Wisconsin,Central,Technology,Machines,137.78,1,0.4,40.62
ORD-52952,2023-02-25,2023-03-02,First Class,Consumer,Virginia City,Virginia,East,Technology,Accessories,18549.1,8,0.0,7169.2
ORD-52953,2020-05-14,2020-05-18,Standard Class,Corporate,Kansas City,Kansas,Central,Technology,Machines,2177.32,1,0.0,91.51
ORD-52954,2023-09-09,2023-09-16,Standard Class,Consumer,Rhode Island City,Rhode Island,East,Furniture,Bookcases,3518.14,5,0.2,-535.92
ORD-52955,2022-02-13,2022-02-18,Second Class,Consumer,Montana City,Montana,West,Furniture,Furnishings,8609.58,7,0.25,1119.2
ORD-52956,2022-02-08,2022-02-13,Second Class,Consumer,Alabama City,Alabama,South,Technology,Machines,14229.12,7,0.0,5859.16
ORD-52957,2021-03-16,2021-03-20,Standard Class,Corporate,Tennessee City,Tennessee,South,Furniture,Tables,7117.06,9,0.0,1609.21
ORD-52958,2024-05-08,2024-05-14,Standard Class,Consumer,Utah City,Utah,West,Furniture,Furnishings,23.86,1,0.0,0.47
ORD-52959,2023-12-26,2023-12-27,Second Class,Consumer,Vermont City,Vermont,East,Technology,Machines,1750.51,1,0.0,-294.19
ORD-52960,2022-07-17,2022-07-24,Standard Class,Corporate,Alabama City,Alabama,South,Furniture,Chairs,9654.66,4,0.0,3627.27
ORD-52961,2023-03-21,2023-03-26,Standard Class,Consumer,New Jersey City,New Jersey,East,Technology,Machines,9194.32,4,0.0,-2327.72
ORD-52962,2020-04-03,2020-04-08,Standard Class,Home Office,Iowa City,Iowa,Central,Furniture,Furnishings,11837.1,9,0.0,4596.73
ORD-52963,2022-11-27,2022-11-30,First Class,Home Office,Nevada City,Nevada,West,Technology,Accessories,7478.47,6,0.0,746.88
ORD-52964,2020-02-29,2020-03-01,Standard Class,Consumer,Albany,New York,East,Office Supplies,Fasteners,456.31,8,0.5,179.06
ORD-52965,2023-01-07,2023-01-13,Standard Class,Home Office,Maryland City,Maryland,East,Office Supplies,Binders,686.0,2,0.15,-44.15
ORD-52966,2023-12-30,2024-01-05,Second Class,Consumer,Kansas City,Kansas,Central,Technology,Accessories,5008.1,4,0.0,-801.24
ORD-52967,2022-12-27,2022-12-31,Second Class,Home Office,Pittsburgh,Pennsylvania,East,Technology,Machines,10124.11,5,0.0,3486.27
ORD-52968,2024-06-23,2024-06-28,Second Class,Consumer,New Mexico City,New Mexico,West,Office Supplies,Binders,473.99,5,0.0,170.92
ORD-52969,2024-11-27,2024-12-04,Standard Class,Home Office,North Carolina City,North Carolina,South,Furniture,Tables,1175.88,1,0.0,-77.69
ORD-52970,2022-01-01,2022-01-05,Second Class,Consumer,Kentucky City,Kentucky,South,Technology,Copiers,5647.43,6,0.0,2071.5
ORD-52971,2023-03-28,2023-04-02,Standard Class,Consumer,Kansas City,Kansas,Central,Office Supplies,Storage,7757.27,6,0.2,1756.54
ORD-52972,2024-10-01,2024-10-02,Second Class,Consumer,Iowa City,Iowa,Central,Furniture,Bookcases,7793.37,4,0.1,-1511.67
ORD-52973,2020-11-12,2020-11-13,Standard Class,Home Office,Arkansas City,Arkansas,South,Office Supplies,Binders,11452.85,6,0.0,3486.88
ORD-52974,2021-05-14,2021-05-16,Standard Class,Consumer,Idaho City,Idaho,West,Office Supplies,Labels,15963.28,8,0.0,4871.75
ORD-52975,2024-10-06,2024-10-12,First Class,Corporate,Virginia City,Virginia,East,Technology,Accessories,4579.56,8,0.0,753.75
ORD-52976,2020-03-25,2020-03-26,Standard Class,Corporate,Missouri City,Missouri,Central,Furniture,Chairs,13274.43,8,0.2,2567.13
ORD-52977,2022-06-28,2022-07-01,First Class,Consumer,Louisiana City,Louisiana,South,Furniture,Furnishings,5335.77,4,0.0,760.45
ORD-52978,2020-06-02,2020-06-09,Second Class,Corporate,Kansas City,Kansas,Central,Technology,Copiers,1794.56,4,0.2,759.73
ORD-52979,2020-08-28,2020-08-29,Standard Class,Consumer,Arkansas City,Arkansas,South,Technology,Copiers,1842.74,4,0.5,-274.06
ORD-52980,2022-10-16,2022-10-20,Standard Class,Consumer,Massachusetts City,Massachusetts,East,Office Supplies,Envelopes,17745.33,8,0.1,3532.98
ORD-52981,2024-03-27,2024-04-01,Standard Class,Consumer,Kentucky City,Kentucky,South,Office Supplies,Labels,7915.78,7,0.1,-198.37
ORD-52982,2022-08-04,2022-08-06,Standard Class,Corporate,Colorado City,Colorado,West,Office Supplies,Art,3259.33,3,0.0,1182.87
ORD-52983,2024-05-19,2024-05-26,Standard Class,Home Office,Augusta,Georgia,South,Technology,Accessories,7660.61,7,0.2,2166.96
ORD-52984,2022-06-13,2022-06-16,Standard Class,Corporate,Arizona City,Arizona,West,Furniture,Bookcases,2522.83,2,0.1,1082.5
ORD-52985,2024-12-25,2024-12-26,Second Class,Consumer,Missouri City,Missouri,Central,Office Supplies,Supplies,12031.76,7,0.0,2860.89
ORD-52986,2022-05-27,2022-05-30,Same Day,Home Office,Springfield,Illinois,Central,Technology,Machines,12536.88,7,0.0,-3600.05
ORD-52987,2022-06-03,2022-06-08,Standard Class,Corporate,Minnesota City,Minnesota,Central,Technology,Copiers,2929.09,7,0.0,-687.59
ORD-52988,2022-11-13,2022-11-16,Same Day,Corporate,Albany,New York,East,Technology,Machines,3070.99,3,0.0,-121.73
ORD-52989,2022-05-02,2022-05-04,First Class,Consumer,Missouri City,Missouri,Central,Furniture,Furnishings,8384.06,8,0.0,-757.49
ORD-52990,2022-01-12,2022-01-16,Standard Class,Consumer,Oregon City,Oregon,West,Office Supplies,Paper,286.58,1,0.0,72.81
ORD-52991,2020-07-21,2020-07-26,First Class,Corporate,Kentucky City,Kentucky,South,Furniture,Chairs,4664.49,3,0.0,812.83
ORD-52992,2021-11-19,2021-11-24,Standard Class,Home Office,Rhode Island City,Rhode Island,East,Office Supplies,Art,14194.6,8,0.25,-2884.59
ORD-52993,2020-01-06,2020-01-07,Second Class,Consumer,Cleveland,Ohio,Central,Technology,Phones,6793.45,3,0.0,879.66
ORD-52994,2023-04-04,2023-04-09,First Class,Consumer,San Francisco,California,West,Furniture,Tables,8418.96,4,0.0,310.26
ORD-52995,2023-08-17,2023-08-22,First Class,Consumer,Nebraska City,Nebraska,Central,Furniture,Furnishings,4476.69,7,0.1,552.52
ORD-52996,2020-07-23,2020-07-30,Second Class,Consumer,Los Angeles,California,West,Furniture,Furnishings,891.65,3,0.1,-237.52
ORD-52997,2022-10-09,2022-10-16,Second Class,Home Office,Pittsburgh,Pennsylvania,East,Office Supplies,Paper,1370.43,9,0.1,73.37
ORD-52998,2021-03-26,2021-04-01,Standard Class,Home Office,South Carolina City,South Carolina,South,Technology,Accessories,12346.62,8,0.0,2872.82
ORD-52999,2022-05-22,2022-05-28,Standard Class,Corporate,Buffalo,New York,East,Technology,Accessories,8591.3,8,0.0,2408.5
ORD-53000,2020-04-14,2020-04-16,Second Class,Home Office,Savannah,Georgia,South,Office Supplies,Binders,4864.02,8,0.1,730.36
ORD-53001,2024-07-20,2024-07-24,First Class,Consumer,Arizona City,Arizona,West,Office Supplies,Envelopes,14731.5,7,0.0,-239.7
ORD-53002,2022-01-23,2022-01-26,First Class,Consumer,Idaho City,Idaho,West,Technology,Copiers,12223.23,9,0.0,-1665.93
ORD-53003,2024-02-18,2024-02-23,First Class,Home Office,Maryland City,Maryland,East,Technology,Machines,16639.39,9,0.25,3416.04
ORD-53004,2024-08-02,2024-08-09,Standard Class,Consumer,Springfield,Illinois,Central,Technology,Phones,7258.85,8,0.0,2662.22
ORD-53005,2020-12-19,2020-12-20,Standard Class,Consumer,Louisiana City,Louisiana,South,Office Supplies,Supplies,5349.69,8,0.0,530.12
ORD-53006,2020-06-21,2020-06-23,Standard Class,Consumer,Connecticut City,Connecticut,East,Furniture,Furnishings,1457.89,1,0.2,-201.31
ORD-53007,2021-06-15,2021-06-21,Standard Class,Consumer,Massachusetts City,Massachusetts,East,Office Supplies,Paper,3378.0,9,0.1,-147.65
ORD-53008,2020-04-19,2020-04-24,Standard Class,Corporate,Albany,New York,East,Technology,Copiers,2057.42,8,0.0,418.16
ORD-53009,2020-09-17,2020-09-18,First Class,Corporate,Harrisburg,Pennsylvania,East,Technology,Machines,774.26,1,0.0,-183.79
ORD-53010,2020-09-16,2020-09-23,Second Class,Corporate,Louisiana City,Louisiana,South,Office Supplies,Envelopes,2923.16,3,0.4,-550.87
ORD-53011,2020-01-22,2020-01-23,Standard Class,Corporate,Grand Rapids,Michigan,Central,Technology,Copiers,4567.43,2,0.0,-262.12
ORD-53012,2020-12-31,2021-01-03,Standard Class,Corporate,Missouri City,Missouri,Central,Office Supplies,Labels,3370.81,3,0.0,-993.8
ORD-53013,2023-06-22,2023-06-25,Standard Class,Corporate,Nevada City,Nevada,West,Technology,Accessories,2035.66,2,0.5,-426.78
ORD-53014,2024-09-29,2024-10-02,Second Class,Consumer,Alabama City,Alabama,South,Technology,Phones,9879.52,8,0.0,-2756.96
ORD-53015,2023-08-03,2023-08-06,Standard Class,Corporate,Lansing,Michigan,Central,Office Supplies,Supplies,11610.41,8,0.0,231.8
ORD-53016,2021-08-14,2021-08-18,First Class,Corporate,Columbus,Ohio,Central,Technology,Accessories,7332.53,5,0.15,1052.03
ORD-53017,2020-10-19,2020-10-22,Second Class,Consumer,Grand Rapids,Michigan,Central,Technology,Accessories,6461.85,3,0.0,1841.93
ORD-53018,2023-10-04,2023-10-11,Second Class,Corporate,Vermont City,Vermont,East,Furniture,Furnishings,773.28,5,0.0,-209.05
ORD-53019,2024-05-28,2024-06-01,First Class,Corporate,Delaware City,Delaware,East,Office Supplies,Labels,1402.41,3,0.0,-94.1
ORD-53020,2020-07-22,2020-07-23,Standard Class,Consumer,Iowa City,Iowa,Central,Furniture,Tables,6944.57,7,0.0,2796.76
ORD-53021,2024-06-29,2024-07-06,First Class,Consumer,Arizona City,Arizona,West,Technology,Machines,4866.09,6,0.0,162.87
ORD-53022,2024-02-15,2024-02-19,Standard Class,Corporate,Atlanta,Georgia,South,Technology,Phones,2274.11,3,0.0,851.3
ORD-53023,2021-02-10,2021-02-13,First Class,Consumer,Louisiana City,Louisiana,South,Office Supplies,Labels,3219.42,6,0.5,1151.13
ORD-53024,2023-10-18,2023-10-21,First Class,Corporate,Utah City,Utah,West,Office Supplies,Supplies,9228.55,5,0.1,1019.53
ORD-53025,2022-10-30,2022-11-02,Standard Class,Consumer,Arkansas City,Arkansas,South,Technology,Accessories,12606.61,6,0.0,-1010.92
ORD-53026,2020-09-11,2020-09-12,Second Class,Consumer,Nebraska City,Nebraska,Central,Technology,Accessories,8910.61,5,0.0,3643.76
ORD-53027,2022-03-02,2022-03-04,Standard Class,Consumer,Massachusetts City,Massachusetts,East,Office Supplies,Envelopes,2935.49,7,0.0,149.69
ORD-53028,2023-05-19,2023-05-20,Standard Class,Home Office,Utah City,Utah,West,Technology,Phones,10930.85,8,0.15,2070.19
ORD-53029,2022-05-21,2022-05-22,First Class,Home Office,Idaho City,Idaho,West,Technology,Machines,9454.14,8,0.1,1341.15
ORD-53030,2022-09-06,2022-09-07,Standard Class,Consumer,Maryland City,Maryland,East,Office Supplies,Binders,16710.96,9,0.2,-2752.72
ORD-53031,2024-09-11,2024-09-13,Standard Class,Consumer,Arizona City,Arizona,West,Technology,Machines,1968.48,1,0.0,-166.3
ORD-53032,2020-02-09,2020-02-11,Standard Class,Corporate,New Mexico City,New Mexico,West,Furniture,Furnishings,1268.45,5,0.25,-128.58
ORD-53033,2024-08-10,2024-08-12,Standard Class,Corporate,Connecticut City,Connecticut,East,Technology,Copiers,1501.69,6,0.2,311.18
ORD-53034,2020-06-21,2020-06-25,Standard Class,Consumer,Iowa City,Iowa,Central,Furniture,Tables,380.29,1,0.0,151.77
ORD-53035,2024-03-24,2024-03-28,First Class,Consumer,Utah City,Utah,West,Furniture,Bookcases,2227.73,3,0.1,-667.74
ORD-53036,2023-05-26,2023-05-28,Standard Class,Consumer,Connecticut City,Connecticut,East,Furniture,Tables,9306.54,5,0.0,191.33
ORD-53037,2022-04-29,2022-05-04,Standard Class,Consumer,Minnesota City,Minnesota,Central,Furniture,Tables,3317.99,4,0.2,31.17
ORD-53038,2020-03-24,2020-03-31,Standard Class,Consumer,Dallas,Texas,Central,Office Supplies,Supplies,10769.14,5,0.1,-2885.71
ORD-53039,2022-05-22,2022-05-25,Standard Class,Consumer,Tennessee City,Tennessee,South,Technology,Phones,7455.79,4,0.0,2737.85
ORD-53040,2022-08-18,2022-08-22,Standard Class,Consumer,Alabama City,Alabama,South,Furniture,Furnishings,13622.59,6,0.0,-3771.04
ORD-53041,2024-09-29,2024-09-30,First Class,Corporate,Oregon City,Oregon,West,Technology,Phones,11911.33,9,0.0,-1440.38
ORD-53042,2021-02-28,2021-03-05,Standard Class,Corporate,Massachusetts City,Massachusetts,East,Furniture,Furnishings,8439.04,4,0.0,184.79
ORD-53043,2023-11-03,2023-11-09,Second Class,Corporate,Tennessee City,Tennessee,South,Office Supplies,Envelopes,5989.68,7,0.0,2080.13
ORD-53044,2020-01-15,2020-01-16,Second Class,Corporate,Maryland City,Maryland,East,Office Supplies,Labels,9796.74,7,0.0,3053.56
ORD-53045,2022-05-11,2022-05-17,Standard Class,Consumer,Oregon City,Oregon,West,Office Supplies,Labels,708.6,2,0.25,68.29
ORD-53046,2024-02-07,2024-02-11,First Class,Corporate,Kansas City,Kansas,Central,Technology,Accessories,2696.15,5,0.0,218.14
ORD-53047,2022-04-04,2022-04-10,Standard Class,Consumer,Tennessee City,Tennessee,South,Office Supplies,Envelopes,6539.52,7,0.0,527.98
ORD-53048,2020-08-03,2020-08-04,Second Class,Consumer,Nebraska City,Nebraska,Central,Office Supplies,Fasteners,4128.91,9,0.5,-763.4
ORD-53049,2024-04-04,2024-04-07,Standard Class,Consumer,North Carolina City,North Carolina,South,Furniture,Furnishings,3823.66,3,0.0,-600.17
ORD-53050,2021-03-25,2021-03-29,Standard Class,Consumer,South Carolina City,South Carolina,South,Furniture,Tables,554.55,4,0.0,143.96
ORD-53051,2022-08-13,2022-08-15,Standard Class,Home Office,Vermont City,Vermont,East,Office Supplies,Supplies,8434.45,5,0.0,-2158.86
ORD-53052,2024-11-07,2024-11-08,Standard Class,Consumer,Maryland City,Maryland,East,Technology,Machines,4544.63,5,0.0,-1032.22
ORD-53053,2024-07-14,2024-07-20,Standard Class,Consumer,Wisconsin City,Wisconsin,Central,Furniture,Tables,2926.84,3,0.0,537.2
ORD-53054,2023-11-21,2023-11-25,Standard Class,Corporate,Montana City,Montana,West,Office Supplies,Fasteners,11151.78,6,0.0,-540.46
ORD-53055,2020-03-30,2020-04-06,Standard Class,Consumer,Maryland City,Maryland,East,Technology,Machines,6053.72,3,0.0,125.22
ORD-53056,2022-06-01,2022-06-07,Standard Class,Consumer,Missouri City,Missouri,Central,Technology,Machines,9594.82,4,0.0,828.25
ORD-53057,2020-12-01,2020-12-04,Standard Class,Consumer,Albany,New York,East,Furniture,Tables,1039.66,6,0.1,-108.51
ORD-53058,2023-03-15,2023-03-20,Standard Class,Corporate,Colorado City,Colorado,West,Technology,Phones,1359.63,1,0.0,294.58
ORD-53059,2024-05-03,2024-05-10,Standard Class,Corporate,Mississippi City,Mississippi,South,Office Supplies,Supplies,7015.65,3,0.0,614.51
ORD-53060,2022-04-13,2022-04-20,Standard Class,Consumer,Vermont City,Vermont,East,Technology,Machines,7244.9,8,0.15,-384.83
ORD-53061,2024-03-01,2024-03-03,Standard Class,Consumer,Tennessee City,Tennessee,South,Office Supplies,Fasteners,1609.26,1,0.0,59.27
ORD-53062,2024-12-05,2024-12-06,Standard Class,Consumer,North Carolina City,North Carolina,South,Technology,Accessories,9428.93,8,0.0,-436.14
ORD-53063,2021-03-17,2021-03-23,First Class,Consumer,Tennessee City,Tennessee,South,Office Supplies,Art,60.34,3,0.0,18.95
ORD-53064,2020-12-25,2021-01-01,Standard Class,Corporate,Peoria,Illinois,Central,Technology,Accessories,9622.29,7,0.0,-1792.67
ORD-53065,2023-03-12,2023-03-17,Standard Class,Consumer,Albany,New York,East,Furniture,Bookcases,8375.04,7,0.0,-1847.47
ORD-53066,2020-04-19,2020-04-21,Standard Class,Corporate,Massachusetts City,Massachusetts,East,Technology,Accessories,14203.37,8,0.0,202.93
ORD-53067,2024-03-22,2024-03-23,Standard Class,Corporate,Arizona City,Arizona,West,Furniture,Furnishings,19824.35,9,0.0,8044.86
ORD-53068,2022-04-10,2022-04-16,Second Class,Corporate,Missouri City,Missouri,Central,Furniture,Bookcases,6426.5,3,0.0,1318.08
ORD-53069,2022-06-27,2022-06-29,Second Class,Home Office,Kansas City,Kansas,Central,Office Supplies,Labels,6182.21,7,0.0,610.1
ORD-53070,2022-02-25,2022-03-02,Standard Class,Corporate,Montana City,Montana,West,Technology,Copiers,8959.8,5,0.2,630.25
ORD-53071,2024-12-15,2024-12-22,Standard Class,Corporate,Nevada City,Nevada,West,Office Supplies,Storage,7505.83,5,0.0,-578.35
ORD-53072,2022-07-04,2022-07-09,Second Class,Consumer,Nevada City,Nevada,West,Office Supplies,Paper,405.35,1,0.4,152.46
ORD-53073,2021-05-07,2021-05-14,Standard Class,Consumer,San Diego,California,West,Technology,Accessories,11161.34,9,0.5,865.59
ORD-53074,2024-09-21,2024-09-26,Standard Class,Corporate,Tennessee City,Tennessee,South,Furniture,Furnishings,5531.91,6,0.0,-1217.14
ORD-53075,2023-09-11,2023-09-15,Second Class,Home Office,Cincinnati,Ohio,Central,Furniture,Furnishings,12900.11,8,0.0,4348.64
ORD-53076,2022-11-15,2022-11-21,Standard Class,Consumer,Arkansas City,Arkansas,South,Technology,Phones,1568.79,3,0.0,537.4
ORD-53077,2021-02-01,2021-02-03,First Class,Home Office,New Mexico City,New Mexico,West,Technology,Phones,12263.17,9,0.0,2787.25
ORD-53078,2023-08-15,2023-08-16,Standard Class,Consumer,North Carolina City,North Carolina,South,Office Supplies,Supplies,5091.29,5,0.25,1993.83
ORD-53079,2020-06-27,2020-07-01,Standard Class,Consumer,Columbus,Ohio,Central,Office Supplies,Labels,3488.7,2,0.2,1124.59
ORD-53080,2022-11-07,2022-11-10,Second Class,Consumer,Nevada City,Nevada,West,Technology,Copiers,2375.9,5,0.0,-154.73
ORD-53081,2020-12-16,2020-12-21,Standard Class,Consumer,Orlando,Florida,South,Office Supplies,Paper,525.11,4,0.0,198.8
ORD-53082,2023-01-21,2023-01-27,Standard Class,Consumer,Utah City,Utah,West,Office Supplies,Envelopes,1352.93,6,0.4,174.99
ORD-53083,2023-02-04,2023-02-08,Second Class,Home Office,Massachusetts City,Massachusetts,East,Technology,Accessories,16131.32,7,0.0,3121.3
ORD-53084,2021-01-10,2021-01-11,Standard Class,Consumer,Nevada City,Nevada,West,Office Supplies,Storage,3144.51,8,0.0,384.09
ORD-53085,2023-01-03,2023-01-08,Second Class,Corporate,Massachusetts City,Massachusetts,East,Office Supplies,Labels,674.17,1,0.0,138.71
ORD-53086,2021-06-25,2021-06-27,First Class,Consumer,San Diego,California,West,Technology,Copiers,14009.84,9,0.0,19.54
ORD-53087,2020-04-03,2020-04-06,Second Class,Home Office,Missouri City,Missouri,Central,Office Supplies,Supplies,10601.18,5,0.15,-2076.2
ORD-53088,2020-03-17,2020-03-22,Standard Class,Home Office,San Antonio,Texas,Central,Furniture,Chairs,10562.37,7,0.0,3572.4
ORD-53089,2023-02-03,2023-02-09,Second Class,Home Office,Nebraska City,Nebraska,Central,Furniture,Chairs,383.27,7,0.0,59.32
ORD-53090,2023-11-02,2023-11-04,Same Day,Consumer,Kentucky City,Kentucky,South,Technology,Phones,4722.74,4,0.1,331.24
ORD-53091,2022-11-11,2022-11-12,First Class,Corporate,Minnesota City,Minnesota,Central,Office Supplies,Labels,6869.68,7,0.0,-787.66
ORD-53092,2021-08-03,2021-08-06,Second Class,Home Office,South Carolina City,South Carolina,South,Technology,Machines,7036.78,7,0.0,1114.12
ORD-53093,2020-03-18,2020-03-23,First Class,Consumer,Missouri City,Missouri,Central,Technology,Accessories,8659.22,6,0.0,2015.34
ORD-53094,2020-03-12,2020-03-14,Standard Class,Consumer,Louisiana City,Louisiana,South,Technology,Phones,7724.45,5,0.0,1612.04
ORD-53095,2023-05-18,2023-05-25,Standard Class,Corporate,Idaho City,Idaho,West,Office Supplies,Paper,1289.22,9,0.0,426.46
ORD-53096,2024-08-01,2024-08-07,Standard Class,Corporate,New York City,New York,East,Furniture,Furnishings,9442.06,6,0.3,-1315.41
ORD-53097,2023-02-16,2023-02-19,Standard Class,Corporate,Iowa City,Iowa,Central,Furniture,Furnishings,1395.78,3,0.3,569.86
ORD-53098,2021-06-14,2021-06-20,Standard Class,Consumer,Idaho City,Idaho,West,Technology,Phones,2797.03,7,0.0,-329.28
ORD-53099,2021-03-30,2021-04-06,Standard Class,Corporate,Orlando,Florida,South,Office Supplies,Art,4949.46,7,0.0,-198.29
ORD-53100,2021-12-17,2021-12-22,Standard Class,Corporate,Tennessee City,Tennessee,South,Office Supplies,Supplies,8454.81,4,0.1,3348.49
ORD-53101,2022-12-12,2022-12-13,Standard Class,Home Office,North Carolina City,North Carolina,South,Technology,Phones,4735.89,6,0.0,382.73
ORD-53102,2022-08-11,2022-08-17,Standard Class,Consumer,Arkansas City,Arkansas,South,Technology,Machines,937.04,4,0.0,236.85
ORD-53103,2023-06-12,2023-06-14,First Class,Consumer,San Antonio,Texas,Central,Technology,Accessories,4113.84,4,0.0,-226.0
ORD-53104,2020-08-27,2020-09-02,First Class,Consumer,Minnesota City,Minnesota,Central,Office Supplies,Envelopes,2530.57,9,0.0,-561.07
ORD-53105,2023-12-05,2023-12-10,Standard Class,Consumer,Louisiana City,Louisiana,South,Office Supplies,Supplies,859.51,1,0.15,-28.62
ORD-53106,2020-03-05,2020-03-07,First Class,Home Office,Louisiana City,Louisiana,South,Technology,Machines,5668.54,6,0.25,367.44
ORD-53107,2023-08-28,2023-09-01,Second Class,Consumer,Colorado City,Colorado,West,Office Supplies,Labels,10427.45,6,0.0,-932.12
ORD-53108,2023-05-15,2023-05-18,Standard Class,Corporate,Minnesota City,Minnesota,Central,Office Supplies,Binders,14494.73,7,0.0,2227.85
ORD-53109,2024-11-01,2024-11-02,Second Class,Corporate,Maryland City,Maryland,East,Office Supplies,Labels,5910.26,8,0.15,537.69
ORD-53110,2022-11-23,2022-11-30,Second Class,Consumer,Louisiana City,Louisiana,South,Office Supplies,Storage,902.65,2,0.0,252.08
ORD-53111,2023-06-22,2023-06-27,Second Class,Consumer,Idaho City,Idaho,West,Office Supplies,Envelopes,8052.94,7,0.0,3087.71
ORD-53112,2020-12-23,2020-12-25,Standard Class,Corporate,South Carolina City,South Carolina,South,Office Supplies,Fasteners,96.24,1,0.3,-20.41
ORD-53113,2021-06-19,2021-06-22,Standard Class,Home Office,Buffalo,New York,East,Furniture,Bookcases,5996.99,3,0.2,1508.89
ORD-53114,2020-12-12,2020-12-17,Second Class,Home Office,Oregon City,Oregon,West,Office Supplies,Paper,944.27,7,0.2,373.2
ORD-53115,2022-11-11,2022-11-17,First Class,Consumer,Orlando,Florida,South,Furniture,Tables,3259.52,4,0.25,-354.84
ORD-53116,2022-07-31,2022-08-01,First Class,Home Office,Springfield,Illinois,Central,Office Supplies,Fasteners,15352.99,9,0.0,-139.65
ORD-53117,2023-09-05,2023-09-08,Second Class,Consumer,Utah City,Utah,West,Office Supplies,Supplies,1542.09,1,0.0,636.19
ORD-53118,2020-03-19,2020-03-22,Standard Class,Consumer,Connecticut City,Connecticut,East,Furniture,Bookcases,3034.49,3,0.0,134.94
ORD-53119,2020-08-14,2020-08-21,Second Class,Home Office,New Jersey City,New Jersey,East,Furniture,Chairs,4841.27,7,0.1,-964.7
ORD-53120,2024-05-25,2024-05-31,Second Class,Consumer,Buffalo,New York,East,Technology,Accessories,6648.77,9,0.0,146.43
ORD-53121,2021-12-25,2021-12-26,Standard Class,Corporate,Tacoma,Washington,West,Technology,Machines,4540.02,3,0.0,1945.46
ORD-53122,2020-07-01,2020-07-04,First Class,Consumer,Seattle,Washington,West,Office Supplies,Supplies,1641.26,1,0.0,138.07
ORD-53123,2024-02-22,2024-02-27,Standard Class,Consumer,New Mexico City,New Mexico,West,Furniture,Bookcases,18309.1,8,0.0,1466.39
ORD-53124,2022-08-03,2022-08-10,Standard Class,Consumer,Virginia City,Virginia,East,Furniture,Bookcases,8722.44,6,0.0,-2199.27
ORD-53125,2021-02-19,2021-02-22,Standard Class,Consumer,Minnesota City,Minnesota,Central,Technology,Machines,11122.38,7,0.0,-2146.28
ORD-53126,2021-10-27,2021-10-29,Standard Class,Consumer,Massachusetts City,Massachusetts,East,Office Supplies,Paper,4636.8,7,0.0,177.45
ORD-53127,2023-08-08,2023-08-12,Second Class,Home Office,Atlanta,Georgia,South,Office Supplies,Fasteners,1745.4,2,0.3,769.78
ORD-53128,2024-05-27,2024-05-29,Second Class,Corporate,Mississippi City,Mississippi,South,Furniture,Bookcases,1075.69,8,0.0,-194.31
ORD-53129,2020-09-20,2020-09-22,Standard Class,Consumer,Mississippi City,Mississippi,South,Furniture,Bookcases,301.07,4,0.0,-52.11
ORD-53130,2022-10-05,2022-10-08,Standard Class,Corporate,New Mexico City,New Mexico,West,Furniture,Chairs,378.83,1,0.0,5.43
ORD-53131,2021-01-22,2021-01-29,Standard Class,Consumer,Dallas,Texas,Central,Office Supplies,Supplies,5987.12,3,0.0,1898.88
ORD-53132,2021-10-22,2021-10-23,First Class,Home Office,Columbus,Ohio,Central,Office Supplies,Envelopes,193.75,2,0.3,73.23
ORD-53133,2023-05-09,2023-05-16,Standard Class,Home Office,South Carolina City,South Carolina,South,Technology,Phones,7602.5,9,0.2,2589.71
ORD-53134,2020-12-05,2020-12-08,Standard Class,Consumer,Savannah,Georgia,South,Furniture,Furnishings,8607.5,5,0.2,2543.26
ORD-53135,2023-09-05,2023-09-10,Standard Class,Consumer,Rhode Island City,Rhode Island,East,Office Supplies,Art,12018.66,9,0.0,-1896.89
ORD-53136,2023-12-21,2023-12-26,Standard Class,Consumer,Utah City,Utah,West,Office Supplies,Labels,1383.34,3,0.4,99.39
ORD-53137,2020-12-26,2021-01-02,Standard Class,Corporate,Cleveland,Ohio,Central,Technology,Machines,1265.88,5,0.0,-53.78
ORD-53138,2024-06-12,2024-06-19,Second Class,Consumer,South Carolina City,South Carolina,South,Technology,Copiers,2011.67,2,0.0,-314.12
ORD-53139,2020-11-11,2020-11-13,Second Class,Corporate,Los Angeles,California,West,Office Supplies,Storage,12555.89,8,0.3,293.24
ORD-53140,2020-12-15,2020-12-16,Standard Class,Consumer,New York City,New York,East,Technology,Copiers,1041.35,3,0.2,-87.51
ORD-53141,2020-08-17,2020-08-18,Standard Class,Consumer,Delaware City,Delaware,East,Office Supplies,Supplies,1058.64,4,0.0,172.36
ORD-53142,2021-12-15,2021-12-19,Standard Class,Consumer,Maryland City,Maryland,East,Furniture,Bookcases,2848.87,2,0.1,1002.64
ORD-53143,2024-06-26,2024-07-01,Standard Class,Consumer,San Francisco,California,West,Technology,Copiers,668.11,4,0.0,-167.14
ORD-53144,2023-09-15,2023-09-17,First Class,Home Office,Maryland City,Maryland,East,Technology,Machines,13432.12,6,0.0,887.58
ORD-53145,2022-12-02,2022-12-05,Second Class,Corporate,Missouri City,Missouri,Central,Office Supplies,Labels,8647.54,6,0.0,3443.81
ORD-53146,2020-09-22,2020-09-24,Standard Class,Consumer,Chicago,Illinois,Central,Office Supplies,Supplies,11623.51,7,0.0,-1392.74
ORD-53147,2023-07-25,2023-08-01,First Class,Home Office,Virginia City,Virginia,East,Furniture,Furnishings,5216.94,8,0.0,1195.96
ORD-53148,2022-06-19,2022-06-24,Standard Class,Corporate,Massachusetts City,Massachusetts,East,Furniture,Bookcases,1739.19,4,0.0,-31.61
ORD-53149,2023-10-23,2023-10-30,Standard Class,Home Office,Cleveland,Ohio,Central,Technology,Machines,6147.77,3,0.0,-543.5
ORD-53150,2024-07-07,2024-07-12,Same Day,Consumer,Delaware City,Delaware,East,Furniture,Chairs,3331.27,9,0.5,-40.46
ORD-53151,2021-03-01,2021-03-04,Second Class,Corporate,Kentucky City,Kentucky,South,Furniture,Tables,622.82,6,0.0,188.13
ORD-53152,2020-12-23,2020-12-30,Standard Class,Home Office,Rhode Island City,Rhode Island,East,Office Supplies,Labels,15581.54,8,0.0,5910.54
ORD-53153,2020-04-30,2020-05-06,Standard Class,Consumer,Spokane,Washington,West,Office Supplies,Supplies,3590.71,7,0.2,1123.8
ORD-53154,2024-01-11,2024-01-14,Standard Class,Consumer,Springfield,Illinois,Central,Office Supplies,Fasteners,1922.2,4,0.15,-120.42
ORD-53155,2021-02-01,2021-02-06,Second Class,Consumer,Albany,New York,East,Office Supplies,Envelopes,2580.32,7,0.0,1145.04
ORD-53156,2021-03-23,2021-03-29,Second Class,Home Office,Tennessee City,Tennessee,South,Office Supplies,Art,4137.8,9,0.0,428.68
ORD-53157,2020-07-24,2020-07-28,Second Class,Corporate,New Jersey City,New Jersey,East,Furniture,Furnishings,7847.98,6,0.0,-85.6
ORD-53158,2024-01-11,2024-01-12,Standard Class,Consumer,Buffalo,New York,East,Furniture,Furnishings,642.22,1,0.0,236.29
ORD-53159,2022-01-10,2022-01-16,Standard Class,Consumer,Arizona City,Arizona,West,Office Supplies,Binders,6934.09,3,0.0,2722.48
ORD-53160,2024-08-16,2024-08-17,Standard Class,Home Office,Iowa City,Iowa,Central,Office Supplies,Fasteners,6061.16,8,0.3,2408.7
ORD-53161,2020-04-12,2020-04-15,Standard Class,Consumer,Nebraska City,Nebraska,Central,Office Supplies,Fasteners,856.89,1,0.0,113.52
ORD-53162,2024-03-15,2024-03-16,Standard Class,Corporate,Nebraska City,Nebraska,Central,Furniture,Chairs,1729.77,5,0.0,716.59
ORD-53163,2020-06-23,2020-06-30,Second Class,Corporate,Tampa,Florida,South,Technology,Copiers,5935.96,5,0.5,1761.04
ORD-53164,2024-06-22,2024-06-27,Standard Class,Consumer,North Carolina City,North Carolina,South,Furniture,Chairs,43.33,1,0.5,-1.68
ORD-53165,2021-10-13,2021-10-19,First Class,Corporate,Mississippi City,Mississippi,South,Furniture,Chairs,8666.71,7,0.0,2798.34
ORD-53166,2022-12-16,2022-12-19,First Class,Corporate,Delaware City,Delaware,East,Technology,Phones,3660.57,5,0.0,-285.68
ORD-53167,2023-08-05,2023-08-11,Standard Class,Corporate,Springfield,Illinois,Central,Office Supplies,Fasteners,1737.64,5,0.1,457.45
ORD-53168,2020-02-20,2020-02-26,Standard Class,Home Office,Albany,New York,East,Furniture,Chairs,4915.44,6,0.0,1090.64
ORD-53169,2020-05-07,2020-05-11,Same Day,Consumer,Maryland City,Maryland,East,Office Supplies,Fasteners,6702.56,6,0.25,2158.17
ORD-53170,2022-08-15,2022-08-21,Standard Class,Corporate,Montana City,Montana,West,Office Supplies,Supplies,2973.81,2,0.4,-598.47
ORD-53171,2020-12-25,2020-12-30,Standard Class,Consumer,Arizona City,Arizona,West,Furniture,Furnishings,9651.55,4,0.0,4034.94
ORD-53172,2024-10-30,2024-11-02,Second Class,Consumer,Virginia City,Virginia,East,Furniture,Bookcases,9282.71,6,0.0,-2354.23
ORD-53173,2020-10-17,2020-10-22,Standard Class,Consumer,New York City,New York,East,Furniture,Chairs,11281.67,9,0.0,2597.03
ORD-53174,2020-11-01,2020-11-08,Standard Class,Consumer,Arizona City,Arizona,West,Furniture,Chairs,13285.27,7,0.15,1746.21
ORD-53175,2024-10-03,2024-10-06,Standard Class,Home Office,Nevada City,Nevada,West,Office Supplies,Envelopes,3161.83,4,0.3,754.61
ORD-53176,2024-09-25,2024-09-29,Second Class,Corporate,Mississippi City,Mississippi,South,Technology,Machines,6848.2,4,0.3,-1580.81
ORD-53177,2024-02-28,2024-03-05,Standard Class,Corporate,Delaware City,Delaware,East,Office Supplies,Art,13108.42,7,0.0,-3580.23
ORD-53178,2024-05-04,2024-05-09,First Class,Consumer,Iowa City,Iowa,Central,Technology,Machines,3043.8,4,0.0,437.22
ORD-53179,2020-07-18,2020-07-20,Standard Class,Corporate,New Jersey City,New Jersey,East,Technology,Copiers,9396.31,7,0.0,-2733.97
ORD-53180,2024-01-28,2024-01-29,Same Day,Home Office,New Jersey City,New Jersey,East,Office Supplies,Supplies,11389.31,7,0.3,125.91
ORD-53181,2022-07-21,2022-07-25,Standard Class,Corporate,Kentucky City,Kentucky,South,Technology,Machines,2746.75,2,0.0,956.49
ORD-53182,2020-06-20,2020-06-24,First Class,Consumer,Idaho City,Idaho,West,Technology,Copiers,13855.2,7,0.0,4608.33
ORD-53183,2024-11-28,2024-12-04,Second Class,Home Office,Iowa City,Iowa,Central,Furniture,Furnishings,15408.38,8,0.0,4807.14
ORD-53184,2020-08-01,2020-08-04,Standard Class,Consumer,Oregon City,Oregon,West,Technology,Phones,1100.48,1,0.25,-174.86
ORD-53185,2020-11-14,2020-11-19,Second Class,Home Office,Dallas,Texas,Central,Office Supplies,Binders,6380.95,4,0.0,721.22
ORD-53186,2020-12-02,2020-12-06,Standard Class,Consumer,Idaho City,Idaho,West,Furniture,Bookcases,13320.36,6,0.1,2083.11
ORD-53187,2023-11-22,2023-11-28,Standard Class,Consumer,Alabama City,Alabama,South,Office Supplies,Binders,8931.41,9,0.0,-15.13
ORD-53188,2021-05-23,2021-05-29,Standard Class,Consumer,Mississippi City,Mississippi,South,Technology,Copiers,6298.72,6,0.4,-1465.31
ORD-53189,2021-08-23,2021-08-24,Standard Class,Home Office,Los Angeles,California,West,Furniture,Tables,480.43,9,0.0,-133.98
ORD-53190,2022-12-29,2023-01-05,First Class,Home Office,Kentucky City,Kentucky,South,Technology,Copiers,1359.55,1,0.15,-300.31
ORD-53191,2021-04-06,2021-04-08,Second Class,Home Office,Kansas City,Kansas,Central,Technology,Accessories,341.55,7,0.2,114.56
ORD-53192,2023-03-29,2023-03-30,Same Day,Corporate,Delaware City,Delaware,East,Technology,Copiers,912.87,3,0.0,167.3
ORD-53193,2020-07-28,2020-07-29,Standard Class,Consumer,Maryland City,Maryland,East,Furniture,Furnishings,15363.81,8,0.0,6732.59
ORD-53194,2023-05-18,2023-05-21,Standard Class,Corporate,Kentucky City,Kentucky,South,Office Supplies,Supplies,16643.61,7,0.0,2472.87
ORD-53195,2022-02-11,2022-02-13,Second Class,Home Office,Augusta,Georgia,South,Office Supplies,Paper,1506.49,6,0.0,-198.43
ORD-53196,2023-08-11,2023-08-18,Second Class,Home Office,Louisiana City,Louisiana,South,Technology,Copiers,1557.58,2,0.0,-233.54
ORD-53197,2022-11-27,2022-12-01,First Class,Consumer,Spokane,Washington,West,Technology,Phones,2586.06,9,0.0,229.65
ORD-53198,2023-08-12,2023-08-15,Standard Class,Corporate,Orlando,Florida,South,Furniture,Furnishings,3189.63,2,0.0,687.37
ORD-53199,2022-07-18,2022-07-19,Standard Class,Consumer,Maryland City,Maryland,East,Technology,Phones,9895.35,8,0.0,-570.64
ORD-53200,2021-12-26,2021-12-27,First Class,Consumer,Utah City,Utah,West,Technology,Phones,1411.59,4,0.5,-314.17
ORD-53201,2023-08-09,2023-08-15,First Class,Consumer,Columbus,Ohio,Central,Technology,Machines,8117.0,4,0.15,2995.62
ORD-53202,2022-09-19,2022-09-24,Standard Class,Consumer,New Mexico City,New Mexico,West,Furniture,Tables,7500.58,6,0.0,3001.7
ORD-53203,2024-08-18,2024-08-23,Second Class,Corporate,Chicago,Illinois,Central,Furniture,Bookcases,10862.79,8,0.4,-1265.73
ORD-53204,2024-07-01,2024-07-07,First Class,Corporate,Colorado City,Colorado,West,Furniture,Bookcases,3196.81,9,0.1,221.85
ORD-53205,2021-08-09,2021-08-15,Second Class,Corporate,Chicago,Illinois,Central,Office Supplies,Binders,9581.06,4,0.0,2949.68
ORD-53206,2023-04-16,2023-04-20,Second Class,Consumer,Augusta,Georgia,South,Technology,Machines,1436.38,2,0.3,-133.22
ORD-53207,2020-09-20,2020-09-21,Standard Class,Consumer,Colorado City,Colorado,West,Furniture,Bookcases,45.5,3,0.0,3.47
ORD-53208,2022-12-17,2022-12-24,Standard Class,Corporate,Massachusetts City,Massachusetts,East,Office Supplies,Art,1967.09,3,0.0,-470.62
ORD-53209,2024-01-12,2024-01-18,Standard Class,Corporate,Louisiana City,Louisiana,South,Furniture,Furnishings,2056.71,6,0.0,-191.17
ORD-53210,2022-05-04,2022-05-11,Standard Class,Home Office,South Carolina City,South Carolina,South,Furniture,Chairs,7242.48,3,0.0,-1027.33
ORD-53211,2020-04-19,2020-04-25,Second Class,Corporate,New Mexico City,New Mexico,West,Furniture,Furnishings,9544.59,5,0.0,1020.47
ORD-53212,2024-01-02,2024-01-04,First Class,Consumer,Nebraska City,Nebraska,Central,Office Supplies,Fasteners,8348.2,4,0.0,-880.28
ORD-53213,2020-04-09,2020-04-11,Standard Class,Consumer,Alabama City,Alabama,South,Office Supplies,Paper,13418.62,6,0.0,2210.54
ORD-53214,2024-12-24,2024-12-26,Standard Class,Consumer,Nebraska City,Nebraska,Central,Technology,Copiers,2757.09,4,0.15,-415.95
ORD-53215,2024-12-27,2024-12-31,Second Class,Consumer,Kentucky City,Kentucky,South,Technology,Accessories,8357.4,4,0.0,1354.81
ORD-53216,2023-02-17,2023-02-22,Standard Class,Home Office,Missouri City,Missouri,Central,Office Supplies,Storage,823.11,7,0.0,-87.84
ORD-53217,2022-03-20,2022-03-22,Second Class,Home Office,Louisiana City,Louisiana,South,Office Supplies,Supplies,2117.38,9,0.0,-578.13
ORD-53218,2020-03-21,2020-03-27,Second Class,Consumer,Iowa City,Iowa,Central,Furniture,Chairs,6753.95,5,0.2,2526.86
ORD-53219,2021-11-10,2021-11-17,First Class,Consumer,Kansas City,Kansas,Central,Technology,Accessories,377.19,2,0.0,-57.95
ORD-53220,2020-04-30,2020-05-03,Second Class,Consumer,Tennessee City,Tennessee,South,Office Supplies,Supplies,3655.22,4,0.0,800.23
ORD-53221,2021-04-19,2021-04-23,Second Class,Consumer,Spokane,Washington,West,Technology,Accessories,11038.09,5,0.0,115.82
ORD-53222,2022-05-29,2022-06-02,First Class,Home Office,Mississippi City,Mississippi,South,Office Supplies,Envelopes,4649.34,2,0.0,1715.13
ORD-53223,2022-02-26,2022-03-04,Second Class,Consumer,Nevada City,Nevada,West,Office Supplies,Storage,7196.48,5,0.0,-417.87
ORD-53224,2023-06-27,2023-06-29,Second Class,Consumer,Kansas City,Kansas,Central,Furniture,Furnishings,1520.87,1,0.0,-373.01
ORD-53225,2021-10-31,2021-11-05,Standard Class,Corporate,Alabama City,Alabama,South,Office Supplies,Envelopes,5425.95,3,0.0,1794.32
ORD-53226,2020-02-19,2020-02-23,Second Class,Consumer,South Carolina City,South Carolina,South,Office Supplies,Paper,2197.56,8,0.1,-165.11
ORD-53227,2024-04-01,2024-04-03,Second Class,Consumer,Arkansas City,Arkansas,South,Technology,Copiers,1515.1,3,0.0,-165.81
ORD-53228,2022-07-07,2022-07-12,Standard Class,Corporate,Nebraska City,Nebraska,Central,Technology,Copiers,836.86,8,0.5,-91.13
ORD-53229,2024-10-30,2024-11-06,Standard Class,Consumer,Massachusetts City,Massachusetts,East,Technology,Machines,6600.03,5,0.1,-1003.16
ORD-53230,2022-11-10,2022-11-13,Second Class,Corporate,Idaho City,Idaho,West,Technology,Phones,6978.33,5,0.0,741.78
ORD-53231,2023-08-14,2023-08-21,Standard Class,Home Office,Grand Rapids,Michigan,Central,Furniture,Chairs,5502.25,8,0.5,-161.69
ORD-53232,2020-08-02,2020-08-05,Second Class,Consumer,Colorado City,Colorado,West,Furniture,Bookcases,348.34,2,0.0,-20.66
ORD-53233,2021-07-08,2021-07-14,First Class,Consumer,Connecticut City,Connecticut,East,Furniture,Chairs,2701.94,3,0.25,-101.34
ORD-53234,2022-03-02,2022-03-09,First Class,Home Office,Vermont City,Vermont,East,Office Supplies,Binders,10698.64,9,0.2,750.63
ORD-53235,2023-08-22,2023-08-27,First Class,Home Office,Minnesota City,Minnesota,Central,Furniture,Bookcases,4001.38,2,0.0,862.97
ORD-53236,2023-11-02,2023-11-08,Second Class,Consumer,North Carolina City,North Carolina,South,Furniture,Furnishings,11666.03,8,0.25,-759.9
ORD-53237,2023-03-13,2023-03-16,First Class,Consumer,Nebraska City,Nebraska,Central,Technology,Accessories,12515.48,6,0.0,-2571.76
ORD-53238,2020-05-08,2020-05-12,Standard Class,Consumer,Arizona City,Arizona,West,Office Supplies,Art,2382.5,2,0.0,-686.2
ORD-53239,2020-11-15,2020-11-17,Standard Class,Home Office,Utah City,Utah,West,Technology,Copiers,6641.35,9,0.1,-1823.94
ORD-53240,2024-12-26,2024-12-28,Standard Class,Home Office,Nebraska City,Nebraska,Central,Technology,Accessories,2074.47,9,0.1,481.96
ORD-53241,2023-06-27,2023-06-29,First Class,Corporate,Arizona City,Arizona,West,Furniture,Tables,525.98,1,0.15,-0.19
ORD-53242,2020-11-14,2020-11-16,Standard Class,Home Office,Minnesota City,Minnesota,Central,Office Supplies,Supplies,749.74,1,0.2,129.3
ORD-53243,2022-12-04,2022-12-10,Standard Class,Consumer,Colorado City,Colorado,West,Furniture,Tables,7124.62,5,0.4,932.12
ORD-53244,2021-09-01,2021-09-06,Standard Class,Consumer,Tacoma,Washington,West,Technology,Phones,489.46,1,0.1,163.68
ORD-53245,2024-02-06,2024-02-09,Standard Class,Corporate,Grand Rapids,Michigan,Central,Furniture,Chairs,7644.27,4,0.0,1630.82
ORD-53246,2020-12-05,2020-12-07,Standard Class,Consumer,Austin,Texas,Central,Technology,Copiers,3364.18,7,0.2,818.82
ORD-53247,2022-03-20,2022-03-22,First Class,Corporate,Delaware City,Delaware,East,Furniture,Furnishings,823.61,2,0.3,252.6
ORD-53248,2022-01-07,2022-01-13,Second Class,Corporate,Nevada City,Nevada,West,Technology,Phones,4742.47,4,0.0,1640.59
ORD-53249,2024-09-03,2024-09-05,First Class,Corporate,Peoria,Illinois,Central,Technology,Accessories,4277.23,6,0.0,-603.57
ORD-53250,2020-03-19,2020-03-26,First Class,Corporate,Tampa,Florida,South,Technology,Copiers,17994.58,8,0.1,5426.54
ORD-53251,2021-06-18,2021-06-23,Second Class,Consumer,North Carolina City,North Carolina,South,Technology,Accessories,6225.58,9,0.0,2095.18
ORD-53252,2020-09-22,2020-09-23,Standard Class,Corporate,Virginia City,Virginia,East,Office Supplies,Paper,4523.6,2,0.0,-1098.31
ORD-53253,2023-10-18,2023-10-25,First Class,Consumer,South Carolina City,South Carolina,South,Furniture,Bookcases,9188.81,7,0.15,2839.1
ORD-53254,2022-04-10,2022-04-12,First Class,Corporate,Arizona City,Arizona,West,Furniture,Tables,2251.17,9,0.0,920.49
ORD-53255,2020-03-04,2020-03-08,Standard Class,Corporate,Montana City,Montana,West,Furniture,Bookcases,1832.28,7,0.0,-333.38
ORD-53256,2024-09-14,2024-09-16,First Class,Consumer,Vermont City,Vermont,East,Furniture,Furnishings,6150.51,6,0.25,-1714.44
ORD-53257,2023-10-19,2023-10-26,First Class,Home Office,Houston,Texas,Central,Furniture,Bookcases,2747.92,6,0.1,-431.58
ORD-53258,2023-06-16,2023-06-17,Standard Class,Consumer,Colorado City,Colorado,West,Office Supplies,Supplies,638.21,9,0.1,140.82
ORD-53259,2023-11-25,2023-12-01,First Class,Consumer,Nebraska City,Nebraska,Central,Technology,Copiers,12617.08,7,0.15,-829.69
ORD-53260,2020-07-03,2020-07-09,Second Class,Consumer,Arizona City,Arizona,West,Office Supplies,Storage,1339.82,2,0.0,-327.11
ORD-53261,2021-11-13,2021-11-17,First Class,Consumer,Arizona City,Arizona,West,Technology,Phones,16171.1,8,0.0,7091.97
ORD-53262,2020-08-29,2020-09-01,Standard Class,Home Office,Savannah,Georgia,South,Technology,Accessories,15096.04,9,0.0,5281.6
ORD-53263,2023-03-29,2023-03-30,Standard Class,Home Office,Mississippi City,Mississippi,South,Technology,Copiers,5372.37,7,0.0,1757.85
ORD-53264,2024-12-18,2024-12-21,Second Class,Corporate,Pittsburgh,Pennsylvania,East,Technology,Machines,2157.74,3,0.25,-84.84
ORD-53265,2020-07-12,2020-07-14,Standard Class,Corporate,Missouri City,Missouri,Central,Furniture,Bookcases,221.17,1,0.1,1.95
ORD-53266,2020-03-22,2020-03-28,Second Class,Consumer,Nebraska City,Nebraska,Central,Technology,Copiers,5377.36,8,0.0,-146.73
ORD-53267,2021-12-20,2021-12-23,Standard Class,Consumer,Montana City,Montana,West,Furniture,Tables,2984.42,3,0.0,269.9
ORD-53268,2020-04-06,2020-04-09,First Class,Home Office,Utah City,Utah,West,Technology,Accessories,2311.48,1,0.0,901.81
ORD-53269,2024-07-26,2024-07-30,Second Class,Corporate,New Mexico City,New Mexico,West,Office Supplies,Paper,11527.94,9,0.0,3591.89
ORD-53270,2021-01-27,2021-01-30,Second Class,Home Office,Augusta,Georgia,South,Technology,Accessories,4616.81,7,0.1,940.32
ORD-53271,2023-05-22,2023-05-23,Standard Class,Consumer,Buffalo,New York,East,Technology,Copiers,8739.47,5,0.1,1257.55
ORD-53272,2024-05-15,2024-05-16,Standard Class,Consumer,Alabama City,Alabama,South,Office Supplies,Art,6261.4,4,0.0,-1270.13
ORD-53273,2020-05-04,2020-05-05,Second Class,Consumer,San Antonio,Texas,Central,Technology,Accessories,4556.17,2,0.0,-1208.19
ORD-53274,2022-07-09,2022-07-15,Standard Class,Home Office,Albany,New York,East,Furniture,Bookcases,1307.33,1,0.0,234.83
ORD-53275,2020-10-14,2020-10-19,Standard Class,Consumer,Tampa,Florida,South,Furniture,Tables,6011.82,4,0.15,-1211.31
ORD-53276,2024-05-27,2024-05-30,Standard Class,Corporate,Spokane,Washington,West,Furniture,Tables,1747.43,2,0.0,264.58
ORD-53277,2022-11-07,2022-11-08,Standard Class,Corporate,San Francisco,California,West,Office Supplies,Binders,95.24,3,0.5,-20.39
ORD-53278,2020-02-08,2020-02-14,Standard Class,Home Office,Idaho City,Idaho,West,Technology,Copiers,680.85,3,0.1,-43.03
ORD-53279,2023-04-10,2023-04-13,Standard Class,Consumer,Arizona City,Arizona,West,Office Supplies,Envelopes,861.17,7,0.1,-17.46
ORD-53280,2020-06-04,2020-06-07,Standard Class,Corporate,New Jersey City,New Jersey,East,Technology,Machines,4280.41,2,0.0,-950.93
ORD-53281,2021-11-20,2021-11-26,Standard Class,Corporate,Arkansas City,Arkansas,South,Furniture,Bookcases,11905.26,6,0.0,-1233.83
ORD-53282,2022-05-22,2022-05-25,Second Class,Home Office,Louisiana City,Louisiana,South,Technology,Accessories,5789.74,3,0.2,-1361.73
ORD-53283,2021-05-25,2021-05-31,Standard Class,Consumer,Arkansas City,Arkansas,South,Technology,Accessories,8689.53,5,0.1,1066.78
ORD-53284,2023-01-25,2023-01-29,Standard Class,Consumer,Oregon City,Oregon,West,Technology,Copiers,65.55,1,0.0,-17.26
ORD-53285,2022-04-16,2022-04-21,Same Day,Consumer,Louisiana City,Louisiana,South,Furniture,Furnishings,8333.4,8,0.3,-162.5
ORD-53286,2022-05-23,2022-05-26,First Class,Corporate,Tennessee City,Tennessee,South,Furniture,Tables,2501.02,7,0.3,1030.61
ORD-53287,2023-07-25,2023-07-26,Standard Class,Consumer,Minnesota City,Minnesota,Central,Office Supplies,Labels,4488.73,2,0.0,547.24
ORD-53288,2024-08-02,2024-08-06,Second Class,Consumer,Minnesota City,Minnesota,Central,Office Supplies,Binders,4042.33,4,0.25,-845.77
ORD-53289,2023-04-19,2023-04-26,First Class,Consumer,Virginia City,Virginia,East,Office Supplies,Supplies,7492.25,4,0.0,-1243.85
ORD-53290,2023-01-27,2023-02-01,Standard Class,Consumer,New Jersey City,New Jersey,East,Furniture,Tables,2288.13,4,0.0,-647.46
ORD-53291,2020-11-27,2020-12-01,Second Class,Consumer,Arizona City,Arizona,West,Office Supplies,Binders,1771.0,4,0.1,-309.91
ORD-53292,2022-04-19,2022-04-24,Standard Class,Consumer,South Carolina City,South Carolina,South,Furniture,Chairs,727.67,1,0.0,254.62
ORD-53293,2021-06-27,2021-07-04,Standard Class,Corporate,Tacoma,Washington,West,Office Supplies,Labels,12460.75,6,0.0,-1239.64
ORD-53294,2023-03-10,2023-03-16,Standard Class,Home Office,North Carolina City,North Carolina,South,Technology,Copiers,1829.38,2,0.0,-93.49
ORD-53295,2021-04-14,2021-04-21,Second Class,Consumer,New York City,New York,East,Furniture,Furnishings,4897.09,3,0.25,104.05
ORD-53296,2020-04-02,2020-04-07,Standard Class,Consumer,Wisconsin City,Wisconsin,Central,Furniture,Chairs,4707.21,5,0.0,296.19
ORD-53297,2024-06-26,2024-06-28,Standard Class,Home Office,Colorado City,Colorado,West,Technology,Machines,1594.58,3,0.0,628.73
ORD-53298,2023-01-27,2023-02-02,First Class,Consumer,Delaware City,Delaware,East,Furniture,Bookcases,4849.01,2,0.0,447.85
ORD-53299,2021-11-19,2021-11-22,Standard Class,Consumer,Buffalo,New York,East,Technology,Machines,1454.71,1,0.0,-192.36
ORD-53300,2024-02-08,2024-02-11,Standard Class,Corporate,New Jersey City,New Jersey,East,Technology,Copiers,4393.37,7,0.0,-728.67
ORD-53301,2020-01-17,2020-01-19,Second Class,Consumer,Maryland City,Maryland,East,Furniture,Chairs,1199.53,1,0.0,232.03
ORD-53302,2022-11-09,2022-11-16,Standard Class,Home Office,Wisconsin City,Wisconsin,Central,Office Supplies,Storage,9888.3,4,0.0,823.23
ORD-53303,2023-05-05,2023-05-06,First Class,Consumer,Missouri City,Missouri,Central,Technology,Phones,1756.33,2,0.25,114.62
ORD-53304,2021-08-03,2021-08-06,Second Class,Consumer,Arizona City,Arizona,West,Technology,Accessories,2348.17,2,0.0,164.46
ORD-53305,2022-03-16,2022-03-17,First Class,Home Office,Arizona City,Arizona,West,Furniture,Tables,128.22,9,0.5,11.82
ORD-53306,2024-04-18,2024-04-23,Standard Class,Corporate,Cleveland,Ohio,Central,Technology,Phones,12361.43,5,0.0,-649.3
ORD-53307,2021-09-12,2021-09-16,First Class,Consumer,Colorado City,Colorado,West,Furniture,Chairs,4123.88,4,0.15,-263.84
ORD-53308,2023-09-14,2023-09-15,Standard Class,Consumer,Virginia City,Virginia,East,Furniture,Tables,709.45,1,0.0,-143.71
ORD-53309,2020-09-20,2020-09-21,Standard Class,Consumer,Missouri City,Missouri,Central,Furniture,Furnishings,2280.32,1,0.0,-665.98
ORD-53310,2020-09-07,2020-09-12,Standard Class,Consumer,Vermont City,Vermont,East,Office Supplies,Fasteners,716.28,1,0.0,-91.26
ORD-53311,2021-09-13,2021-09-15,First Class,Consumer,San Antonio,Texas,Central,Furniture,Furnishings,4818.49,6,0.0,282.78
ORD-53312,2022-03-15,2022-03-20,Standard Class,Consumer,Delaware City,Delaware,East,Technology,Phones,1377.83,2,0.5,510.31
ORD-53313,2023-07-15,2023-07-21,Standard Class,Consumer,New Jersey City,New Jersey,East,Technology,Machines,3043.07,7,0.0,-247.71
ORD-53314,2023-04-29,2023-04-30,First Class,Corporate,Montana City,Montana,West,Technology,Accessories,13110.64,8,0.1,-2070.53
ORD-53315,2023-03-01,2023-03-07,Standard Class,Consumer,Mississippi City,Mississippi,South,Office Supplies,Paper,13310.52,8,0.0,2056.63
ORD-53316,2024-08-26,2024-08-29,Standard Class,Home Office,Utah City,Utah,West,Technology,Machines,10604.2,7,0.0,4433.6
ORD-53317,2023-04-26,2023-04-30,Standard Class,Corporate,Miami,Florida,South,Technology,Accessories,7744.63,4,0.0,273.76
ORD-53318,2024-05-18,2024-05-25,Same Day,Home Office,Nebraska City,Nebraska,Central,Furniture,Chairs,8620.37,7,0.4,3513.1
ORD-53319,2023-01-20,2023-01-27,Standard Class,Consumer,Louisiana City,Louisiana,South,Furniture,Chairs,2692.96,6,0.0,-94.22
ORD-53320,2023-08-24,2023-08-27,Standard Class,Consumer,Nevada City,Nevada,West,Furniture,Tables,15293.54,7,0.0,1076.26
ORD-53321,2022-05-19,2022-05-23,Standard Class,Corporate,Dallas,Texas,Central,Technology,Phones,3494.75,8,0.25,1285.74
ORD-53322,2021-06-30,2021-07-03,Same Day,Consumer,South Carolina City,South Carolina,South,Technology,Phones,10500.57,6,0.0,-2407.02
ORD-53323,2020-03-08,2020-03-11,Standard Class,Consumer,Massachusetts City,Massachusetts,East,Office Supplies,Paper,2409.08,3,0.1,1064.96
ORD-53324,2022-01-28,2022-02-03,Second Class,Consumer,Colorado City,Colorado,West,Technology,Machines,8526.26,9,0.4,882.52
ORD-53325,2023-01-07,2023-01-12,Standard Class,Corporate,Vermont City,Vermont,East,Technology,Accessories,2785.15,4,0.0,-640.26
ORD-53326,2023-09-14,2023-09-20,Standard Class,Corporate,Virginia City,Virginia,East,Technology,Phones,370.24,3,0.1,-59.26
ORD-53327,2024-03-23,2024-03-26,Standard Class,Home Office,Colorado City,Colorado,West,Office Supplies,Supplies,8450.2,4,0.0,1894.77
ORD-53328,2024-03-14,2024-03-20,Same Day,Corporate,Nevada City,Nevada,West,Technology,Phones,1572.8,1,0.0,26.8
ORD-53329,2023-07-16,2023-07-20,Second Class,Corporate,Nebraska City,Nebraska,Central,Technology,Accessories,1557.48,3,0.5,521.33
ORD-53330,2020-01-04,2020-01-07,Second Class,Consumer,San Francisco,California,West,Office Supplies,Paper,684.96,7,0.0,-97.84
ORD-53331,2022-12-02,2022-12-06,Standard Class,Home Office,Maryland City,Maryland,East,Technology,Phones,1158.56,1,0.0,103.44
ORD-53332,2024-11-02,2024-11-05,Standard Class,Home Office,Arkansas City,Arkansas,South,Technology,Machines,12111.29,9,0.0,-197.58
ORD-53333,2023-06-30,2023-07-03,Same Day,Corporate,Oregon City,Oregon,West,Furniture,Furnishings,12259.33,7,0.0,4893.1
ORD-53334,2022-01-30,2022-02-04,Second Class,Corporate,Montana City,Montana,West,Office Supplies,Paper,11000.7,6,0.2,-1728.77
ORD-53335,2024-07-03,2024-07-07,Standard Class,Consumer,Minnesota City,Minnesota,Central,Furniture,Tables,5795.38,4,0.0,-432.47
ORD-53336,2024-03-07,2024-03-08,Standard Class,Consumer,Iowa City,Iowa,Central,Technology,Phones,3702.77,5,0.0,700.35
ORD-53337,2023-02-19,2023-02-26,Standard Class,Consumer,North Carolina City,North Carolina,South,Office Supplies,Envelopes,5837.73,9,0.0,300.9
ORD-53338,2023-04-16,2023-04-22,Standard Class,Consumer,Vermont City,Vermont,East,Technology,Accessories,3378.92,6,0.3,1267.86
ORD-53339,2023-11-09,2023-11-14,Standard Class,Consumer,Wisconsin City,Wisconsin,Central,Technology,Machines,3310.59,2,0.0,865.9
ORD-53340,2021-07-29,2021-08-02,Standard Class,Corporate,Alabama City,Alabama,South,Furniture,Bookcases,7021.38,4,0.0,-1096.78
ORD-53341,2021-05-13,2021-05-18,First Class,Consumer,Wisconsin City,Wisconsin,Central,Furniture,Bookcases,3949.11,4,0.2,-391.47
ORD-53342,2020-12-29,2021-01-05,Second Class,Consumer,Montana City,Montana,West,Office Supplies,Labels,5977.28,7,0.0,-93.4
ORD-53343,2024-06-22,2024-06-29,Standard Class,Corporate,Arizona City,Arizona,West,Furniture,Bookcases,1311.9,4,0.0,265.96
ORD-53344,2021-12-02,2021-12-06,Standard Class,Consumer,Tennessee City,Tennessee,South,Office Supplies,Envelopes,1001.59,4,0.0,153.87
ORD-53345,2022-11-06,2022-11-13,First Class,Consumer,New Mexico City,New Mexico,West,Technology,Copiers,5180.66,3,0.25,-781.26
ORD-53346,2024-09-04,2024-09-05,Standard Class,Consumer,Connecticut City,Connecticut,East,Furniture,Bookcases,5980.78,9,0.0,-412.79
ORD-53347,2022-08-08,2022-08-14,First Class,Home Office,Cleveland,Ohio,Central,Technology,Accessories,6998.37,4,0.0,611.31
ORD-53348,2024-12-13,2024-12-14,Standard Class,Consumer,San Antonio,Texas,Central,Technology,Copiers,6191.3,7,0.1,-1438.3
ORD-53349,2022-07-07,2022-07-08,First Class,Consumer,Kentucky City,Kentucky,South,Furniture,Furnishings,5152.47,5,0.0,-1343.12
ORD-53350,2024-04-23,2024-04-26,First Class,Consumer,Tampa,Florida,South,Furniture,Bookcases,10121.74,5,0.1,4273.94
ORD-53351,2024-09-18,2024-09-22,Second Class,Consumer,Connecticut City,Connecticut,East,Office Supplies,Fasteners,18074.88,9,0.0,-3089.55
ORD-53352,2023-03-16,2023-03-19,Standard Class,Corporate,Kansas City,Kansas,Central,Office Supplies,Envelopes,3116.21,2,0.0,-801.13
ORD-53353,2023-02-12,2023-02-15,Standard Class,Consumer,Oregon City,Oregon,West,Office Supplies,Binders,4193.66,5,0.0,351.41
ORD-53354,2021-08-29,2021-08-31,Second Class,Consumer,Nevada City,Nevada,West,Technology,Phones,1302.01,1,0.0,346.41
ORD-53355,2021-04-14,2021-04-20,Second Class,Corporate,Iowa City,Iowa,Central,Furniture,Tables,7766.53,5,0.0,3011.15
ORD-53356,2023-01-08,2023-01-13,Same Day,Corporate,Delaware City,Delaware,East,Furniture,Furnishings,6804.86,7,0.0,1141.42
ORD-53357,2020-12-17,2020-12-19,Standard Class,Consumer,New Mexico City,New Mexico,West,Office Supplies,Paper,2878.62,7,0.25,-480.03
ORD-53358,2020-05-27,2020-05-31,First Class,Home Office,Albany,New York,East,Office Supplies,Labels,6079.01,4,0.3,-1029.37
ORD-53359,2022-02-04,2022-02-10,First Class,Consumer,Idaho City,Idaho,West,Furniture,Bookcases,5431.6,3,0.0,-953.33
ORD-53360,2023-07-30,2023-08-06,Standard Class,Consumer,Maryland City,Maryland,East,Office Supplies,Art,6510.2,6,0.15,-1137.58
ORD-53361,2024-04-22,2024-04-23,First Class,Consumer,Savannah,Georgia,South,Technology,Phones,16529.76,7,0.0,-2070.73
ORD-53362,2024-10-03,2024-10-04,Standard Class,Home Office,Massachusetts City,Massachusetts,East,Furniture,Furnishings,14705.75,6,0.0,1279.52
ORD-53363,2023-03-14,2023-03-18,Standard Class,Corporate,Rhode Island City,Rhode Island,East,Technology,Copiers,7891.4,5,0.1,338.41
ORD-53364,2020-08-29,2020-08-30,First Class,Corporate,Miami,Florida,South,Office Supplies,Binders,11994.12,7,0.0,4225.27
ORD-53365,2024-05-08,2024-05-13,Standard Class,Home Office,Wisconsin City,Wisconsin,Central,Office Supplies,Binders,1085.42,1,0.1,361.76
ORD-53366,2021-01-31,2021-02-06,Standard Class,Consumer,Idaho City,Idaho,West,Furniture,Tables,1242.18,3,0.5,134.28
ORD-53367,2022-04-07,2022-04-09,Second Class,Consumer,Montana City,Montana,West,Furniture,Chairs,3428.53,7,0.1,-333.95
ORD-53368,2021-04-21,2021-04-26,First Class,Corporate,Montana City,Montana,West,Technology,Copiers,11451.28,7,0.0,3718.74
ORD-53369,2024-06-06,2024-06-08,Standard Class,Consumer,New Mexico City,New Mexico,West,Office Supplies,Binders,9518.27,7,0.1,-2297.29
ORD-53370,2023-04-24,2023-04-29,Standard Class,Home Office,Delaware City,Delaware,East,Furniture,Bookcases,4728.49,7,0.0,16.15
ORD-53371,2022-07-08,2022-07-09,Standard Class,Corporate,North Carolina City,North Carolina,South,Office Supplies,Storage,222.33,7,0.15,-54.29
ORD-53372,2024-07-13,2024-07-15,Standard Class,Consumer,Nevada City,Nevada,West,Office Supplies,Labels,12258.33,6,0.0,-3379.29
ORD-53373,2020-07-04,2020-07-10,First Class,Consumer,Tennessee City,Tennessee,South,Office Supplies,Fasteners,11149.74,5,0.0,4838.57
ORD-53374,2023-11-06,2023-11-07,Standard Class,Corporate,Iowa City,Iowa,Central,Office Supplies,Labels,1893.0,1,0.15,191.2
ORD-53375,2021-11-22,2021-11-24,Standard Class,Home Office,San Diego,California,West,Furniture,Chairs,2679.18,3,0.0,922.33
ORD-53376,2020-10-11,2020-10-15,Standard Class,Consumer,Vermont City,Vermont,East,Technology,Copiers,3604.68,4,0.0,600.18
ORD-53377,2021-04-01,2021-04-04,Standard Class,Consumer,New Jersey City,New Jersey,East,Office Supplies,Envelopes,852.12,6,0.1,145.82
ORD-53378,2022-10-03,2022-10-09,Standard Class,Consumer,Colorado City,Colorado,West,Office Supplies,Storage,15615.34,8,0.0,5418.7
ORD-53379,2022-07-08,2022-07-13,Second Class,Consumer,Tennessee City,Tennessee,South,Furniture,Furnishings,238.02,1,0.0,-16.91
ORD-53380,2023-08-01,2023-08-04,Second Class,Home Office,San Francisco,California,West,Office Supplies,Supplies,783.13,3,0.0,173.74
ORD-53381,2022-09-07,2022-09-09,Standard Class,Consumer,Rhode Island City,Rhode Island,East,Office Supplies,Fasteners,1712.94,4,0.5,680.62
ORD-53382,2020-07-26,2020-07-30,Same Day,Consumer,New York City,New York,East,Office Supplies,Binders,9211.06,5,0.0,-2636.15
ORD-53383,2021-10-11,2021-10-13,Second Class,Consumer,Alabama City,Alabama,South,Office Supplies,Paper,6643.21,7,0.0,-976.58
ORD-53384,2020-03-21,2020-03-23,First Class,Corporate,New York City,New York,East,Office Supplies,Art,1430.95,2,0.15,573.25
ORD-53385,2023-04-13,2023-04-15,Standard Class,Home Office,Mississippi City,Mississippi,South,Technology,Machines,13343.29,6,0.0,4224.31
ORD-53386,2023-03-02,2023-03-04,Standard Class,Corporate,Atlanta,Georgia,South,Technology,Accessories,7784.61,6,0.4,-1670.86
ORD-53387,2020-08-19,2020-08-20,Standard Class,Consumer,Tennessee City,Tennessee,South,Technology,Machines,1905.14,6,0.0,-384.9
ORD-53388,2022-11-07,2022-11-12,Standard Class,Consumer,North Carolina City,North Carolina,South,Technology,Phones,3405.32,5,0.0,946.03
ORD-53389,2024-04-13,2024-04-19,Standard Class,Consumer,Minnesota City,Minnesota,Central,Furniture,Tables,13003.45,9,0.0,1669.88
ORD-53390,2023-01-17,2023-01-24,Standard Class,Home Office,Connecticut City,Connecticut,East,Office Supplies,Fasteners,7910.86,5,0.0,-226.4
ORD-53391,2020-12-04,2020-12-08,Standard Class,Corporate,Montana City,Montana,West,Office Supplies,Binders,2234.61,1,0.0,321.77
ORD-53392,2022-06-15,2022-06-22,Standard Class,Corporate,Maryland City,Maryland,East,Technology,Phones,8830.73,4,0.0,1567.98
ORD-53393,2023-11-23,2023-11-30,Same Day,Consumer,Kentucky City,Kentucky,South,Furniture,Bookcases,2621.47,4,0.0,639.25
ORD-53394,2024-01-27,2024-02-03,Standard Class,Corporate,Maryland City,Maryland,East,Technology,Accessories,931.05,3,0.2,15.27
ORD-53395,2022-09-22,2022-09-25,Standard Class,Consumer,Delaware City,Delaware,East,Office Supplies,Labels,7310.69,8,0.0,-1710.65
ORD-53396,2022-07-26,2022-07-28,Standard Class,Home Office,Rhode Island City,Rhode Island,East,Office Supplies,Paper,5254.69,7,0.0,347.45
ORD-53397,2020-11-01,2020-11-04,First Class,Consumer,Detroit,Michigan,Central,Furniture,Bookcases,5987.0,6,0.0,-1493.02
ORD-53398,2021-05-10,2021-05-14,Second Class,Consumer,Vermont City,Vermont,East,Technology,Phones,31.41,1,0.4,-3.95
ORD-53399,2021-03-09,2021-03-15,Standard Class,Corporate,Mississippi City,Mississippi,South,Furniture,Tables,5592.79,4,0.0,-793.46
ORD-53400,2023-07-02,2023-07-05,First Class,Corporate,Vermont City,Vermont,East,Office Supplies,Labels,17105.5,7,0.0,-1751.63
ORD-53401,2023-04-19,2023-04-23,First Class,Home Office,Lansing,Michigan,Central,Furniture,Furnishings,6265.55,4,0.0,228.56
ORD-53402,2021-03-30,2021-04-06,First Class,Corporate,Iowa City,Iowa,Central,Furniture,Chairs,1325.11,1,0.3,490.5
ORD-53403,2024-06-09,2024-06-11,Standard Class,Consumer,Kansas City,Kansas,Central,Furniture,Furnishings,755.51,1,0.3,86.74
ORD-53404,2020-02-14,2020-02-21,Standard Class,Corporate,Wisconsin City,Wisconsin,Central,Office Supplies,Labels,1997.91,6,0.0,-149.68
ORD-53405,2022-12-20,2022-12-22,Standard Class,Consumer,Mississippi City,Mississippi,South,Technology,Phones,11545.83,5,0.0,-3.7
ORD-53406,2023-06-02,2023-06-04,Standard Class,Consumer,New Jersey City,New Jersey,East,Furniture,Furnishings,627.27,3,0.0,72.58
ORD-53407,2022-05-18,2022-05-20,Second Class,Consumer,Missouri City,Missouri,Central,Office Supplies,Envelopes,12994.85,6,0.0,-2563.69
ORD-53408,2024-12-07,2024-12-13,Standard Class,Consumer,San Diego,California,West,Office Supplies,Binders,13884.42,6,0.0,2214.21
ORD-53409,2022-11-06,2022-11-11,First Class,Home Office,North Carolina City,North Carolina,South,Office Supplies,Storage,768.95,2,0.0,174.63
ORD-53410,2024-07-25,2024-07-28,Second Class,Consumer,Montana City,Montana,West,Technology,Copiers,8031.25,5,0.0,783.19
ORD-53411,2023-07-05,2023-07-06,Same Day,Consumer,Cincinnati,Ohio,Central,Office Supplies,Labels,15415.01,9,0.15,-647.68
ORD-53412,2021-07-28,2021-08-01,Standard Class,Consumer,Maryland City,Maryland,East,Furniture,Tables,969.66,3,0.0,-9.46
ORD-53413,2022-04-14,2022-04-21,Standard Class,Consumer,Arkansas City,Arkansas,South,Office Supplies,Paper,16080.65,8,0.15,6274.41
ORD-53414,2024-12-08,2024-12-15,Standard Class,Consumer,Delaware City,Delaware,East,Furniture,Tables,217.47,1,0.25,-15.45
ORD-53415,2021-12-19,2021-12-21,Standard Class,Consumer,Oregon City,Oregon,West,Technology,Accessories,5470.14,9,0.3,1405.17
ORD-53416,2024-07-31,2024-08-01,Second Class,Consumer,Atlanta,Georgia,South,Office Supplies,Labels,2095.98,5,0.0,124.67
ORD-53417,2024-11-01,2024-11-06,Standard Class,Consumer,Alabama City,Alabama,South,Technology,Machines,7458.84,5,0.15,-1806.15
ORD-53418,2024-02-18,2024-02-25,Standard Class,Corporate,Connecticut City,Connecticut,East,Office Supplies,Binders,1197.33,5,0.0,-275.22
ORD-53419,2023-01-21,2023-01-22,Standard Class,Consumer,Maryland City,Maryland,East,Furniture,Chairs,2308.12,2,0.0,556.49
ORD-53420,2021-04-10,2021-04-11,Second Class,Corporate,Wisconsin City,Wisconsin,Central,Technology,Machines,8726.01,5,0.2,3612.69
ORD-53421,2022-12-17,2022-12-23,Standard Class,Home Office,Iowa City,Iowa,Central,Office Supplies,Supplies,8268.29,5,0.1,1945.3
ORD-53422,2023-12-15,2023-12-19,Same Day,Corporate,Connecticut City,Connecticut,East,Office Supplies,Storage,18426.33,9,0.15,3025.01
ORD-53423,2021-03-18,2021-03-21,Standard Class,Corporate,Cleveland,Ohio,Central,Office Supplies,Paper,12422.37,5,0.0,4976.94
ORD-53424,2021-05-02,2021-05-08,First Class,Consumer,North Carolina City,North Carolina,South,Furniture,Tables,2733.0,3,0.0,-318.68
ORD-53425,2020-04-10,2020-04-13,Standard Class,Corporate,Dallas,Texas,Central,Technology,Copiers,6740.93,9,0.0,-1031.81
ORD-53426,2022-09-18,2022-09-25,Same Day,Consumer,Iowa City,Iowa,Central,Technology,Copiers,999.78,1,0.15,365.66
ORD-53427,2023-10-28,2023-11-01,Standard Class,Corporate,Delaware City,Delaware,East,Furniture,Furnishings,9759.21,6,0.0,4095.16
ORD-53428,2020-02-03,2020-02-05,Second Class,Consumer,San Diego,California,West,Technology,Copiers,1114.24,1,0.0,174.57
ORD-53429,2024-11-07,2024-11-13,Standard Class,Consumer,Pittsburgh,Pennsylvania,East,Office Supplies,Envelopes,7337.89,4,0.0,-811.37
ORD-53430,2024-08-12,2024-08-19,Standard Class,Consumer,Cleveland,Ohio,Central,Furniture,Tables,902.99,1,0.5,70.65
ORD-53431,2021-07-27,2021-08-02,Standard Class,Corporate,Arizona City,Arizona,West,Furniture,Furnishings,4893.99,8,0.0,1100.39
ORD-53432,2021-07-04,2021-07-10,Same Day,Corporate,Montana City,Montana,West,Furniture,Furnishings,51.62,1,0.0,-3.26
ORD-53433,2021-10-29,2021-11-05,Standard Class,Corporate,Nevada City,Nevada,West,Technology,Copiers,2311.09,3,0.0,168.22
ORD-53434,2021-11-18,2021-11-22,Second Class,Home Office,Philadelphia,Pennsylvania,East,Office Supplies,Paper,7671.37,5,0.0,1196.68
ORD-53435,2021-09-19,2021-09-20,Standard Class,Home Office,Colorado City,Colorado,West,Technology,Phones,2728.01,8,0.0,-291.47
ORD-53436,2024-12-27,2025-01-01,Second Class,Consumer,Tampa,Florida,South,Office Supplies,Storage,2055.54,1,0.1,903.16
ORD-53437,2020-02-07,2020-02-09,Standard Class,Consumer,Cleveland,Ohio,Central,Technology,Copiers,3129.17,5,0.0,505.56
ORD-53438,2023-09-11,2023-09-15,Standard Class,Corporate,New Mexico City,New Mexico,West,Furniture,Tables,7136.02,6,0.0,3202.57
ORD-53439,2021-09-08,2021-09-10,Second Class,Consumer,Los Angeles,California,West,Technology,Phones,710.19,3,0.0,-66.32
ORD-53440,2023-07-08,2023-07-11,Second Class,Home Office,Massachusetts City,Massachusetts,East,Office Supplies,Art,2979.29,5,0.0,-877.22
ORD-53441,2022-02-10,2022-02-16,Second Class,Home Office,Oregon City,Oregon,West,Technology,Machines,7335.9,4,0.0,600.75
ORD-53442,2020-09-25,2020-09-26,Standard Class,Consumer,Dallas,Texas,Central,Office Supplies,Labels,808.71,3,0.25,117.54
ORD-53443,2020-05-13,2020-05-14,Standard Class,Corporate,New Mexico City,New Mexico,West,Office Supplies,Binders,9963.58,8,0.0,996.78
ORD-53444,2020-04-06,2020-04-11,Standard Class,Consumer,Mississippi City,Mississippi,South,Furniture,Chairs,10512.39,5,0.15,-2682.94
ORD-53445,2020-09-27,2020-10-03,First Class,Corporate,Delaware City,Delaware,East,Furniture,Furnishings,650.28,9,0.0,-119.31
ORD-53446,2021-03-31,2021-04-07,Second Class,Consumer,Idaho City,Idaho,West,Office Supplies,Binders,1367.04,1,0.15,-70.58
ORD-53447,2022-01-09,2022-01-11,Standard Class,Consumer,Philadelphia,Pennsylvania,East,Furniture,Chairs,3609.28,2,0.0,160.84
ORD-53448,2022-03-27,2022-03-28,First Class,Consumer,Arizona City,Arizona,West,Office Supplies,Paper,8861.47,5,0.0,-2003.68
ORD-53449,2021-06-24,2021-06-28,Standard Class,Consumer,Utah City,Utah,West,Furniture,Tables,17459.88,8,0.1,-2442.78
ORD-53450,2020-05-10,2020-05-11,Second Class,Consumer,Massachusetts City,Massachusetts,East,Technology,Copiers,3148.65,4,0.2,1102.87
ORD-53451,2023-06-02,2023-06-06,Standard Class,Consumer,Massachusetts City,Massachusetts,East,Office Supplies,Envelopes,1586.48,2,0.0,216.75
ORD-53452,2021-12-21,2021-12-24,Standard Class,Consumer,Missouri City,Missouri,Central,Technology,Copiers,5986.39,9,0.2,-334.45
ORD-53453,2024-11-02,2024-11-07,First Class,Corporate,Missouri City,Missouri,Central,Furniture,Tables,9886.13,8,0.5,-2689.06
ORD-53454,2021-06-24,2021-06-27,Standard Class,Corporate,Austin,Texas,Central,Technology,Accessories,6192.67,9,0.4,1648.33
ORD-53455,2023-08-30,2023-09-04,Second Class,Consumer,Arkansas City,Arkansas,South,Furniture,Chairs,1956.61,5,0.15,786.67
ORD-53456,2022-03-17,2022-03-21,First Class,Home Office,Massachusetts City,Massachusetts,East,Office Supplies,Binders,5246.45,3,0.0,881.57
ORD-53457,2020-01-18,2020-01-21,First Class,Home Office,New Mexico City,New Mexico,West,Technology,Copiers,1165.46,1,0.0,346.92
ORD-53458,2023-05-07,2023-05-13,Second Class,Consumer,Augusta,Georgia,South,Office Supplies,Storage,15072.36,8,0.0,2668.16
ORD-53459,2022-02-19,2022-02-24,Standard Class,Corporate,Colorado City,Colorado,West,Furniture,Bookcases,1543.74,8,0.0,213.95
ORD-53460,2020-08-09,2020-08-10,Standard Class,Consumer,Alabama City,Alabama,South,Furniture,Furnishings,5617.34,4,0.0,602.48
ORD-53461,2020-01-11,2020-01-16,Standard Class,Corporate,New Mexico City,New Mexico,West,Furniture,Bookcases,2266.34,6,0.0,-211.08
ORD-53462,2024-12-13,2024-12-15,Standard Class,Consumer,Colorado City,Colorado,West,Office Supplies,Storage,1105.6,1,0.1,5.46
ORD-53463,2024-03-03,2024-03-07,Standard Class,Corporate,Oregon City,Oregon,West,Furniture,Tables,6190.49,3,0.0,2595.04
ORD-53464,2021-07-10,2021-07-12,Same Day,Home Office,Rhode Island City,Rhode Island,East,Technology,Accessories,6804.81,3,0.0,-1644.83
ORD-53465,2024-04-27,2024-05-04,First Class,Consumer,South Carolina City,South Carolina,South,Furniture,Furnishings,3772.32,2,0.0,1147.57
ORD-53466,2023-10-01,2023-10-06,Same Day,Consumer,Vermont City,Vermont,East,Office Supplies,Fasteners,2804.81,4,0.3,899.81
ORD-53467,2021-05-18,2021-05-20,First Class,Consumer,Buffalo,New York,East,Furniture,Furnishings,4084.74,8,0.25,1526.85
ORD-53468,2020-11-07,2020-11-09,Standard Class,Consumer,Atlanta,Georgia,South,Office Supplies,Fasteners,8384.04,8,0.0,-309.98
ORD-53469,2024-08-26,2024-08-28,Second Class,Consumer,Maryland City,Maryland,East,Office Supplies,Art,5080.09,9,0.0,981.28
ORD-53470,2023-02-20,2023-02-22,Standard Class,Corporate,Nevada City,Nevada,West,Office Supplies,Storage,4865.95,6,0.0,-451.6
ORD-53471,2021-12-22,2021-12-29,Second Class,Corporate,Vermont City,Vermont,East,Furniture,Chairs,1292.91,1,0.0,273.71
ORD-53472,2024-06-29,2024-07-03,Standard Class,Home Office,Rhode Island City,Rhode Island,East,Office Supplies,Envelopes,8490.92,5,0.0,-2546.22
ORD-53473,2023-07-12,2023-07-18,Same Day,Corporate,Vermont City,Vermont,East,Technology,Accessories,2212.73,1,0.0,186.82
ORD-53474,2020-05-22,2020-05-23,First Class,Corporate,Alabama City,Alabama,South,Furniture,Bookcases,9837.16,7,0.0,1273.88
ORD-53475,2022-01-31,2022-02-01,Standard Class,Corporate,Delaware City,Delaware,East,Technology,Copiers,12989.69,8,0.25,5662.58
ORD-53476,2024-09-22,2024-09-25,Standard Class,Consumer,Chicago,Illinois,Central,Technology,Copiers,876.91,1,0.25,152.45
ORD-53477,2024-06-04,2024-06-10,Standard Class,Consumer,Virginia City,Virginia,East,Furniture,Chairs,223.67,6,0.0,62.09
ORD-53478,2023-12-21,2023-12-28,Standard Class,Home Office,Kentucky City,Kentucky,South,Technology,Machines,254.17,4,0.1,13.79
ORD-53479,2020-12-22,2020-12-29,Standard Class,Consumer,Idaho City,Idaho,West,Technology,Machines,1456.5,6,0.5,459.41
ORD-53480,2020-12-30,2020-12-31,Same Day,Corporate,Kentucky City,Kentucky,South,Furniture,Tables,345.49,2,0.5,16.22
ORD-53481,2023-10-03,2023-10-06,First Class,Corporate,New York City,New York,East,Technology,Accessories,730.13,1,0.1,-197.63
ORD-53482,2023-08-27,2023-08-29,Standard Class,Consumer,Utah City,Utah,West,Office Supplies,Storage,3748.32,9,0.25,1088.9
ORD-53483,2023-08-14,2023-08-17,Standard Class,Consumer,Grand Rapids,Michigan,Central,Office Supplies,Paper,9058.27,6,0.0,-1390.84
ORD-53484,2022-01-06,2022-01-13,Standard Class,Consumer,Alabama City,Alabama,South,Office Supplies,Supplies,1661.88,4,0.0,-66.49
ORD-53485,2023-08-19,2023-08-21,Standard Class,Home Office,Buffalo,New York,East,Furniture,Bookcases,2287.26,2,0.2,-599.68
ORD-53486,2020-10-03,2020-10-04,First Class,Home Office,Albany,New York,East,Office Supplies,Envelopes,3877.44,8,0.1,663.59
ORD-53487,2020-04-13,2020-04-20,Standard Class,Consumer,Virginia City,Virginia,East,Office Supplies,Supplies,11670.03,9,0.0,-1426.95
ORD-53488,2023-12-09,2023-12-16,Standard Class,Corporate,Massachusetts City,Massachusetts,East,Furniture,Furnishings,821.57,9,0.0,226.8
ORD-53489,2024-02-14,2024-02-15,First Class,Consumer,New Mexico City,New Mexico,West,Furniture,Bookcases,909.97,2,0.15,-97.06
ORD-53490,2023-05-16,2023-05-23,Standard Class,Consumer,Montana City,Montana,West,Technology,Phones,2573.26,3,0.25,1087.7
ORD-53491,2024-03-26,2024-04-01,Second Class,Consumer,Rhode Island City,Rhode Island,East,Technology,Machines,2382.52,1,0.0,304.04
ORD-53492,2022-05-02,2022-05-07,Standard Class,Consumer,Minnesota City,Minnesota,Central,Office Supplies,Art,142.58,7,0.0,2.32
ORD-53493,2020-03-02,2020-03-04,First Class,Consumer,Delaware City,Delaware,East,Office Supplies,Supplies,1755.75,4,0.0,446.3
ORD-53494,2023-02-20,2023-02-23,Second Class,Corporate,Vermont City,Vermont,East,Office Supplies,Binders,3659.55,6,0.0,-677.78
ORD-53495,2024-10-21,2024-10-27,Standard Class,Consumer,Nebraska City,Nebraska,Central,Office Supplies,Binders,8803.82,7,0.0,2418.21
ORD-53496,2024-07-23,2024-07-29,Standard Class,Corporate,Cleveland,Ohio,Central,Office Supplies,Storage,4226.67,3,0.0,1025.45
ORD-53497,2024-04-26,2024-05-02,Standard Class,Consumer,Columbus,Ohio,Central,Office Supplies,Storage,11895.26,9,0.0,3319.82
ORD-53498,2022-06-09,2022-06-15,Standard Class,Corporate,Lansing,Michigan,Central,Technology,Copiers,7845.49,9,0.0,-2138.59
ORD-53499,2020-01-11,2020-01-18,Standard Class,Corporate,Arizona City,Arizona,West,Furniture,Chairs,10801.94,9,0.25,-2539.84
ORD-53500,2020-06-12,2020-06-19,First Class,Home Office,Arkansas City,Arkansas,South,Furniture,Chairs,7005.86,4,0.2,489.61
ORD-53501,2020-11-13,2020-11-16,Second Class,Corporate,Wisconsin City,Wisconsin,Central,Technology,Machines,1385.92,1,0.0,354.56
ORD-53502,2021-03-09,2021-03-13,Second Class,Consumer,Missouri City,Missouri,Central,Furniture,Bookcases,381.53,3,0.0,-33.04
ORD-53503,2020-03-28,2020-04-01,Standard Class,Corporate,Connecticut City,Connecticut,East,Technology,Copiers,3411.44,2,0.0,702.67
ORD-53504,2024-01-08,2024-01-13,Standard Class,Corporate,Arkansas City,Arkansas,South,Technology,Accessories,1032.97,2,0.0,382.88
ORD-53505,2021-09-03,2021-09-05,Standard Class,Home Office,Seattle,Washington,West,Office Supplies,Binders,1681.73,8,0.1,650.74
ORD-53506,2021-08-06,2021-08-07,Second Class,Consumer,Connecticut City,Connecticut,East,Furniture,Tables,3678.13,5,0.0,-504.3
ORD-53507,2021-10-30,2021-11-02,Second Class,Consumer,Minnesota City,Minnesota,Central,Office Supplies,Envelopes,855.02,2,0.0,57.95
ORD-53508,2022-09-27,2022-10-01,First Class,Consumer,Mississippi City,Mississippi,South,Technology,Accessories,4778.88,5,0.0,-1421.61
ORD-53509,2020-04-24,2020-04-28,Standard Class,Consumer,Rhode Island City,Rhode Island,East,Office Supplies,Supplies,4092.98,3,0.0,320.54
ORD-53510,2022-01-15,2022-01-21,First Class,Corporate,Utah City,Utah,West,Furniture,Bookcases,3656.1,2,0.0,-727.14
ORD-53511,2020-10-27,2020-11-02,Standard Class,Consumer,Maryland City,Maryland,East,Technology,Phones,1494.17,5,0.1,312.96
ORD-53512,2022-03-11,2022-03-17,Second Class,Consumer,New Jersey City,New Jersey,East,Technology,Copiers,192.5,1,0.0,14.55
ORD-53513,2022-12-31,2023-01-01,Standard Class,Consumer,Alabama City,Alabama,South,Technology,Copiers,6951.98,6,0.2,1340.55
ORD-53514,2023-02-16,2023-02-22,Standard Class,Consumer,Massachusetts City,Massachusetts,East,Technology,Accessories,8676.91,5,0.0,510.97
ORD-53515,2022-03-09,2022-03-16,Second Class,Consumer,Augusta,Georgia,South,Office Supplies,Storage,2813.85,3,0.0,-782.17
ORD-53516,2022-02-23,2022-03-02,Standard Class,Corporate,Iowa City,Iowa,Central,Technology,Accessories,3774.55,5,0.0,-522.66
ORD-53517,2023-08-17,2023-08-19,Standard Class,Consumer,Utah City,Utah,West,Office Supplies,Labels,2731.16,2,0.0,381.89
ORD-53518,2021-04-28,2021-05-02,Second Class,Consumer,Delaware City,Delaware,East,Furniture,Tables,3707.63,9,0.0,-1085.22
ORD-53519,2020-12-17,2020-12-20,Standard Class,Consumer,Montana City,Montana,West,Office Supplies,Fasteners,5685.13,8,0.1,-1418.43
ORD-53520,2023-08-15,2023-08-19,Standard Class,Corporate,Philadelphia,Pennsylvania,East,Technology,Accessories,2315.69,3,0.0,-154.92
ORD-53521,2024-06-08,2024-06-11,Standard Class,Corporate,Seattle,Washington,West,Technology,Machines,1575.62,3,0.0,508.63
ORD-53522,2020-11-25,2020-11-30,Second Class,Consumer,Arizona City,Arizona,West,Technology,Phones,6675.44,6,0.1,1944.74
ORD-53523,2024-04-30,2024-05-02,Second Class,Consumer,Oregon City,Oregon,West,Technology,Accessories,8517.78,6,0.0,-653.54
ORD-53524,2022-04-12,2022-04-15,Standard Class,Consumer,Connecticut City,Connecticut,East,Technology,Phones,3422.56,2,0.2,-381.73
ORD-53525,2021-03-03,2021-03-06,Standard Class,Consumer,Dallas,Texas,Central,Technology,Copiers,1566.65,1,0.0,672.32
ORD-53526,2020-05-08,2020-05-10,Second Class,Consumer,Virginia City,Virginia,East,Furniture,Chairs,1332.6,3,0.2,17.47
ORD-53527,2023-07-13,2023-07-16,Standard Class,Consumer,Atlanta,Georgia,South,Office Supplies,Supplies,5249.47,4,0.0,1529.64
ORD-53528,2022-04-11,2022-04-16,Standard Class,Consumer,Nevada City,Nevada,West,Furniture,Chairs,441.38,3,0.4,-45.75
ORD-53529,2022-05-01,2022-05-06,Standard Class,Consumer,South Carolina City,South Carolina,South,Furniture,Furnishings,21404.15,9,0.0,414.73
ORD-53530,2023-02-24,2023-03-01,Second Class,Corporate,Vermont City,Vermont,East,Technology,Machines,3250.53,8,0.5,-961.67
ORD-53531,2021-11-18,2021-11-19,Second Class,Consumer,Tennessee City,Tennessee,South,Furniture,Tables,2234.59,1,0.1,-357.76
ORD-53532,2024-08-02,2024-08-07,Same Day,Home Office,Iowa City,Iowa,Central,Office Supplies,Fasteners,1141.01,3,0.25,-93.43
ORD-53533,2023-12-30,2024-01-02,First Class,Consumer,Idaho City,Idaho,West,Furniture,Furnishings,2017.48,6,0.0,616.52
ORD-53534,2020-03-25,2020-03-27,Standard Class,Consumer,Nebraska City,Nebraska,Central,Furniture,Bookcases,3249.18,5,0.1,-517.35
ORD-53535,2022-08-09,2022-08-10,Standard Class,Corporate,Colorado City,Colorado,West,Office Supplies,Paper,6539.72,3,0.1,245.47
ORD-53536,2022-07-03,2022-07-05,Second Class,Home Office,South Carolina City,South Carolina,South,Furniture,Furnishings,3166.35,8,0.0,-595.27
ORD-53537,2024-04-22,2024-04-23,Standard Class,Consumer,Nevada City,Nevada,West,Furniture,Bookcases,861.51,5,0.4,68.79
ORD-53538,2023-11-15,2023-11-16,Standard Class,Home Office,Mississippi City,Mississippi,South,Furniture,Furnishings,6487.71,4,0.0,2306.09
ORD-53539,2022-11-11,2022-11-15,Second Class,Corporate,Springfield,Illinois,Central,Technology,Machines,2733.05,2,0.0,561.98
ORD-53540,2024-03-30,2024-04-06,Standard Class,Consumer,Montana City,Montana,West,Office Supplies,Supplies,3047.22,5,0.1,-277.77
ORD-53541,2022-02-06,2022-02-12,Standard Class,Corporate,Mississippi City,Mississippi,South,Office Supplies,Storage,1832.71,2,0.25,-442.54
ORD-53542,2021-09-25,2021-09-27,Standard Class,Consumer,Cleveland,Ohio,Central,Office Supplies,Paper,2045.73,1,0.0,463.88
ORD-53543,2024-10-28,2024-11-02,Standard Class,Corporate,Vermont City,Vermont,East,Technology,Machines,10013.11,7,0.1,-750.83
ORD-53544,2021-01-01,2021-01-02,First Class,Consumer,Spokane,Washington,West,Furniture,Bookcases,2271.2,2,0.4,27.39
ORD-53545,2024-06-28,2024-06-29,Standard Class,Corporate,Pittsburgh,Pennsylvania,East,Technology,Phones,11470.59,6,0.0,1969.11
ORD-53546,2023-04-02,2023-04-09,Standard Class,Home Office,Kentucky City,Kentucky,South,Office Supplies,Art,5334.48,4,0.2,-954.73
ORD-53547,2023-10-27,2023-10-28,First Class,Consumer,Nebraska City,Nebraska,Central,Technology,Copiers,13097.01,6,0.0,-2004.36
ORD-53548,2024-07-04,2024-07-08,Standard Class,Consumer,Nebraska City,Nebraska,Central,Technology,Phones,1969.57,6,0.0,613.65
ORD-53549,2020-03-03,2020-03-06,Standard Class,Corporate,Rhode Island City,Rhode Island,East,Furniture,Chairs,4244.4,3,0.0,1428.76
ORD-53550,2021-05-13,2021-05-18,Same Day,Consumer,Arkansas City,Arkansas,South,Technology,Machines,4716.45,2,0.0,-725.27
ORD-53551,2024-09-02,2024-09-07,Same Day,Consumer,New Mexico City,New Mexico,West,Office Supplies,Art,1542.59,5,0.0,-407.82
ORD-53552,2022-12-25,2022-12-28,Standard Class,Corporate,New Jersey City,New Jersey,East,Furniture,Chairs,4560.4,5,0.0,-664.28
ORD-53553,2023-08-08,2023-08-12,First Class,Consumer,Grand Rapids,Michigan,Central,Office Supplies,Storage,7177.9,4,0.15,50.79
ORD-53554,2024-03-19,2024-03-20,Standard Class,Consumer,New Mexico City,New Mexico,West,Furniture,Tables,1430.84,2,0.0,4.94
ORD-53555,2022-10-16,2022-10-18,Standard Class,Home Office,Cleveland,Ohio,Central,Furniture,Chairs,470.71,7,0.0,-5.12
ORD-53556,2021-04-20,2021-04-24,Standard Class,Home Office,Pittsburgh,Pennsylvania,East,Office Supplies,Fasteners,3350.2,3,0.0,1064.05
ORD-53557,2020-11-19,2020-11-21,Standard Class,Consumer,Connecticut City,Connecticut,East,Technology,Copiers,8293.55,8,0.0,467.61
ORD-53558,2024-12-22,2024-12-25,Same Day,Consumer,San Antonio,Texas,Central,Office Supplies,Storage,11517.88,7,0.0,-3281.54
ORD-53559,2022-11-06,2022-11-11,Second Class,Home Office,Dallas,Texas,Central,Furniture,Chairs,5384.74,3,0.0,-544.34
ORD-53560,2024-06-10,2024-06-12,Standard Class,Home Office,Philadelphia,Pennsylvania,East,Office Supplies,Binders,864.18,3,0.2,-51.25
ORD-53561,2020-08-15,2020-08-21,Second Class,Consumer,Lansing,Michigan,Central,Office Supplies,Binders,7803.25,6,0.0,-2126.6
ORD-53562,2023-04-19,2023-04-25,Standard Class,Consumer,Savannah,Georgia,South,Office Supplies,Binders,1141.84,5,0.0,49.23
ORD-53563,2022-10-25,2022-10-30,Standard Class,Consumer,Orlando,Florida,South,Technology,Copiers,1171.04,1,0.0,-109.57
ORD-53564,2020-06-29,2020-07-03,Second Class,Consumer,Louisiana City,Louisiana,South,Furniture,Furnishings,12046.36,7,0.3,-2824.25
ORD-53565,2023-12-22,2023-12-23,First Class,Corporate,Virginia City,Virginia,East,Office Supplies,Labels,6930.67,5,0.0,-616.13
ORD-53566,2024-03-08,2024-03-11,Standard Class,Corporate,Maryland City,Maryland,East,Furniture,Tables,7047.9,4,0.0,2715.96
ORD-53567,2022-08-03,2022-08-10,Second Class,Consumer,Delaware City,Delaware,East,Office Supplies,Supplies,7470.37,4,0.0,-353.89
ORD-53568,2024-05-19,2024-05-26,Standard Class,Corporate,Colorado City,Colorado,West,Office Supplies,Paper,616.56,2,0.0,90.46
ORD-53569,2022-03-08,2022-03-09,Standard Class,Consumer,Idaho City,Idaho,West,Furniture,Chairs,1809.68,1,0.0,-467.65
ORD-53570,2020-03-21,2020-03-26,Standard Class,Corporate,Chicago,Illinois,Central,Furniture,Bookcases,10623.84,5,0.0,-838.46
ORD-53571,2024-03-20,2024-03-24,Standard Class,Corporate,Cincinnati,Ohio,Central,Office Supplies,Envelopes,473.03,2,0.5,147.36
ORD-53572,2023-03-11,2023-03-17,Standard Class,Consumer,Kentucky City,Kentucky,South,Technology,Machines,7070.89,7,0.0,2801.75
ORD-53573,2021-06-30,2021-07-04,First Class,Corporate,Idaho City,Idaho,West,Office Supplies,Fasteners,4246.83,6,0.15,1160.39
ORD-53574,2022-01-31,2022-02-02,Second Class,Consumer,Nevada City,Nevada,West,Office Supplies,Supplies,2984.72,4,0.15,754.84
ORD-53575,2020-01-31,2020-02-04,Standard Class,Home Office,Kentucky City,Kentucky,South,Technology,Phones,2792.23,3,0.25,-510.65
ORD-53576,2022-02-27,2022-03-01,Standard Class,Consumer,North Carolina City,North Carolina,South,Furniture,Tables,6890.02,7,0.0,-279.68
ORD-53577,2020-05-31,2020-06-05,Standard Class,Consumer,Tennessee City,Tennessee,South,Furniture,Chairs,328.34,4,0.0,84.51
ORD-53578,2024-05-01,2024-05-03,Standard Class,Home Office,Iowa City,Iowa,Central,Office Supplies,Art,14794.56,8,0.0,-1159.58
ORD-53579,2024-12-28,2024-12-30,Standard Class,Corporate,Wisconsin City,Wisconsin,Central,Furniture,Bookcases,7737.13,5,0.1,-2076.58
ORD-53580,2024-02-10,2024-02-14,Second Class,Consumer,South Carolina City,South Carolina,South,Office Supplies,Supplies,4517.33,6,0.4,80.4
ORD-53581,2022-04-06,2022-04-13,Second Class,Home Office,Savannah,Georgia,South,Office Supplies,Art,505.73,3,0.0,-79.14
ORD-53582,2021-08-06,2021-08-13,Second Class,Consumer,New Jersey City,New Jersey,East,Office Supplies,Paper,1571.91,6,0.0,105.78
ORD-53583,2020-12-08,2020-12-10,Standard Class,Consumer,Arizona City,Arizona,West,Furniture,Bookcases,888.93,2,0.0,37.73
ORD-53584,2021-03-04,2021-03-11,Standard Class,Home Office,Kentucky City,Kentucky,South,Technology,Accessories,8339.24,5,0.25,2728.46
ORD-53585,2022-06-01,2022-06-04,Standard Class,Home Office,Montana City,Montana,West,Technology,Phones,2413.69,2,0.0,171.58
ORD-53586,2021-12-26,2021-12-27,Standard Class,Corporate,Nebraska City,Nebraska,Central,Furniture,Bookcases,674.66,9,0.0,89.96
ORD-53587,2024-07-13,2024-07-15,Standard Class,Consumer,Wisconsin City,Wisconsin,Central,Office Supplies,Supplies,12397.17,5,0.0,-2362.04
ORD-53588,2020-10-09,2020-10-13,Standard Class,Consumer,Virginia City,Virginia,East,Office Supplies,Paper,6299.38,7,0.0,-303.07
ORD-53589,2021-06-02,2021-06-06,First Class,Consumer,Nebraska City,Nebraska,Central,Technology,Copiers,9492.76,6,0.25,1644.58
ORD-53590,2024-01-14,2024-01-16,First Class,Corporate,San Antonio,Texas,Central,Technology,Accessories,12439.86,8,0.0,3450.23
ORD-53591,2023-12-15,2023-12-18,First Class,Home Office,Springfield,Illinois,Central,Office Supplies,Paper,4689.1,4,0.15,-1084.29
ORD-53592,2020-05-31,2020-06-02,Standard Class,Home Office,Kansas City,Kansas,Central,Furniture,Tables,4392.58,2,0.0,-966.61
ORD-53593,2021-05-08,2021-05-15,Second Class,Corporate,New Mexico City,New Mexico,West,Technology,Phones,19567.62,8,0.0,707.57
ORD-53594,2024-04-28,2024-05-02,Same Day,Home Office,Kentucky City,Kentucky,South,Furniture,Chairs,3163.89,3,0.0,725.94
ORD-53595,2023-02-06,2023-02-08,Same Day,Consumer,Seattle,Washington,West,Office Supplies,Envelopes,8956.28,5,0.1,3981.54
ORD-53596,2023-10-22,2023-10-28,Second Class,Home Office,Arizona City,Arizona,West,Office Supplies,Binders,828.01,5,0.0,244.6
ORD-53597,2023-10-29,2023-10-31,Standard Class,Corporate,Alabama City,Alabama,South,Furniture,Chairs,13165.29,6,0.0,-1298.8
ORD-53598,2021-10-08,2021-10-13,Same Day,Consumer,Utah City,Utah,West,Office Supplies,Paper,5179.18,3,0.2,695.71
ORD-53599,2020-11-14,2020-11-21,Standard Class,Consumer,New Mexico City,New Mexico,West,Office Supplies,Paper,9611.25,5,0.1,1427.97
ORD-53600,2024-06-08,2024-06-15,Standard Class,Consumer,Arkansas City,Arkansas,South,Technology,Copiers,7233.8,4,0.15,1483.81
ORD-53601,2021-03-18,2021-03-20,Second Class,Corporate,Houston,Texas,Central,Furniture,Furnishings,487.97,1,0.3,167.55
ORD-53602,2024-06-26,2024-07-01,First Class,Corporate,Oregon City,Oregon,West,Office Supplies,Paper,323.8,5,0.0,56.87
ORD-53603,2024-12-11,2024-12-17,Standard Class,Consumer,Kentucky City,Kentucky,South,Furniture,Furnishings,12210.79,8,0.0,816.01
ORD-53604,2022-03-26,2022-03-27,Standard Class,Corporate,Nebraska City,Nebraska,Central,Office Supplies,Art,16784.35,9,0.0,-3403.92
ORD-53605,2022-11-16,2022-11-17,Standard Class,Consumer,Buffalo,New York,East,Furniture,Furnishings,8090.71,4,0.0,3115.6
ORD-53606,2024-10-18,2024-10-25,Standard Class,Consumer,Colorado City,Colorado,West,Technology,Accessories,2993.71,7,0.3,-772.4
ORD-53607,2024-02-27,2024-03-02,Standard Class,Home Office,Idaho City,Idaho,West,Furniture,Tables,7419.5,5,0.0,938.83
ORD-53608,2020-04-16,2020-04-21,Standard Class,Home Office,Idaho City,Idaho,West,Office Supplies,Labels,2574.96,3,0.0,736.35
ORD-53609,2024-09-13,2024-09-15,First Class,Home Office,Savannah,Georgia,South,Office Supplies,Supplies,3949.26,6,0.0,-1125.45
ORD-53610,2020-01-31,2020-02-02,Second Class,Corporate,Vermont City,Vermont,East,Office Supplies,Binders,329.2,3,0.15,-23.02
ORD-53611,2021-11-10,2021-11-13,Standard Class,Consumer,Utah City,Utah,West,Technology,Machines,165.64,3,0.3,-7.23
ORD-53612,2022-10-20,2022-10-27,Standard Class,Corporate,Mississippi City,Mississippi,South,Office Supplies,Envelopes,11771.92,6,0.0,2493.77
ORD-53613,2020-04-17,2020-04-20,Standard Class,Corporate,Grand Rapids,Michigan,Central,Furniture,Bookcases,6786.26,6,0.1,469.27
ORD-53614,2020-01-19,2020-01-26,Same Day,Corporate,Tennessee City,Tennessee,South,Office Supplies,Storage,1877.35,3,0.3,-433.43
ORD-53615,2021-03-28,2021-03-31,Standard Class,Consumer,Kentucky City,Kentucky,South,Technology,Copiers,2861.34,2,0.25,-286.75
ORD-53616,2022-08-03,2022-08-04,Standard Class,Corporate,Delaware City,Delaware,East,Office Supplies,Binders,9946.6,4,0.0,1581.98
ORD-53617,2024-08-17,2024-08-21,Standard Class,Consumer,Buffalo,New York,East,Office Supplies,Binders,1237.87,5,0.25,-362.52
ORD-53618,2022-02-23,2022-02-26,Second Class,Corporate,Nevada City,Nevada,West,Office Supplies,Envelopes,1500.96,3,0.0,255.28
ORD-53619,2024-03-14,2024-03-18,Standard Class,Consumer,Utah City,Utah,West,Technology,Copiers,9784.9,7,0.0,1958.72
ORD-53620,2020-10-01,2020-10-08,First Class,Consumer,Kansas City,Kansas,Central,Furniture,Chairs,2729.88,3,0.0,-328.23
ORD-53621,2021-09-02,2021-09-09,Standard Class,Consumer,San Francisco,California,West,Office Supplies,Labels,5334.74,6,0.25,-37.03
ORD-53622,2021-04-25,2021-04-29,Standard Class,Home Office,Atlanta,Georgia,South,Technology,Phones,3189.4,3,0.4,481.63
ORD-53623,2020-08-06,2020-08-11,Second Class,Consumer,Sacramento,California,West,Furniture,Furnishings,1696.08,1,0.0,389.09
ORD-53624,2021-09-19,2021-09-24,Second Class,Consumer,Oregon City,Oregon,West,Office Supplies,Paper,1404.5,1,0.2,-250.37
ORD-53625,2024-06-27,2024-06-29,Second Class,Corporate,Vermont City,Vermont,East,Technology,Machines,13597.86,8,0.0,4456.28
ORD-53626,2021-01-18,2021-01-21,Standard Class,Home Office,Oregon City,Oregon,West,Furniture,Furnishings,10263.46,6,0.0,4174.37
ORD-53627,2022-08-25,2022-08-29,Second Class,Corporate,Colorado City,Colorado,West,Technology,Copiers,2166.95,1,0.0,524.82
ORD-53628,2023-07-19,2023-07-26,Second Class,Consumer,Lansing,Michigan,Central,Furniture,Chairs,4348.95,4,0.0,740.06
ORD-53629,2021-01-16,2021-01-19,First Class,Corporate,Detroit,Michigan,Central,Furniture,Bookcases,2564.05,3,0.15,660.7
ORD-53630,2023-07-29,2023-08-03,Second Class,Consumer,Vermont City,Vermont,East,Furniture,Furnishings,3328.32,8,0.1,1409.84
ORD-53631,2024-12-16,2024-12-18,Second Class,Corporate,Virginia City,Virginia,East,Technology,Machines,12951.44,6,0.0,-3174.81
ORD-53632,2021-04-14,2021-04-16,Standard Class,Corporate,Utah City,Utah,West,Furniture,Tables,7343.85,8,0.0,-980.38
ORD-53633,2023-05-10,2023-05-15,Standard Class,Consumer,Oregon City,Oregon,West,Office Supplies,Envelopes,11790.14,9,0.1,739.93
ORD-53634,2024-06-14,2024-06-16,First Class,Corporate,Colorado City,Colorado,West,Office Supplies,Storage,4879.91,4,0.0,2077.26
ORD-53635,2020-12-12,2020-12-13,Second Class,Consumer,Houston,Texas,Central,Office Supplies,Supplies,9517.5,6,0.2,3872.64
ORD-53636,2021-08-06,2021-08-09,First Class,Corporate,Missouri City,Missouri,Central,Office Supplies,Fasteners,8728.04,8,0.0,2322.25
ORD-53637,2023-02-04,2023-02-10,Standard Class,Consumer,Massachusetts City,Massachusetts,East,Technology,Machines,7112.64,4,0.0,-729.73
ORD-53638,2021-04-03,2021-04-08,Standard Class,Corporate,Louisiana City,Louisiana,South,Furniture,Bookcases,9869.77,7,0.0,3577.7
ORD-53639,2022-02-02,2022-02-03,Second Class,Consumer,Tennessee City,Tennessee,South,Office Supplies,Labels,5138.81,6,0.25,1451.3
ORD-53640,2024-08-20,2024-08-25,Same Day,Consumer,Idaho City,Idaho,West,Technology,Accessories,7271.71,4,0.2,2508.83
ORD-53641,2022-08-12,2022-08-14,Standard Class,Consumer,Louisiana City,Louisiana,South,Technology,Copiers,2267.29,9,0.15,639.29
ORD-53642,2020-08-30,2020-09-06,Second Class,Corporate,Augusta,Georgia,South,Technology,Phones,8171.83,8,0.0,3618.13
ORD-53643,2023-12-04,2023-12-07,Standard Class,Consumer,Delaware City,Delaware,East,Furniture,Tables,1327.2,1,0.1,371.43
ORD-53644,2020-12-02,2020-12-09,First Class,Corporate,Delaware City,Delaware,East,Office Supplies,Paper,7985.32,8,0.15,468.78
ORD-53645,2022-03-20,2022-03-25,Standard Class,Consumer,Dallas,Texas,Central,Technology,Machines,3891.92,9,0.0,-44.68
ORD-53646,2023-05-09,2023-05-11,Second Class,Consumer,Oregon City,Oregon,West,Technology,Accessories,14906.82,7,0.0,2832.26
ORD-53647,2021-04-07,2021-04-08,Second Class,Consumer,Minnesota City,Minnesota,Central,Office Supplies,Envelopes,5285.94,9,0.0,-491.05
ORD-53648,2024-05-25,2024-05-27,First Class,Consumer,New Mexico City,New Mexico,West,Furniture,Chairs,1800.63,1,0.0,-413.18
ORD-53649,2023-06-17,2023-06-20,Standard Class,Corporate,New Mexico City,New Mexico,West,Office Supplies,Labels,10328.06,6,0.0,3750.69
ORD-53650,2020-12-25,2020-12-31,Standard Class,Consumer,New Jersey City,New Jersey,East,Office Supplies,Supplies,7216.24,3,0.0,1002.86
ORD-53651,2021-01-29,2021-01-31,Standard Class,Corporate,Maryland City,Maryland,East,Technology,Phones,15856.67,7,0.0,5384.97
ORD-53652,2022-02-16,2022-02-21,Second Class,Consumer,Dallas,Texas,Central,Furniture,Bookcases,3538.41,6,0.0,1206.35
ORD-53653,2024-07-16,2024-07-17,Standard Class,Corporate,Wisconsin City,Wisconsin,Central,Technology,Machines,3802.71,7,0.0,1371.05
ORD-53654,2024-04-20,2024-04-26,Same Day,Corporate,Massachusetts City,Massachusetts,East,Technology,Machines,238.48,1,0.0,-6.86
ORD-53655,2022-08-10,2022-08-12,First Class,Corporate,North Carolina City,North Carolina,South,Furniture,Tables,5454.7,7,0.0,-237.99
ORD-53656,2021-09-17,2021-09-24,Standard Class,Consumer,San Diego,California,West,Office Supplies,Storage,1590.23,1,0.2,612.5
ORD-53657,2023-03-18,2023-03-23,Standard Class,Corporate,Virginia City,Virginia,East,Office Supplies,Paper,11396.73,6,0.0,-1183.52
ORD-53658,2023-03-25,2023-03-31,Same Day,Corporate,Virginia City,Virginia,East,Furniture,Bookcases,1690.35,8,0.0,559.62
ORD-53659,2024-03-04,2024-03-07,First Class,Corporate,Nebraska City,Nebraska,Central,Furniture,Chairs,7441.75,3,0.0,1997.16
ORD-53660,2020-12-27,2021-01-02,Standard Class,Consumer,Connecticut City,Connecticut,East,Technology,Copiers,4407.27,4,0.0,-1108.78
ORD-53661,2022-12-24,2022-12-31,Standard Class,Corporate,San Antonio,Texas,Central,Office Supplies,Labels,759.88,1,0.2,62.12
ORD-53662,2022-06-03,2022-06-05,First Class,Consumer,Vermont City,Vermont,East,Furniture,Bookcases,489.28,6,0.0,-69.43
ORD-53663,2022-04-13,2022-04-15,Standard Class,Home Office,New Jersey City,New Jersey,East,Technology,Machines,1860.34,3,0.0,298.1
ORD-53664,2020-08-08,2020-08-12,Second Class,Consumer,Albany,New York,East,Office Supplies,Fasteners,2167.49,1,0.0,261.42
ORD-53665,2024-01-08,2024-01-12,Second Class,Corporate,Atlanta,Georgia,South,Furniture,Chairs,14227.58,7,0.1,-2128.53
ORD-53666,2020-01-26,2020-02-02,Second Class,Corporate,North Carolina City,North Carolina,South,Office Supplies,Art,12498.43,7,0.0,5523.29
ORD-53667,2023-02-17,2023-02-23,Standard Class,Consumer,North Carolina City,North Carolina,South,Technology,Phones,9826.9,8,0.2,874.86
ORD-53668,2022-07-28,2022-08-02,Standard Class,Consumer,Utah City,Utah,West,Office Supplies,Supplies,7201.58,9,0.0,-351.29
ORD-53669,2020-02-19,2020-02-22,Standard Class,Consumer,Tennessee City,Tennessee,South,Technology,Phones,474.36,6,0.1,144.54
ORD-53670,2021-06-20,2021-06-26,First Class,Consumer,Buffalo,New York,East,Office Supplies,Envelopes,12270.7,7,0.0,508.37
ORD-53671,2024-06-01,2024-06-08,Standard Class,Consumer,Tampa,Florida,South,Technology,Machines,6203.98,4,0.2,1629.88
ORD-53672,2024-11-12,2024-11-17,Standard Class,Home Office,Cleveland,Ohio,Central,Office Supplies,Storage,304.34,6,0.15,-48.6
ORD-53673,2023-01-20,2023-01-22,Standard Class,Consumer,Massachusetts City,Massachusetts,East,Furniture,Bookcases,9909.4,9,0.0,3882.36
ORD-53674,2021-06-21,2021-06-27,Standard Class,Consumer,Louisiana City,Louisiana,South,Technology,Machines,1801.29,4,0.1,457.78
ORD-53675,2022-08-25,2022-08-29,Standard Class,Consumer,Idaho City,Idaho,West,Technology,Copiers,9684.27,8,0.0,2560.77
ORD-53676,2023-10-08,2023-10-12,Standard Class,Consumer,San Francisco,California,West,Furniture,Chairs,92.33,6,0.25,25.74
ORD-53677,2023-05-31,2023-06-07,Standard Class,Corporate,Virginia City,Virginia,East,Furniture,Chairs,486.71,2,0.0,146.13
ORD-53678,2020-10-02,2020-10-03,Standard Class,Consumer,Missouri City,Missouri,Central,Furniture,Furnishings,3176.56,7,0.0,205.3
ORD-53679,2024-12-20,2024-12-27,Standard Class,Consumer,Mississippi City,Mississippi,South,Furniture,Furnishings,9055.3,6,0.0,-242.28
ORD-53680,2022-02-05,2022-02-11,Standard Class,Home Office,Orlando,Florida,South,Furniture,Chairs,1000.59,1,0.3,220.58
ORD-53681,2020-03-07,2020-03-14,Standard Class,Consumer,Cincinnati,Ohio,Central,Office Supplies,Paper,17985.9,8,0.0,4471.33
ORD-53682,2021-07-12,2021-07-18,First Class,Consumer,Massachusetts City,Massachusetts,East,Furniture,Tables,4170.97,3,0.15,-816.11
ORD-53683,2024-06-23,2024-06-28,Standard Class,Consumer,Maryland City,Maryland,East,Technology,Accessories,12615.3,7,0.0,-889.49
ORD-53684,2020-09-27,2020-09-28,Second Class,Home Office,South Carolina City,South Carolina,South,Technology,Accessories,1766.66,2,0.5,481.72
ORD-53685,2020-03-07,2020-03-14,First Class,Home Office,Tennessee City,Tennessee,South,Office Supplies,Envelopes,8436.96,8,0.0,-1436.05
ORD-53686,2024-10-28,2024-11-04,Standard Class,Home Office,Colorado City,Colorado,West,Technology,Copiers,1487.24,4,0.0,292.12
ORD-53687,2020-01-18,2020-01-23,Same Day,Consumer,Vermont City,Vermont,East,Furniture,Chairs,2099.05,6,0.0,131.78
ORD-53688,2022-12-25,2022-12-26,Standard Class,Corporate,Albany,New York,East,Technology,Copiers,1344.76,2,0.0,602.03
ORD-53689,2021-04-29,2021-05-02,Standard Class,Home Office,New Jersey City,New Jersey,East,Technology,Phones,1434.49,6,0.0,-132.14
ORD-53690,2022-03-26,2022-03-27,Standard Class,Consumer,Maryland City,Maryland,East,Office Supplies,Storage,14431.16,9,0.0,381.24
ORD-53691,2024-09-13,2024-09-20,Standard Class,Corporate,Nebraska City,Nebraska,Central,Technology,Phones,868.5,1,0.0,259.89
ORD-53692,2022-02-05,2022-02-10,Standard Class,Corporate,Sacramento,California,West,Technology,Accessories,2280.01,6,0.15,341.9
ORD-53693,2022-03-13,2022-03-17,Second Class,Corporate,Oregon City,Oregon,West,Furniture,Chairs,20469.73,9,0.0,-57.06
ORD-53694,2024-12-22,2024-12-24,Standard Class,Corporate,San Antonio,Texas,Central,Office Supplies,Supplies,13533.1,9,0.2,-1517.74
ORD-53695,2023-01-03,2023-01-08,First Class,Home Office,Utah City,Utah,West,Office Supplies,Labels,907.8,1,0.0,333.78
ORD-53696,2024-11-05,2024-11-12,Standard Class,Consumer,Connecticut City,Connecticut,East,Furniture,Furnishings,5660.74,3,0.0,-66.83
ORD-53697,2022-03-10,2022-03-15,Second Class,Home Office,Arizona City,Arizona,West,Furniture,Bookcases,11584.41,6,0.0,429.53
ORD-53698,2023-07-29,2023-08-02,Standard Class,Corporate,New Mexico City,New Mexico,West,Office Supplies,Fasteners,4441.38,3,0.1,373.56
ORD-53699,2022-07-19,2022-07-26,Same Day,Corporate,Maryland City,Maryland,East,Furniture,Chairs,3753.23,4,0.0,12.53
ORD-53700,2020-01-22,2020-01-26,Standard Class,Consumer,Alabama City,Alabama,South,Technology,Accessories,292.55,1,0.0,-69.7
ORD-53701,2022-01-19,2022-01-26,Second Class,Consumer,Utah City,Utah,West,Office Supplies,Supplies,5400.64,6,0.5,2207.0
ORD-53702,2022-09-10,2022-09-15,Same Day,Consumer,Miami,Florida,South,Office Supplies,Storage,13612.91,8,0.0,4161.46
ORD-53703,2020-01-14,2020-01-21,Second Class,Consumer,Idaho City,Idaho,West,Office Supplies,Envelopes,7824.29,4,0.0,-103.51
ORD-53704,2024-06-14,2024-06-17,Standard Class,Consumer,Pittsburgh,Pennsylvania,East,Technology,Machines,1760.48,6,0.3,-25.99
ORD-53705,2021-06-02,2021-06-04,First Class,Consumer,South Carolina City,South Carolina,South,Furniture,Bookcases,636.02,1,0.4,268.68
ORD-53706,2021-04-10,2021-04-14,Standard Class,Home Office,Wisconsin City,Wisconsin,Central,Technology,Copiers,6376.11,7,0.15,-1026.61
ORD-53707,2021-03-15,2021-03-16,Standard Class,Consumer,Louisiana City,Louisiana,South,Technology,Copiers,635.67,1,0.0,99.33
ORD-53708,2024-12-20,2024-12-25,Second Class,Consumer,Rhode Island City,Rhode Island,East,Office Supplies,Fasteners,7205.37,8,0.0,1255.95
ORD-53709,2023-06-10,2023-06-11,Same Day,Home Office,Detroit,Michigan,Central,Technology,Phones,1514.53,6,0.3,643.39
ORD-53710,2021-07-21,2021-07-28,Standard Class,Corporate,Detroit,Michigan,Central,Technology,Accessories,2693.12,8,0.0,-453.79
ORD-53711,2023-10-28,2023-11-02,Standard Class,Home Office,New York City,New York,East,Furniture,Tables,2882.54,3,0.3,-807.62
ORD-53712,2020-12-22,2020-12-28,First Class,Corporate,Oregon City,Oregon,West,Furniture,Bookcases,861.69,1,0.0,47.95
ORD-53713,2020-08-13,2020-08-18,Standard Class,Corporate,Austin,Texas,Central,Technology,Accessories,16944.59,8,0.0,-3356.16
ORD-53714,2022-11-17,2022-11-18,Standard Class,Corporate,Virginia City,Virginia,East,Office Supplies,Labels,1972.52,8,0.0,424.07
ORD-53715,2021-01-21,2021-01-22,Second Class,Consumer,Delaware City,Delaware,East,Technology,Phones,3726.36,4,0.0,-46.44
ORD-53716,2021-12-04,2021-12-07,Standard Class,Consumer,Oregon City,Oregon,West,Technology,Copiers,1121.21,2,0.0,265.64
ORD-53717,2024-08-22,2024-08-25,Same Day,Consumer,Utah City,Utah,West,Furniture,Tables,5823.52,3,0.0,1574.9
ORD-53718,2024-10-19,2024-10-21,Standard Class,Corporate,Vermont City,Vermont,East,Office Supplies,Supplies,3888.89,7,0.25,565.55
ORD-53719,2020-11-17,2020-11-20,Standard Class,Consumer,Massachusetts City,Massachusetts,East,Furniture,Tables,12376.89,8,0.2,4709.16
ORD-53720,2023-12-15,2023-12-18,First Class,Consumer,Idaho City,Idaho,West,Furniture,Chairs,1092.67,6,0.0,173.59
ORD-53721,2021-05-06,2021-05-10,Standard Class,Corporate,New Mexico City,New Mexico,West,Furniture,Bookcases,12264.98,8,0.25,-211.21
ORD-53722,2020-07-11,2020-07-14,Second Class,Home Office,Nevada City,Nevada,West,Furniture,Bookcases,2390.23,1,0.0,200.21
ORD-53723,2024-03-07,2024-03-14,Second Class,Corporate,Miami,Florida,South,Office Supplies,Envelopes,2428.92,3,0.0,626.52
ORD-53724,2024-01-06,2024-01-08,Standard Class,Corporate,Nebraska City,Nebraska,Central,Furniture,Furnishings,6512.89,7,0.15,2888.47
ORD-53725,2020-12-06,2020-12-11,Standard Class,Consumer,Wisconsin City,Wisconsin,Central,Technology,Phones,196.81,7,0.0,80.94
ORD-53726,2022-08-12,2022-08-14,Second Class,Consumer,Nebraska City,Nebraska,Central,Furniture,Tables,1584.77,1,0.0,681.77
ORD-53727,2020-07-07,2020-07-14,First Class,Home Office,Philadelphia,Pennsylvania,East,Furniture,Tables,6038.48,7,0.0,1335.28
ORD-53728,2024-08-20,2024-08-25,Standard Class,Consumer,Kansas City,Kansas,Central,Furniture,Furnishings,7356.7,9,0.0,2488.69
ORD-53729,2021-05-13,2021-05-18,Second Class,Consumer,Dallas,Texas,Central,Office Supplies,Binders,4405.27,4,0.0,-997.28
ORD-53730,2022-07-11,2022-07-13,Standard Class,Consumer,Delaware City,Delaware,East,Furniture,Chairs,5019.5,3,0.0,1742.04
ORD-53731,2022-01-05,2022-01-12,First Class,Corporate,Kentucky City,Kentucky,South,Furniture,Bookcases,3847.6,6,0.0,-121.93
ORD-53732,2020-09-28,2020-10-03,Second Class,Consumer,Tampa,Florida,South,Technology,Phones,6497.07,8,0.5,-724.13
ORD-53733,2021-12-08,2021-12-11,Standard Class,Home Office,Colorado City,Colorado,West,Office Supplies,Fasteners,2768.57,5,0.0,-740.58
ORD-53734,2024-02-06,2024-02-09,Standard Class,Consumer,Rhode Island City,Rhode Island,East,Office Supplies,Binders,3225.68,3,0.1,300.06
ORD-53735,2020-03-05,2020-03-11,Standard Class,Consumer,Austin,Texas,Central,Office Supplies,Envelopes,1278.19,3,0.0,59.53
ORD-53736,2022-06-25,2022-06-26,Standard Class,Home Office,Kentucky City,Kentucky,South,Technology,Copiers,1701.81,5,0.1,305.92
ORD-53737,2021-03-06,2021-03-12,First Class,Home Office,Colorado City,Colorado,West,Office Supplies,Paper,265.59,5,0.0,93.48
ORD-53738,2020-09-18,2020-09-24,Standard Class,Home Office,Sacramento,California,West,Furniture,Furnishings,2091.03,1,0.0,504.01
ORD-53739,2022-09-27,2022-10-02,First Class,Corporate,Columbus,Ohio,Central,Office Supplies,Supplies,2351.13,7,0.5,266.02
ORD-53740,2020-10-25,2020-10-27,First Class,Consumer,Kentucky City,Kentucky,South,Technology,Machines,9505.12,4,0.0,-592.67
ORD-53741,2024-06-12,2024-06-14,Second Class,Consumer,Virginia City,Virginia,East,Furniture,Tables,2782.17,3,0.0,1036.59
ORD-53742,2024-07-09,2024-07-12,Standard Class,Consumer,Minnesota City,Minnesota,Central,Furniture,Tables,1768.3,4,0.0,643.82
ORD-53743,2022-03-17,2022-03-22,Second Class,Home Office,Missouri City,Missouri,Central,Office Supplies,Paper,3909.01,6,0.0,-689.24
ORD-53744,2021-09-26,2021-09-27,Standard Class,Corporate,Massachusetts City,Massachusetts,East,Technology,Phones,14780.16,7,0.0,1355.18
ORD-53745,2022-02-06,2022-02-08,First Class,Consumer,Minnesota City,Minnesota,Central,Technology,Phones,4408.29,3,0.0,103.75
ORD-53746,2020-05-21,2020-05-25,Second Class,Corporate,Nevada City,Nevada,West,Office Supplies,Storage,9670.79,6,0.0,891.29
ORD-53747,2022-09-22,2022-09-27,Standard Class,Consumer,Maryland City,Maryland,East,Technology,Machines,5586.09,4,0.0,97.83
ORD-53748,2022-01-08,2022-01-15,Standard Class,Consumer,Iowa City,Iowa,Central,Furniture,Bookcases,595.71,3,0.0,-135.18
ORD-53749,2022-03-21,2022-03-28,Same Day,Consumer,Arkansas City,Arkansas,South,Office Supplies,Binders,1193.44,5,0.0,-292.43
ORD-53750,2022-02-01,2022-02-07,Standard Class,Consumer,Atlanta,Georgia,South,Office Supplies,Paper,2059.88,3,0.0,848.21
ORD-53751,2020-05-02,2020-05-04,Second Class,Consumer,Montana City,Montana,West,Furniture,Tables,5029.49,6,0.2,-503.95
ORD-53752,2020-06-28,2020-07-01,Standard Class,Consumer,Chicago,Illinois,Central,Furniture,Bookcases,3146.35,8,0.0,-678.56
ORD-53753,2022-12-10,2022-12-17,Standard Class,Consumer,Harrisburg,Pennsylvania,East,Furniture,Furnishings,11699.87,6,0.15,-976.96
ORD-53754,2021-01-28,2021-02-04,Standard Class,Home Office,South Carolina City,South Carolina,South,Office Supplies,Labels,848.88,1,0.0,161.46
ORD-53755,2022-10-22,2022-10-28,Same Day,Consumer,South Carolina City,South Carolina,South,Office Supplies,Storage,541.36,1,0.2,124.11
ORD-53756,2021-07-15,2021-07-18,Standard Class,Consumer,Tennessee City,Tennessee,South,Technology,Machines,1921.2,6,0.4,-547.86
ORD-53757,2021-10-17,2021-10-21,Standard Class,Consumer,Maryland City,Maryland,East,Office Supplies,Labels,1263.69,1,0.0,-178.06
ORD-53758,2023-02-11,2023-02-16,Standard Class,Consumer,Virginia City,Virginia,East,Furniture,Tables,4598.84,3,0.0,428.12
ORD-53759,2020-05-10,2020-05-16,First Class,Corporate,Cleveland,Ohio,Central,Technology,Phones,6424.28,9,0.0,227.28
ORD-53760,2024-04-16,2024-04-22,Standard Class,Home Office,Detroit,Michigan,Central,Furniture,Furnishings,5898.8,6,0.0,1730.09
ORD-53761,2021-10-11,2021-10-18,First Class,Corporate,Vermont City,Vermont,East,Office Supplies,Storage,2153.92,6,0.0,744.39
ORD-53762,2024-12-18,2024-12-22,Standard Class,Consumer,Buffalo,New York,East,Furniture,Chairs,15295.85,9,0.0,932.39
ORD-53763,2020-08-01,2020-08-06,Second Class,Consumer,South Carolina City,South Carolina,South,Office Supplies,Supplies,1971.06,3,0.0,527.83
ORD-53764,2022-10-14,2022-10-21,Standard Class,Consumer,Wisconsin City,Wisconsin,Central,Technology,Machines,4853.37,6,0.5,2165.93
ORD-53765,2024-08-23,2024-08-24,Standard Class,Consumer,Tacoma,Washington,West,Furniture,Bookcases,13769.9,8,0.25,-3027.38
ORD-53766,2021-02-01,2021-02-02,Standard Class,Consumer,Minnesota City,Minnesota,Central,Furniture,Chairs,2368.18,2,0.5,-378.22
ORD-53767,2022-10-23,2022-10-27,Standard Class,Consumer,Minnesota City,Minnesota,Central,Furniture,Chairs,2099.49,3,0.5,-85.43
ORD-53768,2021-01-01,2021-01-05,Standard Class,Home Office,Idaho City,Idaho,West,Furniture,Furnishings,3561.39,6,0.0,-402.93
ORD-53769,2020-02-15,2020-02-19,Standard Class,Corporate,Detroit,Michigan,Central,Technology,Copiers,1445.76,5,0.0,315.09
ORD-53770,2023-07-22,2023-07-25,Standard Class,Consumer,Kentucky City,Kentucky,South,Technology,Copiers,9139.55,8,0.0,-1716.25
ORD-53771,2020-08-03,2020-08-07,Second Class,Consumer,Missouri City,Missouri,Central,Office Supplies,Art,13630.34,8,0.1,800.14
ORD-53772,2020-10-06,2020-10-13,Standard Class,Corporate,Maryland City,Maryland,East,Furniture,Chairs,1619.63,2,0.0,349.59
ORD-53773,2021-01-11,2021-01-15,First Class,Consumer,Wisconsin City,Wisconsin,Central,Office Supplies,Binders,6576.23,6,0.5,1260.63
ORD-53774,2022-12-21,2022-12-23,Standard Class,Home Office,Houston,Texas,Central,Technology,Phones,1557.01,4,0.0,273.97
ORD-53775,2022-02-20,2022-02-25,Standard Class,Corporate,New Jersey City,New Jersey,East,Office Supplies,Fasteners,14376.3,8,0.0,5246.75
ORD-53776,2022-04-30,2022-05-07,Standard Class,Consumer,Austin,Texas,Central,Technology,Copiers,5719.64,5,0.0,-730.51
ORD-53777,2021-08-29,2021-09-05,Same Day,Consumer,Massachusetts City,Massachusetts,East,Furniture,Bookcases,15385.21,8,0.0,2203.39
ORD-53778,2021-10-01,2021-10-08,Standard Class,Consumer,Atlanta,Georgia,South,Furniture,Chairs,572.11,2,0.0,-13.4
ORD-53779,2022-11-21,2022-11-24,Standard Class,Consumer,Arizona City,Arizona,West,Furniture,Chairs,12788.37,7,0.0,-940.11
ORD-53780,2021-11-05,2021-11-07,Second Class,Home Office,North Carolina City,North Carolina,South,Furniture,Bookcases,8954.88,6,0.15,-1192.35
ORD-53781,2022-10-27,2022-10-30,Standard Class,Consumer,Spokane,Washington,West,Furniture,Tables,2360.71,1,0.0,552.54
ORD-53782,2023-05-03,2023-05-10,Standard Class,Consumer,Springfield,Illinois,Central,Technology,Phones,5024.43,7,0.0,-1106.47
ORD-53783,2022-05-06,2022-05-09,First Class,Consumer,Kentucky City,Kentucky,South,Technology,Machines,2429.4,5,0.1,874.83
ORD-53784,2020-01-01,2020-01-06,First Class,Home Office,Vermont City,Vermont,East,Furniture,Bookcases,1817.2,2,0.0,-492.97
ORD-53785,2023-09-30,2023-10-07,Second Class,Consumer,Colorado City,Colorado,West,Technology,Machines,11514.76,8,0.0,2245.47
ORD-53786,2021-02-22,2021-03-01,First Class,Home Office,Alabama City,Alabama,South,Office Supplies,Labels,2584.93,2,0.0,-147.93
ORD-53787,2024-11-14,2024-11-16,Standard Class,Consumer,Spokane,Washington,West,Technology,Copiers,1078.32,2,0.0,-199.38
ORD-53788,2024-12-29,2024-12-31,Standard Class,Corporate,New Jersey City,New Jersey,East,Furniture,Bookcases,300.69,3,0.5,-22.19
ORD-53789,2023-08-08,2023-08-14,Standard Class,Consumer,Tennessee City,Tennessee,South,Furniture,Furnishings,6293.6,4,0.0,-758.04
ORD-53790,2021-11-18,2021-11-20,Standard Class,Home Office,Rhode Island City,Rhode Island,East,Technology,Copiers,582.54,1,0.0,180.23
ORD-53791,2024-08-09,2024-08-16,Standard Class,Consumer,Orlando,Florida,South,Technology,Phones,5028.68,8,0.0,1051.55
ORD-53792,2024-03-03,2024-03-07,Standard Class,Home Office,Maryland City,Maryland,East,Technology,Copiers,15367.63,8,0.0,6229.76
ORD-53793,2024-07-15,2024-07-22,Standard Class,Home Office,San Antonio,Texas,Central,Technology,Copiers,8177.09,6,0.0,1333.56
ORD-53794,2020-08-17,2020-08-21,Standard Class,Corporate,Kentucky City,Kentucky,South,Technology,Machines,1005.84,6,0.0,275.67
ORD-53795,2023-08-12,2023-08-17,Standard Class,Consumer,Maryland City,Maryland,East,Furniture,Chairs,13534.15,7,0.0,1357.81
ORD-53796,2020-01-05,2020-01-12,Second Class,Corporate,Cincinnati,Ohio,Central,Furniture,Furnishings,3904.41,6,0.0,387.22
ORD-53797,2022-08-13,2022-08-19,First Class,Consumer,Missouri City,Missouri,Central,Technology,Phones,8552.82,6,0.0,-2467.39
ORD-53798,2021-04-14,2021-04-17,Second Class,Corporate,Mississippi City,Mississippi,South,Office Supplies,Labels,18644.13,8,0.0,-1184.9
ORD-53799,2022-08-03,2022-08-10,Standard Class,Home Office,Kansas City,Kansas,Central,Office Supplies,Storage,7138.34,3,0.0,1789.14
ORD-53800,2020-08-20,2020-08-26,Same Day,Consumer,Idaho City,Idaho,West,Technology,Accessories,13711.9,6,0.0,6.12
ORD-53801,2023-06-20,2023-06-24,Same Day,Home Office,Philadelphia,Pennsylvania,East,Office Supplies,Envelopes,7683.51,8,0.1,3168.31
ORD-53802,2024-11-25,2024-11-26,Standard Class,Corporate,Wisconsin City,Wisconsin,Central,Furniture,Furnishings,7086.83,3,0.0,1491.92
ORD-53803,2022-07-28,2022-08-01,Standard Class,Corporate,South Carolina City,South Carolina,South,Technology,Phones,11881.04,6,0.0,3468.8
ORD-53804,2021-06-06,2021-06-09,Second Class,Consumer,Idaho City,Idaho,West,Technology,Machines,8570.26,8,0.25,1911.37
ORD-53805,2022-05-02,2022-05-08,Standard Class,Corporate,Harrisburg,Pennsylvania,East,Technology,Machines,8642.99,5,0.15,-2372.24
ORD-53806,2024-10-13,2024-10-16,Second Class,Consumer,Oregon City,Oregon,West,Furniture,Chairs,7377.58,5,0.3,1928.74
ORD-53807,2020-01-24,2020-01-28,Standard Class,Corporate,Nebraska City,Nebraska,Central,Office Supplies,Paper,2193.69,5,0.0,-351.47
ORD-53808,2024-06-01,2024-06-08,Same Day,Consumer,Virginia City,Virginia,East,Office Supplies,Supplies,17389.31,8,0.0,2361.83
ORD-53809,2023-04-26,2023-05-02,First Class,Consumer,Kansas City,Kansas,Central,Office Supplies,Storage,2137.73,2,0.0,-412.25
ORD-53810,2021-03-26,2021-04-02,Second Class,Home Office,South Carolina City,South Carolina,South,Technology,Phones,5763.67,8,0.0,-958.2
ORD-53811,2024-01-28,2024-01-30,Standard Class,Consumer,San Francisco,California,West,Furniture,Bookcases,1802.34,6,0.0,526.9
ORD-53812,2021-04-12,2021-04-13,Standard Class,Consumer,Lansing,Michigan,Central,Office Supplies,Binders,4959.73,2,0.0,-1170.78
ORD-53813,2024-02-18,2024-02-22,Standard Class,Corporate,Augusta,Georgia,South,Office Supplies,Paper,9154.82,4,0.0,3302.23
ORD-53814,2020-05-09,2020-05-10,Same Day,Corporate,San Antonio,Texas,Central,Furniture,Tables,2097.66,9,0.0,-520.16
ORD-53815,2021-11-18,2021-11-23,Second Class,Consumer,Maryland City,Maryland,East,Office Supplies,Paper,6206.34,8,0.3,2755.46
ORD-53816,2024-05-01,2024-05-05,Standard Class,Home Office,Rhode Island City,Rhode Island,East,Office Supplies,Binders,2365.1,3,0.0,862.93
ORD-53817,2021-03-11,2021-03-15,Standard Class,Corporate,Alabama City,Alabama,South,Office Supplies,Labels,17490.26,8,0.0,5801.07
ORD-53818,2024-03-27,2024-03-30,Standard Class,Home Office,Savannah,Georgia,South,Office Supplies,Labels,1673.05,1,0.1,379.74
ORD-53819,2021-08-18,2021-08-22,Standard Class,Home Office,New Jersey City,New Jersey,East,Furniture,Bookcases,7040.02,3,0.0,2469.35
ORD-53820,2020-02-04,2020-02-09,First Class,Home Office,Mississippi City,Mississippi,South,Furniture,Bookcases,1020.69,1,0.4,-257.93
ORD-53821,2021-02-14,2021-02-19,Standard Class,Corporate,Vermont City,Vermont,East,Office Supplies,Fasteners,1338.85,1,0.1,137.49
ORD-53822,2020-10-05,2020-10-11,First Class,Corporate,Minnesota City,Minnesota,Central,Technology,Machines,1409.92,6,0.0,165.17
ORD-53823,2024-05-28,2024-06-01,Standard Class,Corporate,Tennessee City,Tennessee,South,Technology,Copiers,242.43,4,0.0,47.28
ORD-53824,2024-03-11,2024-03-13,Second Class,Consumer,Mississippi City,Mississippi,South,Technology,Phones,5200.91,9,0.0,-1274.82
ORD-53825,2023-01-09,2023-01-15,Second Class,Corporate,Missouri City,Missouri,Central,Technology,Machines,10913.18,6,0.2,-1663.61
ORD-53826,2024-12-04,2024-12-10,Same Day,Consumer,Tennessee City,Tennessee,South,Furniture,Furnishings,1671.17,2,0.5,-10.07
ORD-53827,2022-10-29,2022-11-02,Standard Class,Consumer,Kansas City,Kansas,Central,Technology,Accessories,3909.29,4,0.0,1200.3
ORD-53828,2021-12-27,2021-12-30,Standard Class,Corporate,Colorado City,Colorado,West,Office Supplies,Supplies,2013.22,6,0.0,482.66
ORD-53829,2020-01-28,2020-01-31,First Class,Consumer,Massachusetts City,Massachusetts,East,Office Supplies,Labels,20958.43,9,0.0,2563.41
ORD-53830,2024-05-20,2024-05-22,Second Class,Corporate,Arkansas City,Arkansas,South,Technology,Copiers,1037.18,2,0.0,90.18
ORD-53831,2020-05-30,2020-06-06,Standard Class,Consumer,Missouri City,Missouri,Central,Office Supplies,Labels,2148.75,5,0.25,662.53
ORD-53832,2021-12-23,2021-12-29,Standard Class,Home Office,Tennessee City,Tennessee,South,Furniture,Bookcases,4110.44,3,0.1,446.39
ORD-53833,2020-08-05,2020-08-06,First Class,Corporate,Augusta,Georgia,South,Technology,Phones,4280.31,3,0.0,-288.02
ORD-53834,2021-04-29,2021-05-02,Standard Class,Consumer,Tennessee City,Tennessee,South,Furniture,Chairs,830.38,2,0.1,-239.56
ORD-53835,2021-10-30,2021-11-01,Standard Class,Home Office,Missouri City,Missouri,Central,Furniture,Bookcases,482.32,1,0.5,111.68
ORD-53836,2022-06-19,2022-06-25,Second Class,Consumer,Massachusetts City,Massachusetts,East,Furniture,Bookcases,3052.68,4,0.0,803.68
ORD-53837,2024-06-18,2024-06-19,Second Class,Consumer,Iowa City,Iowa,Central,Technology,Copiers,4893.24,3,0.0,1833.96
ORD-53838,2020-11-29,2020-12-01,Standard Class,Consumer,Iowa City,Iowa,Central,Office Supplies,Supplies,4057.34,9,0.15,536.71
ORD-53839,2024-10-26,2024-11-01,Second Class,Corporate,Buffalo,New York,East,Technology,Machines,2171.97,2,0.0,-149.65
ORD-53840,2021-10-09,2021-10-13,Standard Class,Consumer,San Francisco,California,West,Furniture,Bookcases,7133.82,5,0.0,2516.78
ORD-53841,2022-01-02,2022-01-07,Standard Class,Corporate,Pittsburgh,Pennsylvania,East,Furniture,Furnishings,17071.4,7,0.0,-3266.2
ORD-53842,2020-09-05,2020-09-08,Standard Class,Home Office,Colorado City,Colorado,West,Technology,Copiers,991.39,1,0.4,33.91
ORD-53843,2022-09-17,2022-09-24,Standard Class,Consumer,New York City,New York,East,Office Supplies,Supplies,286.01,2,0.2,33.51
ORD-53844,2021-11-19,2021-11-21,Second Class,Corporate,Nebraska City,Nebraska,Central,Technology,Accessories,834.43,1,0.1,-96.71
ORD-53845,2023-10-25,2023-10-27,Standard Class,Consumer,Los Angeles,California,West,Furniture,Furnishings,8971.67,7,0.15,1857.36
ORD-53846,2022-11-10,2022-11-12,First Class,Consumer,Virginia City,Virginia,East,Furniture,Chairs,4887.76,5,0.0,-601.16
ORD-53847,2020-04-09,2020-04-14,Standard Class,Corporate,Sacramento,California,West,Office Supplies,Binders,15535.88,8,0.0,3211.66
ORD-53848,2024-04-08,2024-04-10,Standard Class,Consumer,Utah City,Utah,West,Furniture,Furnishings,6077.44,3,0.0,1485.07
ORD-53849,2021-08-13,2021-08-20,Standard Class,Consumer,Idaho City,Idaho,West,Furniture,Bookcases,1439.82,4,0.0,-340.22
ORD-53850,2022-04-17,2022-04-22,Standard Class,Corporate,Missouri City,Missouri,Central,Technology,Machines,2804.54,5,0.0,756.92
ORD-53851,2021-09-14,2021-09-17,Standard Class,Home Office,Kansas City,Kansas,Central,Technology,Copiers,1470.67,7,0.0,624.07
ORD-53852,2020-03-08,2020-03-11,Standard Class,Consumer,Arkansas City,Arkansas,South,Office Supplies,Labels,15067.99,7,0.0,-3914.1
ORD-53853,2023-10-19,2023-10-22,Same Day,Consumer,Springfield,Illinois,Central,Office Supplies,Labels,292.68,3,0.0,-41.68
ORD-53854,2021-01-04,2021-01-11,Standard Class,Consumer,Kansas City,Kansas,Central,Technology,Accessories,7968.96,5,0.0,-55.01
ORD-53855,2020-02-11,2020-02-15,Standard Class,Consumer,Mississippi City,Mississippi,South,Office Supplies,Supplies,464.72,2,0.0,45.2
ORD-53856,2024-08-18,2024-08-23,Standard Class,Consumer,Kansas City,Kansas,Central,Technology,Machines,11466.99,8,0.0,1840.87
ORD-53857,2024-08-17,2024-08-20,Standard Class,Corporate,Louisiana City,Louisiana,South,Office Supplies,Binders,3974.07,3,0.15,538.38
ORD-53858,2021-09-23,2021-09-24,Same Day,Corporate,Mississippi City,Mississippi,South,Technology,Machines,1456.74,4,0.0,441.01
ORD-53859,2023-08-06,2023-08-12,Standard Class,Consumer,Delaware City,Delaware,East,Office Supplies,Labels,9614.87,4,0.0,2896.2
ORD-53860,2020-11-04,2020-11-09,Second Class,Home Office,Massachusetts City,Massachusetts,East,Technology,Copiers,9149.33,6,0.0,-385.67
ORD-53861,2021-01-27,2021-01-31,Standard Class,Consumer,Arkansas City,Arkansas,South,Office Supplies,Labels,15344.88,8,0.0,5980.73
ORD-53862,2022-05-27,2022-06-02,Standard Class,Consumer,Arkansas City,Arkansas,South,Technology,Machines,3428.81,6,0.0,630.12
ORD-53863,2022-02-21,2022-02-28,Standard Class,Corporate,Nebraska City,Nebraska,Central,Office Supplies,Envelopes,783.4,7,0.2,-156.84
ORD-53864,2020-03-04,2020-03-05,Standard Class,Consumer,Rhode Island City,Rhode Island,East,Office Supplies,Binders,6856.64,4,0.0,2714.44
ORD-53865,2022-08-28,2022-09-03,First Class,Consumer,Nevada City,Nevada,West,Furniture,Furnishings,5593.14,5,0.3,-41.79
ORD-53866,2022-09-07,2022-09-12,Standard Class,Corporate,Vermont City,Vermont,East,Office Supplies,Storage,4360.93,3,0.4,1518.85
ORD-53867,2022-01-10,2022-01-13,Standard Class,Corporate,Virginia City,Virginia,East,Office Supplies,Art,8431.81,8,0.0,1223.71
ORD-53868,2024-07-04,2024-07-11,Second Class,Consumer,Vermont City,Vermont,East,Technology,Copiers,817.39,2,0.0,-216.73
ORD-53869,2023-06-04,2023-06-11,Standard Class,Consumer,New Mexico City,New Mexico,West,Technology,Phones,10088.2,5,0.0,1970.38
ORD-53870,2020-11-14,2020-11-15,Standard Class,Home Office,Louisiana City,Louisiana,South,Technology,Machines,4653.29,2,0.0,-181.51
ORD-53871,2024-10-06,2024-10-12,Second Class,Corporate,Massachusetts City,Massachusetts,East,Office Supplies,Labels,11900.5,5,0.0,-3127.34
ORD-53872,2023-01-26,2023-02-02,Standard Class,Home Office,Colorado City,Colorado,West,Furniture,Tables,8569.44,9,0.0,1301.22
ORD-53873,2023-10-28,2023-11-04,Second Class,Corporate,Nebraska City,Nebraska,Central,Technology,Phones,4576.21,5,0.2,1015.19
ORD-53874,2020-07-09,2020-07-13,Standard Class,Consumer,Idaho City,Idaho,West,Office Supplies,Envelopes,218.1,4,0.0,55.24
ORD-53875,2022-06-01,2022-06-05,Standard Class,Corporate,Delaware City,Delaware,East,Office Supplies,Envelopes,2888.39,7,0.0,912.22
ORD-53876,2024-12-14,2024-12-16,First Class,Corporate,Delaware City,Delaware,East,Office Supplies,Storage,6659.57,5,0.25,1477.15
ORD-53877,2020-06-24,2020-06-25,Standard Class,Home Office,Delaware City,Delaware,East,Furniture,Furnishings,2590.88,4,0.3,686.55
ORD-53878,2022-03-21,2022-03-22,First Class,Home Office,Vermont City,Vermont,East,Office Supplies,Storage,7676.96,6,0.15,2810.25
ORD-53879,2021-06-30,2021-07-06,Same Day,Consumer,Massachusetts City,Massachusetts,East,Technology,Machines,13457.65,6,0.0,1303.0
ORD-53880,2021-11-30,2021-12-07,Second Class,Consumer,Virginia City,Virginia,East,Technology,Copiers,4065.78,8,0.4,166.98
ORD-53881,2021-08-08,2021-08-15,Standard Class,Home Office,New Mexico City,New Mexico,West,Office Supplies,Binders,2948.35,6,0.0,-800.77
ORD-53882,2022-02-07,2022-02-08,Standard Class,Consumer,Miami,Florida,South,Furniture,Chairs,9516.7,6,0.0,-763.49
ORD-53883,2020-11-13,2020-11-20,Standard Class,Consumer,Wisconsin City,Wisconsin,Central,Technology,Phones,3534.3,4,0.0,-648.66
ORD-53884,2022-06-02,2022-06-03,Standard Class,Consumer,Tennessee City,Tennessee,South,Furniture,Bookcases,7561.99,6,0.2,69.48
ORD-53885,2024-07-05,2024-07-09,Standard Class,Consumer,Virginia City,Virginia,East,Furniture,Tables,2429.76,1,0.0,589.41
ORD-53886,2021-04-15,2021-04-19,Standard Class,Consumer,Nevada City,Nevada,West,Technology,Machines,18049.4,8,0.0,-2801.73
ORD-53887,2020-10-05,2020-10-08,Standard Class,Consumer,Colorado City,Colorado,West,Office Supplies,Art,11839.04,5,0.0,932.78
ORD-53888,2020-12-08,2020-12-09,Standard Class,Consumer,New Mexico City,New Mexico,West,Technology,Copiers,10918.27,5,0.0,2401.71
ORD-53889,2024-02-26,2024-03-02,Standard Class,Corporate,Colorado City,Colorado,West,Office Supplies,Art,4007.45,8,0.1,1209.39
ORD-53890,2021-05-15,2021-05-20,Second Class,Home Office,South Carolina City,South Carolina,South,Office Supplies,Art,6234.24,7,0.0,2037.94
ORD-53891,2021-08-23,2021-08-29,Standard Class,Corporate,Atlanta,Georgia,South,Technology,Phones,8182.08,5,0.0,-309.93
ORD-53892,2023-07-07,2023-07-08,Standard Class,Consumer,Arkansas City,Arkansas,South,Furniture,Furnishings,3097.86,5,0.15,623.14
ORD-53893,2021-11-05,2021-11-06,Second Class,Consumer,Utah City,Utah,West,Furniture,Furnishings,274.46,3,0.0,-28.4
ORD-53894,2020-11-19,2020-11-24,Standard Class,Consumer,Colorado City,Colorado,West,Office Supplies,Binders,8099.48,7,0.0,593.46
ORD-53895,2022-06-01,2022-06-04,First Class,Corporate,South Carolina City,South Carolina,South,Furniture,Tables,5461.97,7,0.0,-230.72
ORD-53896,2023-08-11,2023-08-16,Standard Class,Home Office,Nevada City,Nevada,West,Office Supplies,Fasteners,644.56,1,0.15,-131.6
ORD-53897,2022-01-22,2022-01-27,Same Day,Home Office,Springfield,Illinois,Central,Office Supplies,Envelopes,5388.89,3,0.0,-1358.35
ORD-53898,2024-07-28,2024-07-30,Standard Class,Consumer,Cleveland,Ohio,Central,Office Supplies,Envelopes,19252.61,8,0.0,-5597.84
ORD-53899,2021-05-27,2021-05-28,First Class,Corporate,San Diego,California,West,Office Supplies,Envelopes,20511.1,9,0.0,8818.42
ORD-53900,2022-06-20,2022-06-22,Standard Class,Corporate,Oregon City,Oregon,West,Furniture,Furnishings,2468.31,1,0.0,-609.85
ORD-53901,2022-06-21,2022-06-28,Second Class,Consumer,Rhode Island City,Rhode Island,East,Office Supplies,Fasteners,9309.58,8,0.2,3949.2
ORD-53902,2022-11-26,2022-12-02,Standard Class,Home Office,Sacramento,California,West,Furniture,Furnishings,4857.43,7,0.0,1806.7
ORD-53903,2024-11-22,2024-11-27,Standard Class,Consumer,Utah City,Utah,West,Office Supplies,Fasteners,4129.86,4,0.4,-1198.16
ORD-53904,2020-09-29,2020-10-05,Standard Class,Corporate,New Mexico City,New Mexico,West,Technology,Machines,364.9,2,0.25,-28.35
ORD-53905,2020-07-06,2020-07-09,Second Class,Consumer,Mississippi City,Mississippi,South,Office Supplies,Supplies,408.76,1,0.5,-114.78
ORD-53906,2024-12-28,2024-12-29,First Class,Consumer,Rhode Island City,Rhode Island,East,Office Supplies,Binders,912.35,1,0.3,-209.83
ORD-53907,2022-08-28,2022-09-04,Standard Class,Consumer,Nebraska City,Nebraska,Central,Technology,Machines,582.13,2,0.25,82.9
ORD-53908,2023-06-24,2023-06-29,Standard Class,Home Office,Louisiana City,Louisiana,South,Furniture,Tables,619.36,1,0.0,20.3
ORD-53909,2021-05-16,2021-05-23,Standard Class,Corporate,New Mexico City,New Mexico,West,Office Supplies,Binders,13000.73,9,0.0,2592.94
ORD-53910,2024-11-08,2024-11-11,Standard Class,Consumer,Grand Rapids,Michigan,Central,Office Supplies,Labels,2078.47,3,0.0,196.29
ORD-53911,2023-12-14,2023-12-15,Same Day,Consumer,Grand Rapids,Michigan,Central,Office Supplies,Art,10850.78,6,0.1,4812.71
ORD-53912,2023-02-08,2023-02-14,Second Class,Consumer,Peoria,Illinois,Central,Technology,Machines,647.74,8,0.0,151.76
ORD-53913,2023-03-31,2023-04-01,Standard Class,Home Office,North Carolina City,North Carolina,South,Technology,Copiers,7405.52,7,0.0,-889.53
ORD-53914,2023-03-31,2023-04-05,First Class,Home Office,Tacoma,Washington,West,Office Supplies,Supplies,7082.91,3,0.0,2117.84
ORD-53915,2021-11-17,2021-11-22,Standard Class,Consumer,Vermont City,Vermont,East,Technology,Machines,7050.83,4,0.15,684.03
ORD-53916,2024-09-05,2024-09-11,Standard Class,Consumer,Idaho City,Idaho,West,Office Supplies,Labels,7218.29,8,0.0,1556.1
ORD-53917,2023-09-02,2023-09-05,Standard Class,Consumer,Grand Rapids,Michigan,Central,Technology,Accessories,1601.65,6,0.5,658.02
ORD-53918,2022-05-26,2022-06-01,Standard Class,Consumer,Montana City,Montana,West,Office Supplies,Paper,4431.63,2,0.0,226.69
ORD-53919,2020-07-01,2020-07-08,Standard Class,Consumer,South Carolina City,South Carolina,South,Technology,Machines,4641.89,8,0.25,90.63
ORD-53920,2024-10-19,2024-10-23,First Class,Home Office,South Carolina City,South Carolina,South,Furniture,Bookcases,3643.95,8,0.3,324.34
ORD-53921,2021-09-25,2021-10-02,Standard Class,Consumer,Seattle,Washington,West,Technology,Phones,8121.09,7,0.0,-1942.7
ORD-53922,2022-07-21,2022-07-28,Same Day,Consumer,Cleveland,Ohio,Central,Furniture,Chairs,5188.17,9,0.0,-537.31
ORD-53923,2024-11-19,2024-11-25,Second Class,Consumer,Buffalo,New York,East,Technology,Machines,3975.35,2,0.0,-793.52
ORD-53924,2020-09-23,2020-09-24,Standard Class,Consumer,Mississippi City,Mississippi,South,Furniture,Furnishings,1311.43,1,0.1,457.99
ORD-53925,2022-12-17,2022-12-20,Same Day,Home Office,Tacoma,Washington,West,Furniture,Chairs,1930.04,2,0.5,-76.83
ORD-53926,2020-04-23,2020-04-27,First Class,Corporate,New Mexico City,New Mexico,West,Office Supplies,Supplies,7696.96,4,0.1,3220.44
ORD-53927,2023-11-28,2023-11-30,Standard Class,Corporate,New Mexico City,New Mexico,West,Furniture,Tables,3686.5,2,0.15,-448.05
ORD-53928,2021-12-24,2021-12-28,Second Class,Corporate,Oregon City,Oregon,West,Furniture,Furnishings,3153.32,2,0.0,31.15
ORD-53929,2020-12-30,2021-01-06,First Class,Consumer,North Carolina City,North Carolina,South,Technology,Machines,1673.35,2,0.0,636.09
ORD-53930,2020-12-04,2020-12-11,Standard Class,Corporate,Utah City,Utah,West,Technology,Copiers,8750.74,7,0.2,-778.53
ORD-53931,2020-10-20,2020-10-24,Second Class,Home Office,Iowa City,Iowa,Central,Technology,Accessories,9433.24,4,0.0,-2238.86
ORD-53932,2020-01-13,2020-01-14,Standard Class,Consumer,Augusta,Georgia,South,Office Supplies,Storage,1789.4,5,0.0,-246.73
ORD-53933,2023-07-06,2023-07-11,Standard Class,Consumer,Massachusetts City,Massachusetts,East,Office Supplies,Storage,8237.42,4,0.0,1183.04
ORD-53934,2022-04-29,2022-05-06,Same Day,Corporate,Kansas City,Kansas,Central,Technology,Machines,16749.39,8,0.0,-3633.83
ORD-53935,2020-03-27,2020-03-29,Second Class,Corporate,New Jersey City,New Jersey,East,Office Supplies,Supplies,9082.27,6,0.0,274.68
ORD-53936,2024-11-20,2024-11-27,Standard Class,Consumer,Alabama City,Alabama,South,Office Supplies,Supplies,2477.58,1,0.0,343.36
ORD-53937,2022-01-03,2022-01-10,First Class,Consumer,New Mexico City,New Mexico,West,Office Supplies,Envelopes,16170.38,7,0.0,436.7
ORD-53938,2020-04-21,2020-04-28,Standard Class,Home Office,Delaware City,Delaware,East,Office Supplies,Art,7649.71,9,0.0,2961.54
ORD-53939,2023-01-06,2023-01-07,Standard Class,Corporate,Arkansas City,Arkansas,South,Furniture,Furnishings,6478.4,8,0.0,-1222.47
ORD-53940,2023-03-26,2023-03-29,Second Class,Home Office,Louisiana City,Louisiana,South,Furniture,Bookcases,6871.31,9,0.25,-172.11
ORD-53941,2021-01-20,2021-01-25,Standard Class,Consumer,Seattle,Washington,West,Technology,Machines,126.02,1,0.0,55.35
ORD-53942,2024-10-05,2024-10-09,Second Class,Consumer,Arkansas City,Arkansas,South,Office Supplies,Binders,7430.6,6,0.0,3120.66
ORD-53943,2022-06-16,2022-06-22,Second Class,Corporate,Missouri City,Missouri,Central,Technology,Copiers,763.64,2,0.0,38.42
ORD-53944,2020-05-25,2020-05-26,Standard Class,Corporate,Lansing,Michigan,Central,Technology,Phones,7718.34,8,0.0,262.26
ORD-53945,2024-02-22,2024-02-23,First Class,Consumer,Minnesota City,Minnesota,Central,Office Supplies,Labels,12929.42,8,0.15,-1280.75
ORD-53946,2020-07-15,2020-07-21,Standard Class,Consumer,Massachusetts City,Massachusetts,East,Technology,Copiers,2376.17,5,0.15,135.07
ORD-53947,2022-08-21,2022-08-28,Second Class,Corporate,Montana City,Montana,West,Office Supplies,Supplies,779.43,7,0.3,-212.61
ORD-53948,2020-05-07,2020-05-10,Standard Class,Corporate,Philadelphia,Pennsylvania,East,Furniture,Chairs,4387.92,9,0.5,879.28
ORD-53949,2024-05-06,2024-05-13,Second Class,Corporate,Louisiana City,Louisiana,South,Furniture,Furnishings,4960.25,4,0.0,653.01
ORD-53950,2022-11-27,2022-11-28,Standard Class,Consumer,Savannah,Georgia,South,Furniture,Bookcases,1463.17,5,0.0,149.91
ORD-53951,2021-03-15,2021-03-21,First Class,Home Office,Alabama City,Alabama,South,Office Supplies,Labels,10962.12,9,0.0,4.91
ORD-53952,2020-12-04,2020-12-09,Standard Class,Corporate,North Carolina City,North Carolina,South,Office Supplies,Labels,922.26,8,0.0,33.13
ORD-53953,2021-04-20,2021-04-21,First Class,Corporate,Arkansas City,Arkansas,South,Technology,Accessories,5873.7,8,0.0,-1710.47
ORD-53954,2020-03-13,2020-03-17,Standard Class,Consumer,Maryland City,Maryland,East,Furniture,Furnishings,11588.97,7,0.0,-3440.99
ORD-53955,2023-07-22,2023-07-26,First Class,Home Office,Pittsburgh,Pennsylvania,East,Technology,Copiers,2436.73,2,0.2,35.66
ORD-53956,2020-04-21,2020-04-24,Standard Class,Consumer,Tennessee City,Tennessee,South,Technology,Phones,8504.46,7,0.1,2937.9
ORD-53957,2024-09-14,2024-09-17,Second Class,Corporate,Maryland City,Maryland,East,Technology,Machines,10162.58,5,0.0,-822.78
ORD-53958,2023-08-05,2023-08-06,Standard Class,Home Office,Wisconsin City,Wisconsin,Central,Furniture,Chairs,9681.73,9,0.2,1416.51
ORD-53959,2023-08-06,2023-08-12,Standard Class,Corporate,Tennessee City,Tennessee,South,Technology,Phones,2264.28,6,0.0,-70.81
ORD-53960,2022-01-23,2022-01-26,Standard Class,Consumer,Arkansas City,Arkansas,South,Office Supplies,Art,5356.96,7,0.0,1892.14
ORD-53961,2020-04-19,2020-04-20,Second Class,Corporate,Connecticut City,Connecticut,East,Office Supplies,Labels,294.63,2,0.5,123.3
ORD-53962,2021-07-16,2021-07-22,Second Class,Corporate,Minnesota City,Minnesota,Central,Furniture,Furnishings,1019.24,3,0.3,68.54
ORD-53963,2023-11-26,2023-11-27,Same Day,Home Office,Louisiana City,Louisiana,South,Office Supplies,Supplies,1624.31,1,0.15,-215.82
ORD-53964,2022-07-09,2022-07-15,Standard Class,Consumer,Augusta,Georgia,South,Technology,Accessories,7158.54,5,0.0,2876.06
ORD-53965,2021-07-22,2021-07-28,First Class,Corporate,Idaho City,Idaho,West,Office Supplies,Art,2702.6,3,0.0,-183.36
ORD-53966,2021-08-08,2021-08-11,First Class,Home Office,Delaware City,Delaware,East,Furniture,Furnishings,654.03,3,0.4,-123.92
ORD-53967,2022-11-07,2022-11-13,Standard Class,Consumer,South Carolina City,South Carolina,South,Technology,Phones,6454.2,5,0.0,237.8
ORD-53968,2024-05-10,2024-05-11,Second Class,Home Office,Arizona City,Arizona,West,Technology,Copiers,8187.58,9,0.0,1613.84
ORD-53969,2023-06-02,2023-06-03,Standard Class,Corporate,Austin,Texas,Central,Office Supplies,Art,1249.54,1,0.0,182.04
ORD-53970,2022-07-16,2022-07-21,Standard Class,Consumer,Virginia City,Virginia,East,Furniture,Furnishings,12593.3,6,0.0,2790.91
ORD-53971,2021-09-20,2021-09-26,Standard Class,Corporate,Arkansas City,Arkansas,South,Office Supplies,Binders,7976.08,5,0.0,-1480.37
ORD-53972,2021-05-31,2021-06-03,Standard Class,Corporate,Missouri City,Missouri,Central,Furniture,Tables,2590.74,3,0.25,190.04
ORD-53973,2023-05-14,2023-05-19,Standard Class,Corporate,Rhode Island City,Rhode Island,East,Office Supplies,Art,7093.62,8,0.0,2941.84
ORD-53974,2020-02-20,2020-02-24,Second Class,Consumer,Seattle,Washington,West,Technology,Phones,241.59,7,0.0,36.69
ORD-53975,2022-11-13,2022-11-19,Standard Class,Consumer,New Jersey City,New Jersey,East,Technology,Copiers,3195.05,6,0.15,780.76
ORD-53976,2020-06-26,2020-07-02,Standard Class,Home Office,Arkansas City,Arkansas,South,Technology,Phones,1374.16,3,0.0,-241.46
ORD-53977,2022-02-07,2022-02-14,First Class,Consumer,South Carolina City,South Carolina,South,Office Supplies,Paper,1749.98,2,0.0,577.55
ORD-53978,2020-10-08,2020-10-15,Standard Class,Consumer,San Francisco,California,West,Office Supplies,Storage,4125.25,3,0.3,-136.93
ORD-53979,2021-09-07,2021-09-14,First Class,Home Office,Montana City,Montana,West,Office Supplies,Labels,865.7,8,0.3,244.76
ORD-53980,2021-03-17,2021-03-18,Second Class,Home Office,Utah City,Utah,West,Technology,Machines,2580.24,9,0.0,865.25
ORD-53981,2022-09-05,2022-09-10,Standard Class,Corporate,Delaware City,Delaware,East,Technology,Phones,8227.36,6,0.1,-655.19
ORD-53982,2020-05-06,2020-05-11,Second Class,Consumer,Delaware City,Delaware,East,Technology,Machines,8896.61,5,0.0,-717.96
ORD-53983,2022-07-28,2022-08-01,First Class,Consumer,Tennessee City,Tennessee,South,Furniture,Bookcases,2044.19,2,0.0,834.02
ORD-53984,2023-05-14,2023-05-15,Second Class,Consumer,Wisconsin City,Wisconsin,Central,Office Supplies,Labels,7547.47,8,0.0,203.37
ORD-53985,2024-06-23,2024-06-26,Standard Class,Consumer,Mississippi City,Mississippi,South,Technology,Phones,1790.23,3,0.0,264.87
ORD-53986,2023-11-25,2023-11-27,First Class,Consumer,Augusta,Georgia,South,Technology,Copiers,8009.64,8,0.0,-988.92
ORD-53987,2020-10-20,2020-10-25,Standard Class,Consumer,Kansas City,Kansas,Central,Office Supplies,Envelopes,10783.89,7,0.0,-2726.13
ORD-53988,2024-05-23,2024-05-25,Standard Class,Consumer,Mississippi City,Mississippi,South,Technology,Accessories,15580.48,8,0.0,551.3
ORD-53989,2022-05-14,2022-05-20,Second Class,Corporate,Nevada City,Nevada,West,Technology,Copiers,1258.5,1,0.0,237.09
ORD-53990,2023-07-02,2023-07-08,Standard Class,Corporate,Massachusetts City,Massachusetts,East,Furniture,Bookcases,4822.73,2,0.0,-181.41
ORD-53991,2024-02-19,2024-02-24,Standard Class,Consumer,Connecticut City,Connecticut,East,Furniture,Tables,4245.58,2,0.0,78.25
ORD-53992,2022-09-22,2022-09-29,First Class,Corporate,Colorado City,Colorado,West,Office Supplies,Supplies,234.93,3,0.0,-22.81
ORD-53993,2021-05-08,2021-05-14,First Class,Home Office,Kansas City,Kansas,Central,Furniture,Chairs,711.14,1,0.5,52.73
ORD-53994,2020-11-05,2020-11-07,First Class,Consumer,South Carolina City,South Carolina,South,Furniture,Bookcases,5403.76,5,0.0,-502.42
ORD-53995,2020-01-11,2020-01-16,Standard Class,Consumer,Kentucky City,Kentucky,South,Furniture,Chairs,7926.1,6,0.0,2271.49
ORD-53996,2023-03-25,2023-04-01,Second Class,Consumer,Utah City,Utah,West,Office Supplies,Envelopes,2038.24,5,0.0,470.61
ORD-53997,2023-09-21,2023-09-26,Standard Class,Corporate,Utah City,Utah,West,Technology,Copiers,6308.41,6,0.0,219.06
ORD-53998,2022-11-19,2022-11-26,First Class,Corporate,Seattle,Washington,West,Technology,Phones,7742.2,5,0.15,1607.34
ORD-53999,2020-01-01,2020-01-08,Second Class,Home Office,Philadelphia,Pennsylvania,East,Furniture,Chairs,2321.36,2,0.1,-147.58
ORD-54000,2020-06-12,2020-06-19,Standard Class,Consumer,Tennessee City,Tennessee,South,Furniture,Chairs,4010.14,9,0.0,-1024.46
ORD-54001,2024-01-29,2024-02-04,Standard Class,Consumer,Springfield,Illinois,Central,Technology,Machines,4333.18,6,0.15,-354.01
ORD-54002,2023-02-22,2023-02-24,Standard Class,Consumer,Kansas City,Kansas,Central,Furniture,Tables,6766.3,4,0.0,-517.53
ORD-54003,2022-04-02,2022-04-09,First Class,Corporate,Virginia City,Virginia,East,Furniture,Furnishings,3692.18,3,0.0,988.8
ORD-54004,2020-07-14,2020-07-19,Standard Class,Consumer,Montana City,Montana,West,Furniture,Furnishings,3720.58,5,0.2,1564.7
ORD-54005,2023-10-30,2023-11-06,Standard Class,Corporate,Peoria,Illinois,Central,Technology,Machines,7344.56,3,0.0,-1897.96
ORD-54006,2024-05-25,2024-05-28,Standard Class,Consumer,Philadelphia,Pennsylvania,East,Technology,Machines,4384.07,3,0.4,344.05
ORD-54007,2023-08-08,2023-08-09,Standard Class,Consumer,New Mexico City,New Mexico,West,Technology,Copiers,10711.66,9,0.0,-1045.75
ORD-54008,2023-01-21,2023-01-24,Second Class,Consumer,Tennessee City,Tennessee,South,Office Supplies,Labels,9561.79,6,0.2,1366.21
ORD-54009,2024-07-05,2024-07-06,Second Class,Consumer,South Carolina City,South Carolina,South,Technology,Copiers,21284.76,9,0.0,1197.41
ORD-54010,2021-01-16,2021-01-17,Second Class,Consumer,Delaware City,Delaware,East,Office Supplies,Envelopes,4583.11,2,0.0,-1170.5
ORD-54011,2023-12-19,2023-12-26,Standard Class,Consumer,Kentucky City,Kentucky,South,Office Supplies,Art,722.99,8,0.0,-36.23
ORD-54012,2021-05-03,2021-05-08,Standard Class,Consumer,Utah City,Utah,West,Office Supplies,Binders,2078.98,1,0.0,115.39
ORD-54013,2020-12-15,2020-12-22,Standard Class,Consumer,Columbus,Ohio,Central,Furniture,Bookcases,10166.61,6,0.0,3208.56
ORD-54014,2023-03-02,2023-03-08,Second Class,Consumer,Houston,Texas,Central,Technology,Phones,4946.14,5,0.2,41.69
ORD-54015,2020-01-03,2020-01-08,Standard Class,Home Office,Connecticut City,Connecticut,East,Furniture,Bookcases,10433.37,9,0.3,-940.5
ORD-54016,2023-06-25,2023-06-27,Same Day,Consumer,Arizona City,Arizona,West,Furniture,Furnishings,2838.21,5,0.0,330.26
ORD-54017,2020-12-03,2020-12-09,First Class,Consumer,Missouri City,Missouri,Central,Technology,Machines,8881.24,4,0.1,704.41
ORD-54018,2020-02-25,2020-02-28,Second Class,Corporate,Vermont City,Vermont,East,Technology,Machines,717.87,1,0.3,-194.07
ORD-54019,2024-02-24,2024-03-02,First Class,Corporate,Iowa City,Iowa,Central,Office Supplies,Labels,589.22,2,0.3,228.52
ORD-54020,2023-02-02,2023-02-04,Standard Class,Home Office,Nebraska City,Nebraska,Central,Office Supplies,Binders,16076.5,8,0.0,456.36
ORD-54021,2023-02-22,2023-02-28,First Class,Consumer,New York City,New York,East,Furniture,Chairs,555.48,7,0.4,-119.65
ORD-54022,2023-09-08,2023-09-10,Standard Class,Home Office,Minnesota City,Minnesota,Central,Technology,Phones,14499.93,7,0.0,-2219.17
ORD-54023,2020-09-10,2020-09-16,Standard Class,Consumer,New Jersey City,New Jersey,East,Furniture,Bookcases,13384.19,7,0.0,5780.77
ORD-54024,2024-11-18,2024-11-20,First Class,Corporate,Delaware City,Delaware,East,Office Supplies,Supplies,11367.71,6,0.1,-159.89
ORD-54025,2020-06-27,2020-06-30,Second Class,Corporate,Atlanta,Georgia,South,Technology,Phones,4086.66,4,0.1,1574.16
ORD-54026,2021-12-22,2021-12-27,Standard Class,Consumer,Atlanta,Georgia,South,Furniture,Tables,1944.54,1,0.0,45.05
ORD-54027,2024-07-18,2024-07-21,Standard Class,Consumer,Kentucky City,Kentucky,South,Furniture,Chairs,4284.24,7,0.5,-122.9
ORD-54028,2021-12-11,2021-12-13,Standard Class,Corporate,Virginia City,Virginia,East,Office Supplies,Fasteners,11828.8,6,0.0,3408.96
ORD-54029,2022-02-09,2022-02-15,First Class,Consumer,Rhode Island City,Rhode Island,East,Office Supplies,Storage,7082.96,8,0.0,-232.37
ORD-54030,2024-09-16,2024-09-19,Second Class,Consumer,Cincinnati,Ohio,Central,Office Supplies,Paper,14314.65,6,0.0,4905.75
ORD-54031,2023-03-23,2023-03-24,Standard Class,Consumer,Montana City,Montana,West,Furniture,Chairs,2654.39,2,0.0,-366.15
ORD-54032,2024-10-08,2024-10-14,Standard Class,Consumer,Connecticut City,Connecticut,East,Furniture,Bookcases,6830.12,6,0.0,259.44
ORD-54033,2024-12-16,2024-12-18,Standard Class,Consumer,Philadelphia,Pennsylvania,East,Furniture,Bookcases,2120.49,3,0.5,-49.53
ORD-54034,2022-09-09,2022-09-11,Standard Class,Consumer,Arizona City,Arizona,West,Office Supplies,Paper,3436.21,3,0.25,601.25
ORD-54035,2020-08-22,2020-08-28,First Class,Consumer,Oregon City,Oregon,West,Furniture,Bookcases,2429.72,2,0.0,-519.93
ORD-54036,2021-12-05,2021-12-06,First Class,Consumer,Delaware City,Delaware,East,Office Supplies,Fasteners,2031.06,1,0.1,907.19
ORD-54037,2023-07-14,2023-07-18,First Class,Home Office,Arizona City,Arizona,West,Technology,Machines,7048.19,8,0.0,2909.97
ORD-54038,2022-06-14,2022-06-19,Standard Class,Home Office,Wisconsin City,Wisconsin,Central,Technology,Accessories,1949.96,2,0.0,316.63
ORD-54039,2023-08-09,2023-08-15,First Class,Consumer,Tampa,Florida,South,Furniture,Bookcases,1322.55,1,0.1,104.52
ORD-54040,2021-06-16,2021-06-23,First Class,Consumer,Virginia City,Virginia,East,Technology,Machines,639.3,1,0.1,12.22
ORD-54041,2023-07-10,2023-07-15,Second Class,Home Office,North Carolina City,North Carolina,South,Technology,Machines,14678.98,9,0.0,-3018.89
ORD-54042,2021-03-15,2021-03-16,Standard Class,Corporate,South Carolina City,South Carolina,South,Furniture,Chairs,12681.75,9,0.25,-2998.0
ORD-54043,2024-03-14,2024-03-20,Standard Class,Corporate,Virginia City,Virginia,East,Furniture,Furnishings,4494.71,9,0.2,433.83
ORD-54044,2020-12-21,2020-12-26,Standard Class,Home Office,Minnesota City,Minnesota,Central,Technology,Phones,6733.16,5,0.0,274.12
ORD-54045,2022-12-11,2022-12-16,First Class,Corporate,Louisiana City,Louisiana,South,Office Supplies,Art,9006.51,6,0.0,-1814.65
ORD-54046,2024-07-07,2024-07-10,Standard Class,Consumer,Grand Rapids,Michigan,Central,Technology,Accessories,1869.07,6,0.0,-119.2
ORD-54047,2021-05-18,2021-05-23,Standard Class,Corporate,Massachusetts City,Massachusetts,East,Office Supplies,Storage,8559.47,5,0.1,-375.74
ORD-54048,2020-04-27,2020-05-03,Second Class,Consumer,Maryland City,Maryland,East,Office Supplies,Art,4432.94,3,0.0,1097.45
ORD-54049,2024-09-19,2024-09-26,Second Class,Consumer,Missouri City,Missouri,Central,Office Supplies,Labels,6509.98,7,0.0,404.8
ORD-54050,2020-05-20,2020-05-25,Standard Class,Consumer,New Mexico City,New Mexico,West,Furniture,Furnishings,4319.29,2,0.0,489.87
ORD-54051,2021-01-31,2021-02-05,First Class,Home Office,Austin,Texas,Central,Office Supplies,Paper,10381.34,6,0.15,2515.38
ORD-54052,2020-06-25,2020-06-30,Standard Class,Home Office,South Carolina City,South Carolina,South,Technology,Phones,12134.49,8,0.0,147.57
ORD-54053,2021-01-16,2021-01-18,First Class,Consumer,Nevada City,Nevada,West,Furniture,Chairs,9977.32,9,0.0,-1912.63
ORD-54054,2024-10-22,2024-10-28,Standard Class,Consumer,South Carolina City,South Carolina,South,Furniture,Furnishings,1394.13,1,0.2,-357.75
ORD-54055,2024-02-14,2024-02-21,Standard Class,Consumer,New Mexico City,New Mexico,West,Technology,Accessories,1109.56,1,0.15,429.58
ORD-54056,2024-11-04,2024-11-10,Standard Class,Consumer,Wisconsin City,Wisconsin,Central,Office Supplies,Paper,5105.02,4,0.0,-904.24
ORD-54057,2020-05-30,2020-06-03,Standard Class,Consumer,Kansas City,Kansas,Central,Office Supplies,Fasteners,1778.06,8,0.0,676.94
ORD-54058,2023-03-13,2023-03-16,First Class,Corporate,Kansas City,Kansas,Central,Office Supplies,Labels,1661.32,4,0.0,366.8
ORD-54059,2022-05-12,2022-05-17,Same Day,Home Office,Nebraska City,Nebraska,Central,Technology,Machines,8252.63,5,0.25,-2048.8
ORD-54060,2024-08-15,2024-08-22,Second Class,Corporate,Albany,New York,East,Technology,Machines,6971.99,3,0.0,2037.43
ORD-54061,2024-03-09,2024-03-14,Standard Class,Consumer,Alabama City,Alabama,South,Technology,Phones,13586.21,9,0.0,1849.8
ORD-54062,2021-02-18,2021-02-20,Standard Class,Corporate,Iowa City,Iowa,Central,Furniture,Chairs,3614.55,5,0.0,992.0
ORD-54063,2022-09-21,2022-09-25,Second Class,Home Office,Idaho City,Idaho,West,Office Supplies,Fasteners,249.45,3,0.0,39.34
ORD-54064,2024-03-07,2024-03-13,Standard Class,Corporate,Vermont City,Vermont,East,Furniture,Tables,12247.05,7,0.0,2005.2
ORD-54065,2020-09-20,2020-09-21,Standard Class,Consumer,Buffalo,New York,East,Office Supplies,Envelopes,730.48,1,0.0,111.71
ORD-54066,2020-09-04,2020-09-05,Standard Class,Consumer,Massachusetts City,Massachusetts,East,Office Supplies,Art,438.26,3,0.0,-3.98
ORD-54067,2022-04-17,2022-04-22,Standard Class,Consumer,Iowa City,Iowa,Central,Technology,Accessories,2651.46,7,0.1,207.78
ORD-54068,2020-12-23,2020-12-29,Standard Class,Corporate,Nebraska City,Nebraska,Central,Office Supplies,Paper,1735.35,3,0.0,660.29
ORD-54069,2021-06-08,2021-06-12,Standard Class,Consumer,Connecticut City,Connecticut,East,Furniture,Tables,6808.83,7,0.4,-454.47
ORD-54070,2023-08-12,2023-08-17,Standard Class,Corporate,Arizona City,Arizona,West,Office Supplies,Envelopes,2235.13,3,0.0,-183.27
ORD-54071,2023-10-16,2023-10-17,Same Day,Consumer,Columbus,Ohio,Central,Technology,Accessories,8982.89,9,0.0,-2204.32
ORD-54072,2021-12-24,2021-12-26,Standard Class,Consumer,Oregon City,Oregon,West,Furniture,Bookcases,674.15,1,0.0,-100.89
ORD-54073,2021-01-21,2021-01-28,Standard Class,Consumer,Oregon City,Oregon,West,Technology,Accessories,1013.98,1,0.1,-216.85
ORD-54074,2023-07-29,2023-08-05,Standard Class,Consumer,Iowa City,Iowa,Central,Technology,Accessories,678.79,1,0.5,-42.87
ORD-54075,2022-01-14,2022-01-17,Second Class,Corporate,Tennessee City,Tennessee,South,Furniture,Chairs,2933.6,6,0.0,179.83
ORD-54076,2020-03-17,2020-03-20,Standard Class,Corporate,South Carolina City,South Carolina,South,Furniture,Furnishings,16438.82,9,0.0,-2040.57
ORD-54077,2024-08-13,2024-08-18,First Class,Consumer,South Carolina City,South Carolina,South,Furniture,Tables,14467.54,7,0.0,1743.15
ORD-54078,2020-07-23,2020-07-30,Standard Class,Corporate,Wisconsin City,Wisconsin,Central,Technology,Phones,1601.03,1,0.0,406.79
ORD-54079,2023-09-02,2023-09-07,Same Day,Home Office,Mississippi City,Mississippi,South,Technology,Copiers,16742.88,7,0.0,1025.06
ORD-54080,2020-09-17,2020-09-23,First Class,Consumer,Mississippi City,Mississippi,South,Furniture,Furnishings,396.02,6,0.0,-107.63
ORD-54081,2023-12-27,2024-01-01,Standard Class,Corporate,Utah City,Utah,West,Technology,Accessories,1736.22,3,0.0,447.15
ORD-54082,2020-04-09,2020-04-15,Standard Class,Consumer,Kansas City,Kansas,Central,Technology,Phones,13636.73,7,0.0,-2213.33
ORD-54083,2021-01-11,2021-01-12,Standard Class,Corporate,Nebraska City,Nebraska,Central,Technology,Copiers,2741.62,5,0.3,377.77
ORD-54084,2023-11-10,2023-11-16,Standard Class,Home Office,Arizona City,Arizona,West,Office Supplies,Labels,3752.83,8,0.4,877.33
ORD-54085,2024-08-11,2024-08-18,Standard Class,Consumer,South Carolina City,South Carolina,South,Furniture,Chairs,7987.6,6,0.0,1935.81
ORD-54086,2021-12-05,2021-12-07,First Class,Home Office,Connecticut City,Connecticut,East,Furniture,Tables,12432.67,5,0.0,2864.99
ORD-54087,2020-09-22,2020-09-25,Standard Class,Consumer,Wisconsin City,Wisconsin,Central,Technology,Phones,3897.95,4,0.0,-356.96
ORD-54088,2024-01-25,2024-01-31,Standard Class,Consumer,Rhode Island City,Rhode Island,East,Furniture,Bookcases,1594.64,4,0.3,463.88
ORD-54089,2020-11-22,2020-11-25,Standard Class,Home Office,North Carolina City,North Carolina,South,Office Supplies,Storage,8652.95,6,0.1,11.7
ORD-54090,2022-10-29,2022-11-03,First Class,Consumer,Massachusetts City,Massachusetts,East,Office Supplies,Fasteners,6034.45,5,0.2,2307.01
ORD-54091,2024-09-04,2024-09-06,Standard Class,Corporate,Kansas City,Kansas,Central,Furniture,Chairs,2804.44,8,0.4,481.42
ORD-54092,2020-06-09,2020-06-11,Second Class,Corporate,Iowa City,Iowa,Central,Furniture,Bookcases,10790.77,7,0.0,614.07
ORD-54093,2022-02-01,2022-02-05,Standard Class,Consumer,Wisconsin City,Wisconsin,Central,Technology,Copiers,6106.13,4,0.0,-889.37
ORD-54094,2021-04-12,2021-04-18,Standard Class,Consumer,Mississippi City,Mississippi,South,Furniture,Tables,182.24,3,0.25,-17.2
ORD-54095,2024-10-04,2024-10-05,Standard Class,Consumer,Tennessee City,Tennessee,South,Technology,Machines,710.16,9,0.0,304.7
ORD-54096,2022-03-23,2022-03-30,First Class,Consumer,Arkansas City,Arkansas,South,Furniture,Bookcases,1130.09,7,0.2,176.22
ORD-54097,2021-11-20,2021-11-23,Standard Class,Consumer,Tennessee City,Tennessee,South,Office Supplies,Labels,1145.85,4,0.1,-271.91
ORD-54098,2020-10-11,2020-10-17,Standard Class,Corporate,North Carolina City,North Carolina,South,Technology,Copiers,2841.19,9,0.0,-613.67
ORD-54099,2020-11-29,2020-12-04,Same Day,Corporate,Albany,New York,East,Furniture,Furnishings,7810.81,4,0.0,2213.17
ORD-54100,2022-01-29,2022-01-31,Standard Class,Corporate,Seattle,Washington,West,Technology,Accessories,106.81,1,0.0,10.53
ORD-54101,2020-08-08,2020-08-11,Standard Class,Consumer,Iowa City,Iowa,Central,Technology,Phones,12199.45,5,0.0,858.04
ORD-54102,2024-04-16,2024-04-22,First Class,Consumer,Tampa,Florida,South,Technology,Accessories,7485.08,6,0.1,2304.31
ORD-54103,2022-04-01,2022-04-06,Standard Class,Corporate,Orlando,Florida,South,Technology,Machines,2387.48,2,0.0,798.8
ORD-54104,2021-10-04,2021-10-07,Second Class,Consumer,North Carolina City,North Carolina,South,Technology,Machines,9941.15,8,0.0,-246.32
ORD-54105,2020-04-24,2020-04-29,Same Day,Home Office,Mississippi City,Mississippi,South,Technology,Machines,822.87,5,0.0,321.93
ORD-54106,2022-12-28,2022-12-29,Second Class,Consumer,Virginia City,Virginia,East,Furniture,Bookcases,2215.87,1,0.0,-113.22
ORD-54107,2023-09-10,2023-09-14,Standard Class,Corporate,Connecticut City,Connecticut,East,Furniture,Tables,204.27,2,0.0,-30.56
ORD-54108,2021-02-22,2021-02-28,Standard Class,Consumer,Mississippi City,Mississippi,South,Furniture,Chairs,1228.02,8,0.0,-113.38
ORD-54109,2024-03-12,2024-03-18,First Class,Home Office,Virginia City,Virginia,East,Technology,Phones,4659.7,2,0.0,1731.84
ORD-54110,2022-03-06,2022-03-12,Second Class,Home Office,Louisiana City,Louisiana,South,Office Supplies,Supplies,8185.38,5,0.0,-41.85
ORD-54111,2023-03-11,2023-03-13,Standard Class,Consumer,Missouri City,Missouri,Central,Office Supplies,Supplies,949.53,2,0.0,-53.8
ORD-54112,2020-06-15,2020-06-17,Standard Class,Corporate,Buffalo,New York,East,Furniture,Tables,15885.93,9,0.0,2798.08
ORD-54113,2024-12-17,2024-12-21,Same Day,Corporate,Nevada City,Nevada,West,Office Supplies,Storage,760.31,7,0.1,-67.24
ORD-54114,2020-09-21,2020-09-22,Standard Class,Corporate,Nebraska City,Nebraska,Central,Technology,Phones,21124.34,9,0.0,5143.15
ORD-54115,2020-11-12,2020-11-13,Standard Class,Corporate,New Mexico City,New Mexico,West,Office Supplies,Binders,10007.03,8,0.4,-1056.22
ORD-54116,2024-12-02,2024-12-09,Second Class,Home Office,Idaho City,Idaho,West,Technology,Copiers,7860.09,5,0.0,-930.75
ORD-54117,2023-04-24,2023-04-28,Standard Class,Corporate,Tacoma,Washington,West,Furniture,Chairs,5839.96,3,0.0,-891.57
ORD-54118,2024-08-14,2024-08-21,Standard Class,Consumer,Maryland City,Maryland,East,Furniture,Furnishings,11462.93,7,0.0,3231.29
ORD-54119,2024-02-20,2024-02-24,Standard Class,Consumer,Nevada City,Nevada,West,Furniture,Bookcases,600.33,1,0.1,-143.89
ORD-54120,2022-04-22,2022-04-28,First Class,Consumer,Kansas City,Kansas,Central,Technology,Copiers,807.88,9,0.5,346.2
ORD-54121,2023-12-13,2023-12-15,Standard Class,Home Office,Cincinnati,Ohio,Central,Technology,Phones,3890.01,5,0.0,1140.58
ORD-54122,2021-06-22,2021-06-27,Second Class,Consumer,Connecticut City,Connecticut,East,Furniture,Furnishings,11102.67,5,0.0,2240.58
ORD-54123,2023-06-13,2023-06-17,Standard Class,Consumer,Arkansas City,Arkansas,South,Office Supplies,Labels,6124.72,3,0.0,-570.2
ORD-54124,2023-07-19,2023-07-21,Standard Class,Corporate,Seattle,Washington,West,Office Supplies,Paper,9151.31,4,0.0,-1732.98
ORD-54125,2022-12-06,2022-12-07,Same Day,Consumer,Oregon City,Oregon,West,Technology,Copiers,5808.32,7,0.0,2404.59
ORD-54126,2022-03-27,2022-03-31,First Class,Consumer,Arizona City,Arizona,West,Office Supplies,Paper,116.29,7,0.0,-20.08
ORD-54127,2023-05-24,2023-05-28,Second Class,Consumer,Oregon City,Oregon,West,Technology,Machines,1993.91,5,0.3,338.14
ORD-54128,2024-12-26,2025-01-02,Standard Class,Consumer,Austin,Texas,Central,Technology,Phones,9195.18,8,0.1,-1295.06
ORD-54129,2023-01-17,2023-01-19,Standard Class,Consumer,South Carolina City,South Carolina,South,Office Supplies,Fasteners,1890.34,2,0.0,645.31
ORD-54130,2024-04-18,2024-04-24,First Class,Corporate,Arizona City,Arizona,West,Office Supplies,Labels,454.71,1,0.0,-30.05
ORD-54131,2021-11-16,2021-11-17,Second Class,Consumer,Harrisburg,Pennsylvania,East,Office Supplies,Supplies,2055.54,7,0.1,-396.65
ORD-54132,2021-12-04,2021-12-05,Standard Class,Home Office,Springfield,Illinois,Central,Furniture,Tables,6549.22,5,0.0,-258.02
ORD-54133,2021-09-30,2021-10-06,Second Class,Corporate,Kansas City,Kansas,Central,Office Supplies,Binders,8892.16,7,0.0,1128.71
ORD-54134,2022-06-08,2022-06-15,Standard Class,Home Office,Utah City,Utah,West,Technology,Machines,1975.41,4,0.0,-392.28
ORD-54135,2023-09-25,2023-09-26,Standard Class,Consumer,Wisconsin City,Wisconsin,Central,Technology,Machines,3724.8,2,0.0,230.98
ORD-54136,2024-03-29,2024-03-30,Standard Class,Corporate,Kansas City,Kansas,Central,Furniture,Tables,5237.12,3,0.0,-778.53
ORD-54137,2022-05-18,2022-05-21,Standard Class,Consumer,Colorado City,Colorado,West,Technology,Machines,365.46,7,0.25,52.86
ORD-54138,2024-10-25,2024-10-27,Second Class,Home Office,Wisconsin City,Wisconsin,Central,Technology,Accessories,460.58,1,0.25,91.12
ORD-54139,2021-06-01,2021-06-08,Standard Class,Consumer,Mississippi City,Mississippi,South,Office Supplies,Labels,1710.35,6,0.0,131.27
ORD-54140,2020-06-23,2020-06-29,Standard Class,Corporate,Cincinnati,Ohio,Central,Office Supplies,Paper,6431.03,3,0.0,2082.15
ORD-54141,2021-11-17,2021-11-22,Standard Class,Corporate,Arizona City,Arizona,West,Technology,Copiers,11484.24,6,0.0,4646.45
ORD-54142,2024-06-15,2024-06-17,Standard Class,Consumer,Arizona City,Arizona,West,Technology,Accessories,1588.25,6,0.25,-360.37
ORD-54143,2021-12-31,2022-01-02,Standard Class,Consumer,Orlando,Florida,South,Technology,Accessories,2272.66,3,0.15,-60.62
ORD-54144,2024-05-27,2024-05-30,Standard Class,Consumer,Rhode Island City,Rhode Island,East,Office Supplies,Storage,1271.55,1,0.2,512.84
ORD-54145,2021-06-14,2021-06-18,Same Day,Consumer,San Antonio,Texas,Central,Furniture,Bookcases,4900.23,3,0.0,354.79
ORD-54146,2024-07-05,2024-07-08,Second Class,Consumer,Arizona City,Arizona,West,Furniture,Furnishings,540.91,1,0.0,224.99
ORD-54147,2020-10-27,2020-11-03,Standard Class,Corporate,Nebraska City,Nebraska,Central,Furniture,Bookcases,4433.85,6,0.0,-470.67
ORD-54148,2021-03-12,2021-03-18,Second Class,Consumer,Vermont City,Vermont,East,Furniture,Furnishings,391.9,1,0.4,-92.7
ORD-54149,2020-09-29,2020-10-04,Standard Class,Consumer,Tacoma,Washington,West,Office Supplies,Art,7269.73,3,0.0,2563.44
ORD-54150,2023-05-11,2023-05-12,Second Class,Consumer,Oregon City,Oregon,West,Technology,Machines,11903.62,9,0.15,-1568.96
ORD-54151,2022-05-07,2022-05-13,Standard Class,Consumer,Utah City,Utah,West,Technology,Phones,9744.83,4,0.0,825.1
ORD-54152,2024-03-10,2024-03-16,First Class,Corporate,Rhode Island City,Rhode Island,East,Office Supplies,Envelopes,7622.89,9,0.0,2721.8
ORD-54153,2021-09-11,2021-09-12,Standard Class,Consumer,Missouri City,Missouri,Central,Office Supplies,Binders,6675.28,3,0.0,-1475.39
ORD-54154,2021-09-01,2021-09-07,First Class,Consumer,Kansas City,Kansas,Central,Technology,Phones,9503.46,8,0.5,-1700.62
ORD-54155,2020-08-18,2020-08-22,Standard Class,Consumer,Iowa City,Iowa,Central,Furniture,Tables,6889.96,9,0.0,-89.23
ORD-54156,2021-08-04,2021-08-06,Second Class,Consumer,San Antonio,Texas,Central,Technology,Phones,8552.51,5,0.0,-584.48
ORD-54157,2022-08-07,2022-08-12,Standard Class,Consumer,Massachusetts City,Massachusetts,East,Office Supplies,Envelopes,2242.32,5,0.0,1001.44
ORD-54158,2023-12-26,2023-12-31,Standard Class,Consumer,Pittsburgh,Pennsylvania,East,Office Supplies,Fasteners,5294.77,3,0.15,1773.61
ORD-54159,2023-04-18,2023-04-22,First Class,Consumer,Virginia City,Virginia,East,Office Supplies,Fasteners,21222.74,9,0.0,6667.74
ORD-54160,2021-06-04,2021-06-05,Second Class,Consumer,Connecticut City,Connecticut,East,Furniture,Bookcases,83.49,6,0.2,-6.24
ORD-54161,2024-02-14,2024-02-17,Standard Class,Home Office,Arizona City,Arizona,West,Technology,Copiers,8093.97,6,0.0,-258.18
ORD-54162,2024-09-17,2024-09-21,Second Class,Consumer,Wisconsin City,Wisconsin,Central,Technology,Machines,744.71,1,0.3,126.72
ORD-54163,2023-12-16,2023-12-23,Standard Class,Home Office,Maryland City,Maryland,East,Technology,Phones,9434.05,4,0.0,3932.67
ORD-54164,2023-09-26,2023-10-01,Standard Class,Home Office,Seattle,Washington,West,Furniture,Tables,12709.28,7,0.0,143.42
ORD-54165,2022-08-04,2022-08-08,Standard Class,Consumer,Kansas City,Kansas,Central,Technology,Phones,5940.86,6,0.15,-1512.64
ORD-54166,2021-08-10,2021-08-11,Second Class,Consumer,Tacoma,Washington,West,Technology,Machines,2929.89,2,0.2,1054.99
ORD-54167,2020-11-29,2020-11-30,Standard Class,Home Office,Mississippi City,Mississippi,South,Office Supplies,Envelopes,1136.01,2,0.0,-296.12
ORD-54168,2022-09-05,2022-09-06,Standard Class,Consumer,Colorado City,Colorado,West,Technology,Copiers,1085.23,2,0.0,-133.87
ORD-54169,2024-09-26,2024-10-02,Standard Class,Home Office,New York City,New York,East,Office Supplies,Envelopes,6814.38,5,0.4,-1784.34
ORD-54170,2023-12-31,2024-01-07,Same Day,Corporate,San Antonio,Texas,Central,Furniture,Tables,12243.06,5,0.0,773.21
ORD-54171,2021-11-07,2021-11-14,Standard Class,Home Office,Virginia City,Virginia,East,Furniture,Bookcases,417.91,6,0.1,164.95
ORD-54172,2023-09-25,2023-10-01,Standard Class,Consumer,Idaho City,Idaho,West,Technology,Machines,3875.11,5,0.0,485.59
ORD-54173,2022-11-30,2022-12-03,Standard Class,Consumer,Wisconsin City,Wisconsin,Central,Office Supplies,Storage,828.29,4,0.0,52.4
ORD-54174,2022-06-07,2022-06-13,Standard Class,Consumer,Massachusetts City,Massachusetts,East,Technology,Machines,5856.48,9,0.0,-126.47
ORD-54175,2023-06-15,2023-06-19,First Class,Home Office,Connecticut City,Connecticut,East,Office Supplies,Storage,1203.1,3,0.2,153.97
ORD-54176,2020-09-22,2020-09-23,Standard Class,Home Office,Massachusetts City,Massachusetts,East,Technology,Machines,2449.57,3,0.0,784.83
ORD-54177,2022-03-27,2022-03-29,Standard Class,Consumer,Cincinnati,Ohio,Central,Technology,Accessories,17008.58,8,0.0,3086.77
ORD-54178,2024-03-15,2024-03-22,Same Day,Corporate,Kansas City,Kansas,Central,Furniture,Bookcases,6441.25,5,0.0,1086.01
ORD-54179,2022-04-26,2022-04-28,Standard Class,Corporate,Rhode Island City,Rhode Island,East,Office Supplies,Art,1177.73,7,0.0,23.07
ORD-54180,2020-01-11,2020-01-16,Standard Class,Home Office,Virginia City,Virginia,East,Furniture,Furnishings,2635.28,5,0.0,-318.3
ORD-54181,2023-05-29,2023-06-02,Standard Class,Home Office,Connecticut City,Connecticut,East,Office Supplies,Fasteners,751.27,4,0.2,105.43
ORD-54182,2020-01-21,2020-01-22,Second Class,Home Office,Albany,New York,East,Technology,Accessories,4949.23,5,0.0,-1322.66
ORD-54183,2021-06-21,2021-06-26,First Class,Home Office,Nevada City,Nevada,West,Technology,Phones,5390.93,4,0.0,-18.44
ORD-54184,2020-09-11,2020-09-13,Standard Class,Consumer,Alabama City,Alabama,South,Furniture,Chairs,823.48,4,0.15,273.98
ORD-54185,2022-12-30,2023-01-01,Standard Class,Consumer,Delaware City,Delaware,East,Furniture,Tables,10437.51,7,0.0,1122.91
ORD-54186,2023-11-29,2023-12-02,Standard Class,Consumer,Virginia City,Virginia,East,Technology,Phones,52.51,3,0.0,9.76
ORD-54187,2020-09-06,2020-09-12,Standard Class,Corporate,Tampa,Florida,South,Office Supplies,Supplies,3914.9,7,0.0,-354.05
ORD-54188,2022-09-01,2022-09-08,Same Day,Corporate,Missouri City,Missouri,Central,Technology,Copiers,11450.7,6,0.1,4678.87
ORD-54189,2022-03-07,2022-03-14,Second Class,Consumer,Kentucky City,Kentucky,South,Technology,Phones,7752.14,7,0.0,1163.7
ORD-54190,2020-01-22,2020-01-25,First Class,Home Office,Virginia City,Virginia,East,Office Supplies,Paper,16228.55,8,0.0,-1036.36
ORD-54191,2022-12-07,2022-12-08,Second Class,Consumer,North Carolina City,North Carolina,South,Furniture,Chairs,283.55,1,0.0,-18.99
ORD-54192,2022-11-23,2022-11-26,First Class,Home Office,Spokane,Washington,West,Technology,Copiers,6572.74,6,0.2,-1325.05
ORD-54193,2021-04-30,2021-05-04,Standard Class,Corporate,New Mexico City,New Mexico,West,Office Supplies,Binders,8251.25,5,0.3,-1296.15
ORD-54194,2020-10-20,2020-10-23,Second Class,Consumer,Kansas City,Kansas,Central,Technology,Accessories,1821.15,1,0.2,209.64
ORD-54195,2021-08-23,2021-08-27,Second Class,Corporate,Albany,New York,East,Technology,Copiers,2267.82,6,0.0,775.94
ORD-54196,2020-10-13,2020-10-20,Second Class,Consumer,Kansas City,Kansas,Central,Furniture,Furnishings,597.03,7,0.0,-113.22
ORD-54197,2024-02-18,2024-02-25,First Class,Corporate,Vermont City,Vermont,East,Furniture,Chairs,6176.87,9,0.0,1031.98
ORD-54198,2024-01-22,2024-01-25,Second Class,Home Office,Tennessee City,Tennessee,South,Technology,Copiers,9209.22,9,0.5,2556.88
ORD-54199,2023-10-13,2023-10-18,First Class,Consumer,Virginia City,Virginia,East,Office Supplies,Storage,1282.98,1,0.1,508.24
ORD-54200,2021-02-11,2021-02-15,Standard Class,Corporate,New Jersey City,New Jersey,East,Office Supplies,Labels,16160.32,8,0.0,-3405.1
ORD-54201,2023-07-04,2023-07-07,Second Class,Consumer,Seattle,Washington,West,Technology,Phones,1821.67,3,0.0,485.21
ORD-54202,2024-03-04,2024-03-06,Second Class,Corporate,Augusta,Georgia,South,Furniture,Tables,3812.15,3,0.4,342.83
ORD-54203,2021-02-19,2021-02-21,Same Day,Corporate,Maryland City,Maryland,East,Furniture,Tables,4382.13,3,0.0,936.69
ORD-54204,2023-08-17,2023-08-23,Standard Class,Home Office,Detroit,Michigan,Central,Technology,Copiers,965.24,5,0.2,373.11
ORD-54205,2023-08-22,2023-08-24,Standard Class,Corporate,Utah City,Utah,West,Furniture,Chairs,4776.8,6,0.2,-907.12
ORD-54206,2020-12-20,2020-12-22,Same Day,Consumer,Miami,Florida,South,Furniture,Chairs,242.16,2,0.5,91.12
ORD-54207,2021-12-04,2021-12-09,Standard Class,Consumer,New Mexico City,New Mexico,West,Technology,Phones,5408.98,9,0.0,1318.54
ORD-54208,2020-07-14,2020-07-20,Second Class,Home Office,Nebraska City,Nebraska,Central,Furniture,Furnishings,3772.63,4,0.0,-141.21
ORD-54209,2024-03-16,2024-03-22,Standard Class,Home Office,Colorado City,Colorado,West,Technology,Phones,14383.0,8,0.2,584.86
ORD-54210,2022-05-13,2022-05-19,Standard Class,Consumer,Arkansas City,Arkansas,South,Office Supplies,Labels,1963.38,3,0.15,-102.07
ORD-54211,2020-01-01,2020-01-08,Second Class,Consumer,Detroit,Michigan,Central,Technology,Copiers,11939.66,6,0.0,2612.67
ORD-54212,2023-06-28,2023-06-29,Second Class,Consumer,Nevada City,Nevada,West,Technology,Machines,9462.7,8,0.0,-1489.44
ORD-54213,2023-05-30,2023-05-31,Standard Class,Home Office,Grand Rapids,Michigan,Central,Technology,Phones,5062.33,9,0.25,-380.94
ORD-54214,2020-06-07,2020-06-13,Standard Class,Consumer,Maryland City,Maryland,East,Technology,Copiers,592.01,1,0.0,207.92
ORD-54215,2023-04-23,2023-04-30,Standard Class,Consumer,Utah City,Utah,West,Technology,Machines,10251.71,7,0.0,-1133.04
ORD-54216,2020-04-11,2020-04-14,Second Class,Consumer,Albany,New York,East,Furniture,Chairs,11471.41,7,0.0,4729.44
ORD-54217,2022-08-24,2022-08-31,Second Class,Corporate,Wisconsin City,Wisconsin,Central,Office Supplies,Storage,6115.09,6,0.0,-223.74
ORD-54218,2023-06-28,2023-07-04,Second Class,Consumer,Mississippi City,Mississippi,South,Technology,Copiers,915.32,6,0.0,108.48
ORD-54219,2022-01-09,2022-01-10,Standard Class,Consumer,Delaware City,Delaware,East,Furniture,Chairs,4339.19,5,0.0,874.42
ORD-54220,2023-09-28,2023-09-29,Standard Class,Consumer,San Diego,California,West,Furniture,Furnishings,3446.19,6,0.0,241.95
ORD-54221,2021-06-21,2021-06-27,First Class,Corporate,Detroit,Michigan,Central,Technology,Phones,8285.4,7,0.3,-307.22
ORD-54222,2024-04-23,2024-04-24,Standard Class,Consumer,Vermont City,Vermont,East,Office Supplies,Paper,3891.0,2,0.0,805.11
ORD-54223,2023-03-13,2023-03-16,Second Class,Corporate,Cincinnati,Ohio,Central,Furniture,Chairs,671.3,2,0.0,58.09
ORD-54224,2020-12-04,2020-12-10,First Class,Consumer,South Carolina City,South Carolina,South,Furniture,Furnishings,2455.18,7,0.0,-459.43
ORD-54225,2023-12-29,2023-12-31,Standard Class,Corporate,Iowa City,Iowa,Central,Technology,Copiers,10354.36,6,0.15,1244.7
ORD-54226,2022-08-20,2022-08-24,First Class,Corporate,Springfield,Illinois,Central,Furniture,Tables,7553.0,9,0.0,-1774.52
ORD-54227,2023-05-10,2023-05-17,Standard Class,Consumer,Louisiana City,Louisiana,South,Office Supplies,Labels,733.86,1,0.0,-122.08
ORD-54228,2021-02-14,2021-02-21,Same Day,Consumer,North Carolina City,North Carolina,South,Furniture,Furnishings,10594.58,5,0.0,-1837.5
ORD-54229,2024-07-22,2024-07-24,First Class,Consumer,Peoria,Illinois,Central,Office Supplies,Art,3486.24,3,0.0,375.78
ORD-54230,2021-12-25,2021-12-26,Standard Class,Consumer,Utah City,Utah,West,Technology,Accessories,4239.18,8,0.15,-1089.0
ORD-54231,2022-07-27,2022-08-03,Standard Class,Consumer,Arizona City,Arizona,West,Office Supplies,Storage,7144.98,5,0.1,3116.45
ORD-54232,2022-06-23,2022-06-30,Second Class,Home Office,Arizona City,Arizona,West,Furniture,Furnishings,2720.98,8,0.0,662.4
ORD-54233,2024-11-30,2024-12-04,Standard Class,Corporate,Miami,Florida,South,Furniture,Tables,19090.32,8,0.0,-333.53
ORD-54234,2023-05-08,2023-05-11,Standard Class,Consumer,Colorado City,Colorado,West,Office Supplies,Envelopes,4817.03,8,0.0,1526.78
ORD-54235,2024-03-26,2024-03-28,Second Class,Consumer,Rhode Island City,Rhode Island,East,Office Supplies,Binders,7175.32,4,0.2,1578.94
ORD-54236,2021-02-07,2021-02-14,Second Class,Consumer,Iowa City,Iowa,Central,Furniture,Furnishings,1936.53,1,0.0,261.33
ORD-54237,2021-05-09,2021-05-14,Standard Class,Consumer,Cleveland,Ohio,Central,Office Supplies,Envelopes,15589.79,9,0.0,358.32
ORD-54238,2023-08-04,2023-08-05,Standard Class,Consumer,Minnesota City,Minnesota,Central,Furniture,Chairs,1296.33,1,0.1,468.2
ORD-54239,2022-12-18,2022-12-24,Standard Class,Home Office,Rhode Island City,Rhode Island,East,Furniture,Bookcases,4873.69,5,0.0,-284.33
ORD-54240,2021-07-25,2021-07-30,Second Class,Consumer,New Jersey City,New Jersey,East,Furniture,Furnishings,2128.75,1,0.0,-102.09
ORD-54241,2020-10-30,2020-11-01,Standard Class,Corporate,Arizona City,Arizona,West,Technology,Machines,1870.09,3,0.2,-359.16
ORD-54242,2023-08-22,2023-08-28,Standard Class,Consumer,Kentucky City,Kentucky,South,Office Supplies,Labels,6957.21,6,0.0,-1219.04
ORD-54243,2021-12-12,2021-12-13,Standard Class,Home Office,Montana City,Montana,West,Technology,Phones,4896.1,3,0.0,1959.26
ORD-54244,2020-05-05,2020-05-08,Second Class,Consumer,New Mexico City,New Mexico,West,Technology,Machines,10359.72,7,0.0,3941.08
ORD-54245,2020-01-16,2020-01-21,First Class,Consumer,Kansas City,Kansas,Central,Office Supplies,Supplies,481.2,1,0.0,60.25
ORD-54246,2024-07-20,2024-07-27,First Class,Home Office,Connecticut City,Connecticut,East,Technology,Phones,1395.69,3,0.15,-195.17
ORD-54247,2020-07-17,2020-07-20,Standard Class,Consumer,Kentucky City,Kentucky,South,Office Supplies,Binders,11992.44,7,0.0,-894.09
ORD-54248,2021-12-16,2021-12-23,First Class,Consumer,San Francisco,California,West,Technology,Copiers,4299.67,2,0.1,115.88
ORD-54249,2021-02-21,2021-02-23,Second Class,Corporate,Arizona City,Arizona,West,Technology,Accessories,4437.01,4,0.5,1709.67
ORD-54250,2023-08-27,2023-08-31,Standard Class,Consumer,Connecticut City,Connecticut,East,Technology,Phones,4172.69,9,0.0,6.65
ORD-54251,2020-09-10,2020-09-12,Standard Class,Consumer,Virginia City,Virginia,East,Furniture,Tables,5393.4,4,0.0,-1555.82
ORD-54252,2023-08-28,2023-08-29,Standard Class,Corporate,Louisiana City,Louisiana,South,Office Supplies,Supplies,7049.84,7,0.0,-732.05
ORD-54253,2021-10-05,2021-10-08,First Class,Consumer,Nebraska City,Nebraska,Central,Technology,Accessories,11488.04,9,0.0,-2049.5
ORD-54254,2022-02-13,2022-02-19,Standard Class,Consumer,Alabama City,Alabama,South,Office Supplies,Envelopes,2245.57,8,0.0,-323.05
ORD-54255,2023-09-18,2023-09-20,Standard Class,Corporate,Maryland City,Maryland,East,Technology,Machines,12516.51,8,0.1,2066.67
ORD-54256,2021-03-18,2021-03-24,Standard Class,Consumer,Alabama City,Alabama,South,Furniture,Tables,4076.76,7,0.25,-934.62
ORD-54257,2024-09-09,2024-09-15,Standard Class,Consumer,Montana City,Montana,West,Office Supplies,Envelopes,8281.3,7,0.0,-1065.92
ORD-54258,2021-10-16,2021-10-21,Standard Class,Consumer,Austin,Texas,Central,Furniture,Chairs,10899.67,5,0.0,-168.56
ORD-54259,2021-08-24,2021-08-25,Standard Class,Consumer,Arizona City,Arizona,West,Technology,Phones,2572.19,2,0.0,-333.07
ORD-54260,2023-12-28,2024-01-04,Standard Class,Consumer,Connecticut City,Connecticut,East,Furniture,Tables,6083.81,4,0.0,-717.32
ORD-54261,2021-02-05,2021-02-09,Standard Class,Home Office,Iowa City,Iowa,Central,Furniture,Chairs,9520.09,6,0.1,1762.41
ORD-54262,2021-07-24,2021-07-31,First Class,Home Office,New Mexico City,New Mexico,West,Furniture,Furnishings,2477.38,5,0.3,717.01
ORD-54263,2020-05-21,2020-05-28,Standard Class,Consumer,New Jersey City,New Jersey,East,Technology,Phones,6257.93,5,0.0,1392.68
ORD-54264,2023-02-20,2023-02-22,Second Class,Home Office,Rhode Island City,Rhode Island,East,Office Supplies,Envelopes,4286.5,7,0.0,-438.13
ORD-54265,2023-02-21,2023-02-24,Standard Class,Corporate,Alabama City,Alabama,South,Furniture,Tables,4139.4,4,0.0,584.79
ORD-54266,2020-07-11,2020-07-16,Standard Class,Home Office,Utah City,Utah,West,Furniture,Furnishings,92.31,1,0.25,-19.92
ORD-54267,2020-11-25,2020-12-01,First Class,Consumer,New Mexico City,New Mexico,West,Technology,Accessories,4485.12,5,0.0,-171.92
ORD-54268,2024-04-21,2024-04-28,Standard Class,Home Office,New Mexico City,New Mexico,West,Furniture,Furnishings,2174.93,2,0.15,57.01
ORD-54269,2024-01-28,2024-01-31,Standard Class,Consumer,Montana City,Montana,West,Furniture,Tables,1853.15,9,0.0,-431.07
ORD-54270,2021-01-22,2021-01-25,Second Class,Consumer,Tennessee City,Tennessee,South,Technology,Machines,1291.96,2,0.1,-41.7
ORD-54271,2020-06-01,2020-06-02,Standard Class,Home Office,Houston,Texas,Central,Office Supplies,Art,7654.01,8,0.0,1784.44
ORD-54272,2022-09-02,2022-09-08,Standard Class,Consumer,Massachusetts City,Massachusetts,East,Technology,Accessories,5377.83,4,0.1,899.83
ORD-54273,2023-09-10,2023-09-13,Standard Class,Home Office,Missouri City,Missouri,Central,Office Supplies,Paper,2973.11,2,0.0,-47.1
ORD-54274,2020-12-05,2020-12-06,First Class,Corporate,Missouri City,Missouri,Central,Furniture,Bookcases,11237.13,7,0.0,-3137.14
ORD-54275,2021-12-10,2021-12-16,Standard Class,Consumer,Tennessee City,Tennessee,South,Furniture,Furnishings,7056.23,3,0.0,866.99
ORD-54276,2023-12-31,2024-01-07,Second Class,Consumer,Minnesota City,Minnesota,Central,Technology,Machines,7538.5,5,0.0,-862.97
ORD-54277,2020-11-09,2020-11-10,Standard Class,Consumer,Nevada City,Nevada,West,Office Supplies,Supplies,10078.12,8,0.3,-985.01
ORD-54278,2024-03-05,2024-03-07,First Class,Consumer,Oregon City,Oregon,West,Office Supplies,Paper,3868.84,5,0.0,-878.21
ORD-54279,2020-07-30,2020-08-01,Second Class,Home Office,Buffalo,New York,East,Office Supplies,Labels,1210.57,3,0.0,101.22
ORD-54280,2022-01-05,2022-01-08,Second Class,Consumer,Louisiana City,Louisiana,South,Technology,Accessories,4198.69,3,0.0,-735.06
ORD-54281,2024-11-14,2024-11-15,Standard Class,Consumer,Iowa City,Iowa,Central,Technology,Machines,11136.77,5,0.0,223.85
ORD-54282,2024-01-18,2024-01-25,Same Day,Corporate,Seattle,Washington,West,Technology,Copiers,2120.77,3,0.0,-187.79
ORD-54283,2022-08-08,2022-08-09,Same Day,Consumer,San Francisco,California,West,Office Supplies,Paper,3815.42,2,0.0,772.98
ORD-54284,2022-03-07,2022-03-12,Second Class,Consumer,Utah City,Utah,West,Furniture,Bookcases,1600.85,1,0.0,19.99
ORD-54285,2022-03-29,2022-04-01,Standard Class,Consumer,Tampa,Florida,South,Furniture,Chairs,3081.48,2,0.0,739.01
ORD-54286,2022-05-27,2022-06-02,Standard Class,Consumer,Philadelphia,Pennsylvania,East,Office Supplies,Fasteners,13914.89,7,0.2,1138.05
ORD-54287,2024-04-28,2024-05-01,Second Class,Home Office,Grand Rapids,Michigan,Central,Office Supplies,Paper,2037.04,2,0.0,-218.3
ORD-54288,2024-08-22,2024-08-29,Second Class,Corporate,Kansas City,Kansas,Central,Furniture,Bookcases,1080.14,3,0.0,143.33
ORD-54289,2020-06-24,2020-06-26,Standard Class,Home Office,Tennessee City,Tennessee,South,Technology,Machines,7805.41,6,0.4,-1964.81
ORD-54290,2020-03-01,2020-03-06,First Class,Consumer,Albany,New York,East,Furniture,Furnishings,4182.91,2,0.1,1137.44
ORD-54291,2020-09-24,2020-09-28,Standard Class,Home Office,Connecticut City,Connecticut,East,Office Supplies,Fasteners,226.35,2,0.0,23.15
ORD-54292,2021-07-28,2021-08-04,First Class,Consumer,Kentucky City,Kentucky,South,Furniture,Chairs,8100.16,7,0.0,-1777.24
ORD-54293,2020-05-01,2020-05-08,Second Class,Consumer,Idaho City,Idaho,West,Furniture,Tables,8722.15,4,0.1,-169.69
ORD-54294,2022-06-28,2022-06-30,First Class,Corporate,Maryland City,Maryland,East,Office Supplies,Binders,12094.4,5,0.0,2382.43
ORD-54295,2020-05-17,2020-05-21,Same Day,Corporate,Springfield,Illinois,Central,Furniture,Chairs,2943.52,6,0.0,131.11
ORD-54296,2022-10-11,2022-10-17,Same Day,Corporate,Missouri City,Missouri,Central,Furniture,Chairs,7577.17,9,0.3,2017.09
ORD-54297,2020-12-25,2020-12-30,Standard Class,Consumer,Nevada City,Nevada,West,Furniture,Chairs,7906.95,6,0.0,-635.76
ORD-54298,2024-08-06,2024-08-09,First Class,Home Office,South Carolina City,South Carolina,South,Furniture,Bookcases,12344.68,7,0.0,5093.81
ORD-54299,2020-08-01,2020-08-03,Standard Class,Consumer,Tampa,Florida,South,Furniture,Tables,9749.44,7,0.0,-2186.82
ORD-54300,2022-05-11,2022-05-12,Standard Class,Consumer,Idaho City,Idaho,West,Office Supplies,Art,5407.39,5,0.1,861.76
ORD-54301,2024-11-19,2024-11-21,Standard Class,Consumer,North Carolina City,North Carolina,South,Furniture,Chairs,15840.67,9,0.0,4040.89
ORD-54302,2023-02-23,2023-02-27,Standard Class,Home Office,North Carolina City,North Carolina,South,Office Supplies,Supplies,5742.59,4,0.2,1879.37
ORD-54303,2020-07-03,2020-07-10,First Class,Home Office,Colorado City,Colorado,West,Technology,Accessories,5434.1,3,0.2,-385.41
ORD-54304,2020-07-24,2020-07-29,Standard Class,Consumer,Missouri City,Missouri,Central,Office Supplies,Labels,8638.5,7,0.4,-1805.54
ORD-54305,2021-02-14,2021-02-21,Standard Class,Consumer,Tampa,Florida,South,Technology,Accessories,5500.96,7,0.4,-1428.17
ORD-54306,2020-04-15,2020-04-20,Standard Class,Consumer,Kentucky City,Kentucky,South,Technology,Phones,1610.79,1,0.2,655.3
ORD-54307,2024-11-25,2024-11-26,Standard Class,Consumer,Springfield,Illinois,Central,Furniture,Tables,7137.22,8,0.5,3041.42
ORD-54308,2021-06-08,2021-06-14,Same Day,Home Office,Mississippi City,Mississippi,South,Office Supplies,Paper,664.89,5,0.2,89.47
ORD-54309,2020-09-14,2020-09-18,Same Day,Home Office,Tacoma,Washington,West,Office Supplies,Binders,8076.5,5,0.0,947.93
ORD-54310,2023-03-23,2023-03-26,First Class,Consumer,Nevada City,Nevada,West,Furniture,Furnishings,675.81,6,0.0,183.06
ORD-54311,2022-07-25,2022-07-30,Standard Class,Consumer,Nebraska City,Nebraska,Central,Office Supplies,Art,9925.79,7,0.0,1226.14
ORD-54312,2024-12-22,2024-12-25,Standard Class,Corporate,Maryland City,Maryland,East,Technology,Copiers,5095.45,4,0.25,-971.2
ORD-54313,2022-11-11,2022-11-13,Standard Class,Consumer,Wisconsin City,Wisconsin,Central,Furniture,Bookcases,8690.29,7,0.0,729.45
ORD-54314,2020-02-13,2020-02-18,Second Class,Corporate,Springfield,Illinois,Central,Office Supplies,Storage,7874.53,6,0.0,2781.2
ORD-54315,2024-07-14,2024-07-19,Second Class,Home Office,Buffalo,New York,East,Furniture,Bookcases,18046.13,9,0.0,4220.96
ORD-54316,2022-10-10,2022-10-17,Standard Class,Corporate,Arkansas City,Arkansas,South,Office Supplies,Supplies,3037.52,2,0.25,-785.75
ORD-54317,2020-01-15,2020-01-18,Standard Class,Corporate,Dallas,Texas,Central,Furniture,Tables,15473.2,7,0.0,-1477.4
ORD-54318,2023-07-31,2023-08-07,Second Class,Consumer,Utah City,Utah,West,Technology,Machines,17221.22,8,0.0,4884.2
ORD-54319,2022-11-02,2022-11-03,First Class,Corporate,Tennessee City,Tennessee,South,Office Supplies,Storage,14397.25,9,0.0,-341.26
ORD-54320,2020-03-06,2020-03-12,Second Class,Corporate,Utah City,Utah,West,Furniture,Chairs,5214.92,6,0.15,2002.31
ORD-54321,2021-03-13,2021-03-17,Standard Class,Corporate,Kentucky City,Kentucky,South,Technology,Copiers,1431.4,1,0.0,234.55
ORD-54322,2024-01-30,2024-01-31,Standard Class,Consumer,Massachusetts City,Massachusetts,East,Furniture,Bookcases,8805.68,9,0.15,-1460.2
ORD-54323,2021-08-10,2021-08-17,Standard Class,Corporate,Spokane,Washington,West,Office Supplies,Envelopes,149.96,7,0.5,-40.32
ORD-54324,2024-09-04,2024-09-09,Standard Class,Corporate,South Carolina City,South Carolina,South,Office Supplies,Paper,4916.8,6,0.4,-727.04
ORD-54325,2024-02-03,2024-02-10,First Class,Home Office,Kansas City,Kansas,Central,Furniture,Furnishings,18919.23,8,0.0,-621.45
ORD-54326,2021-05-09,2021-05-13,First Class,Consumer,South Carolina City,South Carolina,South,Office Supplies,Fasteners,14786.77,7,0.0,4547.43
ORD-54327,2023-09-05,2023-09-07,Same Day,Consumer,Nevada City,Nevada,West,Technology,Machines,16776.0,7,0.0,2975.44
ORD-54328,2020-07-30,2020-08-04,Standard Class,Consumer,Utah City,Utah,West,Furniture,Bookcases,8153.46,5,0.0,2232.31
ORD-54329,2021-06-05,2021-06-10,Second Class,Home Office,Minnesota City,Minnesota,Central,Office Supplies,Paper,9158.8,5,0.2,2322.46
ORD-54330,2024-08-28,2024-09-02,Standard Class,Consumer,Vermont City,Vermont,East,Technology,Phones,2052.49,1,0.0,599.04
ORD-54331,2023-03-30,2023-04-01,First Class,Corporate,Kentucky City,Kentucky,South,Technology,Phones,1282.27,1,0.0,-87.06
ORD-54332,2020-06-16,2020-06-22,Standard Class,Consumer,Missouri City,Missouri,Central,Furniture,Furnishings,14629.8,8,0.0,-2895.82
ORD-54333,2020-04-16,2020-04-21,Same Day,Consumer,Arizona City,Arizona,West,Furniture,Bookcases,8111.73,8,0.15,-1335.42
ORD-54334,2023-02-21,2023-02-26,Standard Class,Consumer,Buffalo,New York,East,Technology,Accessories,8170.6,5,0.2,1660.64
ORD-54335,2022-03-19,2022-03-26,Standard Class,Consumer,Connecticut City,Connecticut,East,Furniture,Furnishings,2805.86,2,0.0,917.91
ORD-54336,2021-02-21,2021-02-24,Second Class,Consumer,Nebraska City,Nebraska,Central,Furniture,Furnishings,316.15,2,0.0,123.61
ORD-54337,2022-03-23,2022-03-25,Standard Class,Consumer,Montana City,Montana,West,Furniture,Chairs,617.61,2,0.0,175.3
ORD-54338,2022-12-19,2022-12-20,Standard Class,Corporate,San Antonio,Texas,Central,Office Supplies,Labels,573.79,7,0.0,-56.45
ORD-54339,2022-09-09,2022-09-10,Standard Class,Home Office,Dallas,Texas,Central,Technology,Accessories,200.61,3,0.4,-37.68
ORD-54340,2022-04-12,2022-04-14,Standard Class,Consumer,Mississippi City,Mississippi,South,Office Supplies,Fasteners,2864.83,9,0.0,69.29
ORD-54341,2024-02-04,2024-02-05,Standard Class,Home Office,New Mexico City,New Mexico,West,Technology,Machines,1539.51,3,0.25,-173.53
ORD-54342,2023-09-04,2023-09-11,Standard Class,Corporate,Louisiana City,Louisiana,South,Office Supplies,Labels,14035.38,6,0.0,2364.89
ORD-54343,2023-11-23,2023-11-26,First Class,Home Office,Rhode Island City,Rhode Island,East,Technology,Phones,11756.87,8,0.0,985.98
ORD-54344,2023-09-09,2023-09-15,First Class,Corporate,Arizona City,Arizona,West,Technology,Copiers,9779.17,4,0.0,1369.72
ORD-54345,2022-08-29,2022-09-04,First Class,Consumer,Springfield,Illinois,Central,Technology,Phones,2001.1,1,0.1,151.23
ORD-54346,2020-12-25,2020-12-26,Standard Class,Consumer,Mississippi City,Mississippi,South,Furniture,Furnishings,4699.52,4,0.25,1398.35
ORD-54347,2024-04-15,2024-04-20,First Class,Corporate,Oregon City,Oregon,West,Furniture,Furnishings,17478.39,7,0.0,6968.32
ORD-54348,2020-02-16,2020-02-20,Standard Class,Corporate,Spokane,Washington,West,Furniture,Chairs,1141.22,6,0.0,464.42
ORD-54349,2023-03-10,2023-03-17,Standard Class,Corporate,Tennessee City,Tennessee,South,Furniture,Bookcases,2154.43,3,0.2,882.32
ORD-54350,2024-09-28,2024-10-01,Second Class,Consumer,Nevada City,Nevada,West,Technology,Accessories,8404.25,9,0.0,2751.5
ORD-54351,2022-10-30,2022-11-02,Standard Class,Home Office,Missouri City,Missouri,Central,Office Supplies,Envelopes,905.64,4,0.0,156.89
ORD-54352,2023-10-13,2023-10-15,Standard Class,Corporate,Rhode Island City,Rhode Island,East,Office Supplies,Storage,4240.12,6,0.0,-945.63
ORD-54353,2024-04-14,2024-04-15,First Class,Consumer,Iowa City,Iowa,Central,Office Supplies,Art,10452.15,6,0.1,1620.78
ORD-54354,2024-02-20,2024-02-26,Standard Class,Home Office,Seattle,Washington,West,Furniture,Furnishings,2031.97,1,0.0,125.37
ORD-54355,2020-06-05,2020-06-09,Standard Class,Home Office,Iowa City,Iowa,Central,Furniture,Tables,4277.22,4,0.0,-766.83
ORD-54356,2024-08-14,2024-08-21,First Class,Home Office,Arkansas City,Arkansas,South,Furniture,Bookcases,5829.49,9,0.0,-580.68
ORD-54357,2022-01-28,2022-02-02,Second Class,Home Office,Los Angeles,California,West,Office Supplies,Art,2994.32,9,0.15,150.92
ORD-54358,2020-01-27,2020-02-01,Standard Class,Home Office,Vermont City,Vermont,East,Office Supplies,Labels,11048.29,8,0.0,-1686.22
ORD-54359,2024-07-17,2024-07-23,Standard Class,Consumer,Arizona City,Arizona,West,Furniture,Bookcases,6902.44,5,0.0,1604.43
ORD-54360,2024-08-11,2024-08-14,Standard Class,Corporate,Arkansas City,Arkansas,South,Furniture,Chairs,14490.6,7,0.1,6084.72
ORD-54361,2021-05-30,2021-06-01,Standard Class,Home Office,Utah City,Utah,West,Technology,Machines,8408.34,7,0.2,1722.1
ORD-54362,2022-06-08,2022-06-13,Second Class,Consumer,Idaho City,Idaho,West,Office Supplies,Binders,2108.06,8,0.0,-547.3
ORD-54363,2024-10-24,2024-10-26,Standard Class,Corporate,Utah City,Utah,West,Technology,Machines,1173.46,5,0.3,-302.98
ORD-54364,2020-12-24,2020-12-31,Standard Class,Corporate,Utah City,Utah,West,Office Supplies,Fasteners,9279.59,6,0.0,-797.24
ORD-54365,2024-02-21,2024-02-26,Same Day,Home Office,Augusta,Georgia,South,Office Supplies,Labels,3259.28,2,0.0,1318.63
ORD-54366,2023-03-17,2023-03-22,Second Class,Corporate,Maryland City,Maryland,East,Technology,Phones,2780.7,4,0.0,-307.64
ORD-54367,2023-01-15,2023-01-18,Second Class,Consumer,Arkansas City,Arkansas,South,Technology,Phones,9610.85,7,0.0,-1099.35
ORD-54368,2023-10-17,2023-10-21,Second Class,Consumer,Tennessee City,Tennessee,South,Technology,Phones,12372.01,7,0.0,-2322.6
ORD-54369,2024-08-26,2024-09-01,Standard Class,Corporate,Arizona City,Arizona,West,Office Supplies,Storage,13679.72,6,0.0,-3144.28
ORD-54370,2021-04-11,2021-04-17,Same Day,Consumer,Oregon City,Oregon,West,Technology,Machines,9625.14,6,0.0,-2082.88
ORD-54371,2020-05-11,2020-05-14,Standard Class,Home Office,New Jersey City,New Jersey,East,Office Supplies,Storage,9110.93,7,0.0,2112.92
ORD-54372,2022-10-29,2022-11-04,Standard Class,Consumer,Montana City,Montana,West,Office Supplies,Labels,4330.56,2,0.0,-526.75
ORD-54373,2023-08-21,2023-08-23,Standard Class,Consumer,Cleveland,Ohio,Central,Office Supplies,Supplies,5602.31,8,0.25,170.08
ORD-54374,2023-08-28,2023-08-30,First Class,Consumer,Idaho City,Idaho,West,Office Supplies,Fasteners,12178.15,5,0.0,-3101.44
ORD-54375,2023-05-14,2023-05-17,First Class,Corporate,San Diego,California,West,Technology,Phones,8337.11,8,0.0,-1587.89
ORD-54376,2023-10-19,2023-10-21,Second Class,Corporate,Utah City,Utah,West,Technology,Phones,2601.25,2,0.15,-267.94
ORD-54377,2020-05-18,2020-05-22,Second Class,Home Office,Missouri City,Missouri,Central,Technology,Machines,12241.85,9,0.0,2746.18
ORD-54378,2021-07-06,2021-07-07,Second Class,Home Office,Colorado City,Colorado,West,Furniture,Chairs,3045.56,3,0.4,-619.99
ORD-54379,2020-05-10,2020-05-15,Same Day,Corporate,New Jersey City,New Jersey,East,Office Supplies,Storage,2044.14,3,0.3,-108.14
ORD-54380,2020-12-13,2020-12-18,Second Class,Home Office,Arizona City,Arizona,West,Technology,Phones,7465.89,7,0.0,2998.79
ORD-54381,2024-09-14,2024-09-19,Second Class,Consumer,Nebraska City,Nebraska,Central,Technology,Machines,6824.85,5,0.25,450.2
ORD-54382,2022-09-01,2022-09-06,Same Day,Consumer,Massachusetts City,Massachusetts,East,Technology,Accessories,5249.99,5,0.0,1756.53
ORD-54383,2022-06-30,2022-07-04,Standard Class,Home Office,Minnesota City,Minnesota,Central,Technology,Machines,1525.31,1,0.0,378.87
ORD-54384,2021-06-03,2021-06-04,Standard Class,Corporate,Nebraska City,Nebraska,Central,Office Supplies,Supplies,3230.74,9,0.5,1138.18
ORD-54385,2023-03-30,2023-04-05,Standard Class,Corporate,Kentucky City,Kentucky,South,Furniture,Bookcases,18150.87,9,0.15,5769.67
ORD-54386,2021-12-08,2021-12-12,Second Class,Consumer,Tennessee City,Tennessee,South,Office Supplies,Art,4630.78,2,0.0,-708.98
ORD-54387,2023-09-29,2023-10-02,Standard Class,Consumer,Connecticut City,Connecticut,East,Technology,Copiers,11891.96,5,0.0,1032.38
ORD-54388,2022-08-28,2022-08-29,Standard Class,Consumer,Colorado City,Colorado,West,Furniture,Bookcases,14942.28,6,0.0,1087.8
ORD-54389,2022-04-07,2022-04-10,Second Class,Consumer,Delaware City,Delaware,East,Office Supplies,Storage,8019.37,9,0.4,-158.73
ORD-54390,2024-08-02,2024-08-05,Standard Class,Corporate,Iowa City,Iowa,Central,Office Supplies,Supplies,1451.31,1,0.0,-99.84
ORD-54391,2020-09-02,2020-09-04,Second Class,Corporate,Wisconsin City,Wisconsin,Central,Technology,Machines,1412.11,1,0.15,252.67
ORD-54392,2023-09-11,2023-09-16,Standard Class,Consumer,Montana City,Montana,West,Office Supplies,Envelopes,604.25,2,0.2,175.06
ORD-54393,2024-09-26,2024-09-30,Standard Class,Home Office,Arkansas City,Arkansas,South,Furniture,Furnishings,3345.13,8,0.0,989.07
ORD-54394,2022-11-09,2022-11-15,Second Class,Consumer,Nevada City,Nevada,West,Technology,Phones,6963.8,5,0.0,1322.91
ORD-54395,2023-07-07,2023-07-09,Second Class,Corporate,Dallas,Texas,Central,Office Supplies,Envelopes,7708.5,5,0.0,-149.1
ORD-54396,2020-05-20,2020-05-27,Standard Class,Corporate,Colorado City,Colorado,West,Office Supplies,Envelopes,2964.43,3,0.0,468.07
ORD-54397,2023-10-11,2023-10-16,Second Class,Corporate,Arizona City,Arizona,West,Furniture,Chairs,5101.86,8,0.0,-869.84
ORD-54398,2021-05-22,2021-05-26,Second Class,Consumer,Colorado City,Colorado,West,Furniture,Bookcases,1445.96,4,0.0,28.91
ORD-54399,2020-03-02,2020-03-04,Second Class,Home Office,North Carolina City,North Carolina,South,Technology,Machines,1560.02,2,0.0,-175.36
ORD-54400,2024-03-20,2024-03-25,Standard Class,Consumer,Grand Rapids,Michigan,Central,Furniture,Furnishings,5035.41,4,0.0,-169.74
ORD-54401,2020-04-13,2020-04-19,Standard Class,Consumer,Cincinnati,Ohio,Central,Technology,Phones,2164.65,2,0.0,-131.62
ORD-54402,2020-12-31,2021-01-01,Standard Class,Consumer,Alabama City,Alabama,South,Furniture,Chairs,7871.41,7,0.4,-2328.26
ORD-54403,2021-01-05,2021-01-06,Standard Class,Consumer,Colorado City,Colorado,West,Furniture,Chairs,5766.89,5,0.1,-1120.37
ORD-54404,2020-04-26,2020-05-02,Second Class,Home Office,New Mexico City,New Mexico,West,Furniture,Bookcases,913.7,8,0.0,29.67
ORD-54405,2024-10-10,2024-10-14,Standard Class,Consumer,Kentucky City,Kentucky,South,Technology,Machines,6856.32,4,0.25,822.72
ORD-54406,2024-01-14,2024-01-16,Standard Class,Consumer,Nevada City,Nevada,West,Furniture,Tables,4635.1,8,0.0,-1300.74
ORD-54407,2022-09-23,2022-09-25,First Class,Consumer,Wisconsin City,Wisconsin,Central,Office Supplies,Envelopes,8906.4,5,0.1,3209.06
ORD-54408,2020-12-30,2021-01-02,Standard Class,Home Office,Iowa City,Iowa,Central,Office Supplies,Envelopes,68.02,1,0.0,25.35
ORD-54409,2022-03-14,2022-03-18,Standard Class,Consumer,Virginia City,Virginia,East,Office Supplies,Fasteners,11591.6,7,0.0,663.53
ORD-54410,2021-09-04,2021-09-07,Standard Class,Home Office,Maryland City,Maryland,East,Office Supplies,Envelopes,14471.57,6,0.0,-2959.8
ORD-54411,2022-01-30,2022-02-05,First Class,Consumer,Rhode Island City,Rhode Island,East,Office Supplies,Envelopes,1493.71,1,0.0,245.59
ORD-54412,2022-03-05,2022-03-12,Standard Class,Consumer,Utah City,Utah,West,Furniture,Tables,522.04,1,0.15,-148.56
ORD-54413,2024-11-08,2024-11-12,Second Class,Consumer,Nevada City,Nevada,West,Office Supplies,Labels,7315.53,6,0.0,2597.95
ORD-54414,2020-04-26,2020-04-29,Standard Class,Consumer,Utah City,Utah,West,Furniture,Chairs,7371.78,3,0.0,-1991.52
ORD-54415,2021-11-22,2021-11-27,Second Class,Home Office,Springfield,Illinois,Central,Furniture,Chairs,1597.6,2,0.3,672.85
ORD-54416,2021-02-01,2021-02-04,Second Class,Consumer,Spokane,Washington,West,Furniture,Chairs,1500.84,1,0.0,405.7
ORD-54417,2023-10-20,2023-10-23,Standard Class,Corporate,Colorado City,Colorado,West,Office Supplies,Envelopes,12420.13,5,0.0,-886.7
ORD-54418,2022-01-05,2022-01-09,Standard Class,Consumer,Montana City,Montana,West,Technology,Accessories,1961.51,6,0.0,488.51
ORD-54419,2021-02-19,2021-02-26,Standard Class,Consumer,Nebraska City,Nebraska,Central,Office Supplies,Paper,12996.36,6,0.0,5715.54
ORD-54420,2023-06-13,2023-06-18,Standard Class,Home Office,New Mexico City,New Mexico,West,Furniture,Chairs,2099.04,6,0.5,798.49
ORD-54421,2023-11-13,2023-11-18,Standard Class,Home Office,Miami,Florida,South,Furniture,Furnishings,3175.34,4,0.0,-112.35
ORD-54422,2023-02-12,2023-02-18,Standard Class,Corporate,Nebraska City,Nebraska,Central,Furniture,Furnishings,1942.03,5,0.4,738.91
ORD-54423,2021-09-03,2021-09-09,Second Class,Home Office,Cleveland,Ohio,Central,Furniture,Tables,7811.65,6,0.0,1430.55
ORD-54424,2024-04-22,2024-04-24,Second Class,Consumer,Delaware City,Delaware,East,Furniture,Tables,7848.81,7,0.1,-1342.56
ORD-54425,2020-08-29,2020-08-30,Second Class,Home Office,Rhode Island City,Rhode Island,East,Furniture,Bookcases,14281.79,8,0.0,-311.7
ORD-54426,2022-01-06,2022-01-07,Standard Class,Consumer,Philadelphia,Pennsylvania,East,Technology,Copiers,2621.5,3,0.0,-323.39
ORD-54427,2020-02-22,2020-02-29,Standard Class,Corporate,Alabama City,Alabama,South,Furniture,Bookcases,4039.93,3,0.0,1776.32
ORD-54428,2022-09-21,2022-09-27,First Class,Consumer,Pittsburgh,Pennsylvania,East,Technology,Copiers,5736.42,3,0.2,1888.42
ORD-54429,2022-01-23,2022-01-29,Standard Class,Consumer,Spokane,Washington,West,Technology,Copiers,6766.29,5,0.2,-851.67
ORD-54430,2024-05-07,2024-05-11,Standard Class,Home Office,Virginia City,Virginia,East,Office Supplies,Fasteners,14822.7,8,0.25,4238.99
ORD-54431,2020-09-28,2020-09-29,Standard Class,Consumer,Alabama City,Alabama,South,Technology,Copiers,3062.7,2,0.0,-629.5
ORD-54432,2021-06-10,2021-06-11,Second Class,Consumer,Tennessee City,Tennessee,South,Furniture,Chairs,2802.63,2,0.0,780.21
ORD-54433,2022-04-04,2022-04-11,Standard Class,Consumer,South Carolina City,South Carolina,South,Furniture,Bookcases,2754.4,2,0.0,-742.22
ORD-54434,2020-08-16,2020-08-21,Standard Class,Home Office,Iowa City,Iowa,Central,Office Supplies,Storage,6604.48,9,0.0,-1443.78
ORD-54435,2022-08-12,2022-08-13,Standard Class,Consumer,Missouri City,Missouri,Central,Office Supplies,Storage,11087.38,9,0.0,4244.31
ORD-54436,2024-06-13,2024-06-15,Same Day,Consumer,Arizona City,Arizona,West,Technology,Accessories,16013.39,9,0.1,-2884.11
ORD-54437,2022-06-02,2022-06-06,Standard Class,Consumer,North Carolina City,North Carolina,South,Furniture,Furnishings,16214.95,9,0.1,-1989.56
ORD-54438,2023-09-02,2023-09-05,Second Class,Home Office,Montana City,Montana,West,Furniture,Bookcases,6287.16,5,0.0,-184.16
ORD-54439,2023-05-12,2023-05-19,First Class,Consumer,Connecticut City,Connecticut,East,Technology,Machines,6167.23,5,0.0,966.62
ORD-54440,2021-05-21,2021-05-27,Standard Class,Corporate,Harrisburg,Pennsylvania,East,Office Supplies,Binders,1857.07,7,0.1,-304.24
ORD-54441,2024-12-07,2024-12-10,Standard Class,Consumer,Detroit,Michigan,Central,Technology,Machines,8739.93,6,0.0,1596.35
ORD-54442,2022-07-09,2022-07-12,First Class,Consumer,Colorado City,Colorado,West,Office Supplies,Labels,7154.93,9,0.5,842.28
ORD-54443,2020-06-09,2020-06-16,Standard Class,Home Office,Albany,New York,East,Technology,Phones,1238.0,4,0.5,51.85
ORD-54444,2021-12-04,2021-12-09,Standard Class,Consumer,Missouri City,Missouri,Central,Office Supplies,Paper,5814.15,6,0.15,1728.68
ORD-54445,2021-01-18,2021-01-24,Second Class,Corporate,Wisconsin City,Wisconsin,Central,Technology,Phones,1921.49,8,0.1,318.23
ORD-54446,2024-06-21,2024-06-23,Standard Class,Consumer,Vermont City,Vermont,East,Office Supplies,Supplies,4654.25,3,0.25,1703.63
ORD-54447,2021-02-08,2021-02-12,Standard Class,Corporate,Kansas City,Kansas,Central,Technology,Accessories,1712.36,6,0.0,-403.41
ORD-54448,2023-05-02,2023-05-08,Standard Class,Consumer,Arizona City,Arizona,West,Furniture,Chairs,8305.57,7,0.0,497.05
ORD-54449,2020-02-23,2020-02-24,Standard Class,Home Office,Iowa City,Iowa,Central,Furniture,Tables,2870.27,2,0.0,-819.76
ORD-54450,2024-11-04,2024-11-07,Second Class,Home Office,Kansas City,Kansas,Central,Technology,Machines,1745.83,2,0.15,-443.07
ORD-54451,2020-07-24,2020-07-31,Standard Class,Corporate,Maryland City,Maryland,East,Technology,Accessories,5865.94,7,0.2,471.46
ORD-54452,2021-09-28,2021-10-04,Standard Class,Home Office,New Mexico City,New Mexico,West,Technology,Accessories,486.16,3,0.0,165.36
ORD-54453,2020-07-21,2020-07-24,Same Day,Corporate,Kansas City,Kansas,Central,Office Supplies,Fasteners,4234.28,2,0.0,-402.3
ORD-54454,2023-02-08,2023-02-14,Standard Class,Consumer,New Jersey City,New Jersey,East,Office Supplies,Art,970.66,1,0.0,-181.64
ORD-54455,2022-04-04,2022-04-10,Second Class,Consumer,New Mexico City,New Mexico,West,Furniture,Bookcases,534.61,1,0.0,127.6
ORD-54456,2020-06-04,2020-06-11,Standard Class,Consumer,Louisiana City,Louisiana,South,Office Supplies,Art,10320.18,9,0.0,3791.28
ORD-54457,2022-09-08,2022-09-10,Standard Class,Home Office,Arizona City,Arizona,West,Technology,Accessories,459.67,5,0.0,99.61
ORD-54458,2023-01-11,2023-01-16,Second Class,Consumer,Oregon City,Oregon,West,Furniture,Bookcases,495.42,3,0.1,195.61
ORD-54459,2021-09-06,2021-09-11,Standard Class,Consumer,Orlando,Florida,South,Furniture,Chairs,3054.76,8,0.15,-28.77
ORD-54460,2020-06-06,2020-06-08,Second Class,Consumer,Vermont City,Vermont,East,Office Supplies,Labels,1340.82,6,0.0,-84.04
ORD-54461,2022-01-31,2022-02-07,Standard Class,Consumer,Arizona City,Arizona,West,Technology,Machines,16739.98,9,0.1,5708.1
ORD-54462,2023-08-01,2023-08-08,Standard Class,Consumer,Mississippi City,Mississippi,South,Furniture,Chairs,4114.47,3,0.1,-27.09
ORD-54463,2024-05-27,2024-05-28,Standard Class,Consumer,Peoria,Illinois,Central,Office Supplies,Storage,4464.27,9,0.1,-87.41
ORD-54464,2023-08-05,2023-08-10,First Class,Consumer,Vermont City,Vermont,East,Office Supplies,Paper,1461.96,1,0.0,571.49
ORD-54465,2021-09-16,2021-09-18,Standard Class,Home Office,Montana City,Montana,West,Office Supplies,Binders,6696.52,8,0.0,820.56
ORD-54466,2022-07-04,2022-07-09,Standard Class,Consumer,Los Angeles,California,West,Technology,Phones,1150.34,2,0.0,28.27
ORD-54467,2021-08-30,2021-09-06,First Class,Corporate,Tampa,Florida,South,Technology,Machines,2657.76,3,0.0,816.35
ORD-54468,2022-06-11,2022-06-13,Standard Class,Home Office,Peoria,Illinois,Central,Office Supplies,Art,18605.04,9,0.0,-5060.39
ORD-54469,2024-01-18,2024-01-21,First Class,Home Office,Virginia City,Virginia,East,Technology,Copiers,18192.69,9,0.1,2427.39
ORD-54470,2023-02-04,2023-02-06,Same Day,Corporate,Wisconsin City,Wisconsin,Central,Technology,Copiers,11853.44,5,0.0,-3457.58
ORD-54471,2020-05-21,2020-05-27,Second Class,Consumer,Massachusetts City,Massachusetts,East,Technology,Phones,2925.5,6,0.0,938.49
ORD-54472,2024-08-07,2024-08-13,Standard Class,Consumer,Virginia City,Virginia,East,Technology,Accessories,3347.62,6,0.0,-574.17
ORD-54473,2024-09-25,2024-09-27,Standard Class,Consumer,Nevada City,Nevada,West,Technology,Phones,1824.37,7,0.0,677.82
ORD-54474,2022-09-30,2022-10-07,Standard Class,Consumer,Philadelphia,Pennsylvania,East,Office Supplies,Paper,7013.25,5,0.0,-1620.33
ORD-54475,2020-08-01,2020-08-06,Standard Class,Corporate,Harrisburg,Pennsylvania,East,Office Supplies,Envelopes,5773.37,3,0.0,-528.77
ORD-54476,2021-12-26,2021-12-27,First Class,Consumer,Iowa City,Iowa,Central,Technology,Accessories,267.05,4,0.1,-31.76
ORD-54477,2023-12-12,2023-12-14,First Class,Home Office,Nebraska City,Nebraska,Central,Technology,Machines,2253.61,2,0.2,3.58
ORD-54478,2023-01-25,2023-01-30,First Class,Corporate,Missouri City,Missouri,Central,Office Supplies,Paper,744.49,4,0.0,270.11
ORD-54479,2021-03-12,2021-03-14,First Class,Consumer,Kentucky City,Kentucky,South,Furniture,Furnishings,4378.34,5,0.0,-1231.39
ORD-54480,2024-02-04,2024-02-11,Second Class,Home Office,Nebraska City,Nebraska,Central,Office Supplies,Fasteners,21151.98,9,0.0,8751.28
ORD-54481,2021-10-11,2021-10-13,Standard Class,Corporate,Delaware City,Delaware,East,Office Supplies,Envelopes,6256.67,7,0.0,-1612.25
ORD-54482,2022-04-09,2022-04-11,First Class,Home Office,Louisiana City,Louisiana,South,Office Supplies,Labels,1003.3,3,0.25,-190.72
ORD-54483,2021-02-06,2021-02-11,Standard Class,Corporate,Orlando,Florida,South,Furniture,Bookcases,5946.72,8,0.0,-547.45
ORD-54484,2021-10-26,2021-10-28,First Class,Home Office,Minnesota City,Minnesota,Central,Furniture,Tables,9321.81,4,0.0,-2306.27
ORD-54485,2023-11-20,2023-11-26,Standard Class,Consumer,Wisconsin City,Wisconsin,Central,Technology,Copiers,4361.4,9,0.0,-830.38
ORD-54486,2023-02-16,2023-02-23,Standard Class,Consumer,Massachusetts City,Massachusetts,East,Office Supplies,Fasteners,1002.94,9,0.5,370.97
ORD-54487,2023-05-30,2023-06-02,First Class,Consumer,Montana City,Montana,West,Furniture,Chairs,11432.86,8,0.0,918.15
ORD-54488,2024-07-13,2024-07-18,Standard Class,Consumer,Rhode Island City,Rhode Island,East,Furniture,Chairs,6835.63,6,0.0,1466.61
ORD-54489,2021-12-01,2021-12-05,First Class,Home Office,Nevada City,Nevada,West,Office Supplies,Paper,3076.34,6,0.5,-587.56
ORD-54490,2021-06-27,2021-07-03,First Class,Consumer,New Mexico City,New Mexico,West,Furniture,Tables,14527.97,6,0.0,-3405.46
ORD-54491,2021-09-09,2021-09-15,Second Class,Corporate,Minnesota City,Minnesota,Central,Office Supplies,Supplies,1185.67,2,0.5,449.84
ORD-54492,2020-12-16,2020-12-20,Standard Class,Consumer,Utah City,Utah,West,Furniture,Bookcases,9880.84,8,0.1,-2420.5
ORD-54493,2022-01-06,2022-01-11,First Class,Consumer,Louisiana City,Louisiana,South,Furniture,Bookcases,7359.38,4,0.2,580.32
ORD-54494,2022-05-20,2022-05-25,Standard Class,Corporate,Arkansas City,Arkansas,South,Furniture,Bookcases,1449.33,3,0.0,399.36
ORD-54495,2020-06-27,2020-07-04,Standard Class,Home Office,Buffalo,New York,East,Furniture,Chairs,2516.24,3,0.0,-85.96
ORD-54496,2020-09-17,2020-09-19,Standard Class,Consumer,Nevada City,Nevada,West,Office Supplies,Art,2296.1,1,0.0,301.18
ORD-54497,2020-04-02,2020-04-05,Same Day,Corporate,Kansas City,Kansas,Central,Office Supplies,Fasteners,13142.46,8,0.0,5811.4
ORD-54498,2020-04-26,2020-04-30,Standard Class,Corporate,Los Angeles,California,West,Furniture,Tables,5423.71,4,0.15,-1482.87
ORD-54499,2021-03-04,2021-03-07,Standard Class,Consumer,Missouri City,Missouri,Central,Office Supplies,Labels,6634.06,7,0.0,-98.02
ORD-54500,2024-01-06,2024-01-10,Standard Class,Corporate,Colorado City,Colorado,West,Office Supplies,Supplies,677.2,2,0.0,119.37
ORD-54501,2020-06-07,2020-06-10,First Class,Consumer,Mississippi City,Mississippi,South,Office Supplies,Envelopes,3762.0,9,0.0,-861.23
ORD-54502,2022-05-18,2022-05-20,Standard Class,Consumer,Nevada City,Nevada,West,Office Supplies,Paper,2751.27,2,0.15,1157.81
ORD-54503,2020-03-01,2020-03-06,Standard Class,Corporate,Tennessee City,Tennessee,South,Furniture,Chairs,7057.17,8,0.0,1835.28
ORD-54504,2024-12-15,2024-12-22,Standard Class,Home Office,Rhode Island City,Rhode Island,East,Office Supplies,Art,1619.79,6,0.0,378.53
ORD-54505,2024-12-24,2024-12-28,Second Class,Consumer,New Mexico City,New Mexico,West,Office Supplies,Supplies,5059.91,5,0.0,1378.77
ORD-54506,2021-08-13,2021-08-14,Standard Class,Consumer,Oregon City,Oregon,West,Office Supplies,Art,9571.47,8,0.4,1004.44
ORD-54507,2020-09-15,2020-09-21,First Class,Corporate,New Mexico City,New Mexico,West,Technology,Machines,1317.04,1,0.0,337.39
ORD-54508,2024-06-22,2024-06-24,Standard Class,Consumer,Grand Rapids,Michigan,Central,Technology,Copiers,3477.91,9,0.0,-54.84
ORD-54509,2024-03-27,2024-03-31,Standard Class,Home Office,Massachusetts City,Massachusetts,East,Furniture,Tables,7649.77,7,0.0,1846.17
ORD-54510,2020-09-24,2020-09-29,Standard Class,Corporate,Los Angeles,California,West,Technology,Copiers,161.26,1,0.0,5.77
ORD-54511,2024-04-29,2024-05-06,Second Class,Corporate,Alabama City,Alabama,South,Office Supplies,Envelopes,2761.04,5,0.2,814.62
ORD-54512,2023-09-20,2023-09-26,First Class,Corporate,Louisiana City,Louisiana,South,Office Supplies,Storage,1366.58,2,0.0,-313.08
ORD-54513,2024-01-14,2024-01-18,First Class,Corporate,Tampa,Florida,South,Office Supplies,Storage,15121.54,9,0.0,1107.37
ORD-54514,2020-10-15,2020-10-16,First Class,Home Office,Colorado City,Colorado,West,Technology,Accessories,11297.16,5,0.0,-3047.87
ORD-54515,2020-03-26,2020-03-29,Standard Class,Corporate,Wisconsin City,Wisconsin,Central,Furniture,Chairs,2411.09,2,0.0,919.66
ORD-54516,2024-03-31,2024-04-01,Standard Class,Corporate,Wisconsin City,Wisconsin,Central,Technology,Machines,2397.27,2,0.0,240.15
ORD-54517,2020-05-26,2020-05-27,Standard Class,Consumer,Austin,Texas,Central,Furniture,Bookcases,5451.93,3,0.0,1947.76
ORD-54518,2020-02-14,2020-02-17,Standard Class,Consumer,Iowa City,Iowa,Central,Technology,Machines,5354.19,4,0.0,-46.35
ORD-54519,2020-03-11,2020-03-17,Same Day,Consumer,Nevada City,Nevada,West,Office Supplies,Envelopes,5615.11,6,0.1,2420.65
ORD-54520,2021-08-16,2021-08-17,Standard Class,Consumer,Connecticut City,Connecticut,East,Technology,Accessories,1032.05,1,0.0,-107.92
ORD-54521,2021-07-01,2021-07-08,Second Class,Consumer,Iowa City,Iowa,Central,Office Supplies,Fasteners,10066.15,5,0.0,3719.27
ORD-54522,2021-08-05,2021-08-09,Standard Class,Home Office,Oregon City,Oregon,West,Furniture,Chairs,4150.73,3,0.0,175.48
ORD-54523,2023-10-07,2023-10-10,Standard Class,Corporate,Delaware City,Delaware,East,Technology,Copiers,8359.82,9,0.2,958.79
ORD-54524,2024-01-14,2024-01-19,Standard Class,Corporate,San Francisco,California,West,Office Supplies,Labels,1526.0,4,0.5,277.39
ORD-54525,2022-05-08,2022-05-10,Second Class,Consumer,Mississippi City,Mississippi,South,Furniture,Bookcases,2049.04,2,0.1,-565.08
ORD-54526,2020-01-13,2020-01-20,Standard Class,Consumer,Nevada City,Nevada,West,Office Supplies,Art,6370.53,8,0.25,-724.89
ORD-54527,2021-03-11,2021-03-13,Standard Class,Consumer,San Diego,California,West,Furniture,Furnishings,5722.53,7,0.0,1849.71
ORD-54528,2021-11-12,2021-11-16,First Class,Consumer,Dallas,Texas,Central,Furniture,Bookcases,1518.5,2,0.0,-24.1
ORD-54529,2024-12-20,2024-12-22,Standard Class,Consumer,Nebraska City,Nebraska,Central,Furniture,Chairs,1226.29,2,0.3,89.58
ORD-54530,2021-08-13,2021-08-14,First Class,Consumer,Orlando,Florida,South,Office Supplies,Paper,2200.89,2,0.25,-241.68
ORD-54531,2024-07-22,2024-07-25,First Class,Consumer,Nebraska City,Nebraska,Central,Office Supplies,Envelopes,6278.38,8,0.0,-223.35
ORD-54532,2024-10-29,2024-11-05,Standard Class,Consumer,Montana City,Montana,West,Technology,Copiers,2015.22,4,0.15,-603.64
ORD-54533,2020-10-20,2020-10-22,Second Class,Home Office,Maryland City,Maryland,East,Office Supplies,Binders,19446.88,8,0.0,5331.05
ORD-54534,2024-07-18,2024-07-19,Standard Class,Corporate,Mississippi City,Mississippi,South,Technology,Machines,1905.13,4,0.0,-253.8
ORD-54535,2020-05-01,2020-05-04,Standard Class,Home Office,San Diego,California,West,Furniture,Chairs,4345.54,2,0.0,-329.27
ORD-54536,2024-12-20,2024-12-25,Standard Class,Consumer,Mississippi City,Mississippi,South,Furniture,Chairs,10441.35,9,0.0,2924.45
ORD-54537,2023-07-07,2023-07-12,Standard Class,Consumer,Colorado City,Colorado,West,Furniture,Chairs,2764.04,2,0.1,530.86
ORD-54538,2023-05-22,2023-05-23,Second Class,Consumer,Springfield,Illinois,Central,Furniture,Tables,1913.07,7,0.15,327.82
ORD-54539,2021-04-15,2021-04-18,Standard Class,Consumer,Tennessee City,Tennessee,South,Furniture,Bookcases,3852.22,2,0.2,-409.73
ORD-54540,2022-09-08,2022-09-12,Second Class,Corporate,Augusta,Georgia,South,Office Supplies,Labels,7565.84,7,0.15,2041.29
ORD-54541,2021-04-16,2021-04-22,Standard Class,Consumer,Montana City,Montana,West,Technology,Machines,934.85,5,0.4,386.64
ORD-54542,2023-08-05,2023-08-06,Same Day,Consumer,Wisconsin City,Wisconsin,Central,Furniture,Chairs,9059.99,4,0.0,3059.52
ORD-54543,2024-03-06,2024-03-08,Second Class,Consumer,Chicago,Illinois,Central,Technology,Machines,8755.11,7,0.0,2384.02
ORD-54544,2020-04-02,2020-04-03,Second Class,Consumer,Idaho City,Idaho,West,Furniture,Bookcases,2089.29,4,0.2,-455.07
ORD-54545,2022-03-17,2022-03-21,Standard Class,Corporate,Virginia City,Virginia,East,Furniture,Tables,9958.06,6,0.0,-2126.99
ORD-54546,2022-05-01,2022-05-07,Second Class,Consumer,Spokane,Washington,West,Furniture,Furnishings,12399.44,5,0.0,-3607.38
ORD-54547,2024-07-29,2024-07-31,First Class,Corporate,Kansas City,Kansas,Central,Technology,Accessories,1257.55,2,0.0,158.31
ORD-54548,2023-08-10,2023-08-16,Standard Class,Corporate,Utah City,Utah,West,Technology,Phones,4079.87,9,0.25,-46.77
ORD-54549,2021-04-05,2021-04-06,Standard Class,Consumer,Orlando,Florida,South,Furniture,Furnishings,7226.33,7,0.25,3087.47
ORD-54550,2024-10-24,2024-10-26,Second Class,Corporate,Nebraska City,Nebraska,Central,Furniture,Furnishings,7181.27,3,0.0,1276.61
ORD-54551,2023-12-18,2023-12-23,First Class,Corporate,Louisiana City,Louisiana,South,Office Supplies,Envelopes,12990.11,9,0.0,4627.51
ORD-54552,2021-08-24,2021-08-27,First Class,Home Office,Massachusetts City,Massachusetts,East,Technology,Copiers,2828.19,2,0.0,-541.28
ORD-54553,2020-09-01,2020-09-04,Standard Class,Consumer,Nebraska City,Nebraska,Central,Office Supplies,Binders,3497.23,9,0.1,1257.91
ORD-54554,2020-03-08,2020-03-12,Second Class,Consumer,Massachusetts City,Massachusetts,East,Technology,Machines,19099.97,8,0.0,7936.42
ORD-54555,2023-06-19,2023-06-24,Second Class,Home Office,Buffalo,New York,East,Office Supplies,Storage,5270.78,3,0.0,1219.19
ORD-54556,2023-09-15,2023-09-16,Standard Class,Home Office,Cincinnati,Ohio,Central,Technology,Accessories,6451.43,8,0.1,940.01
ORD-54557,2024-03-08,2024-03-15,Same Day,Corporate,Harrisburg,Pennsylvania,East,Furniture,Bookcases,17855.73,8,0.0,2013.4
ORD-54558,2020-09-07,2020-09-08,Standard Class,Consumer,San Francisco,California,West,Technology,Machines,1290.48,5,0.15,-51.61
ORD-54559,2023-03-03,2023-03-08,Second Class,Corporate,Massachusetts City,Massachusetts,East,Office Supplies,Binders,13200.36,6,0.0,1425.32
ORD-54560,2023-01-07,2023-01-13,Standard Class,Consumer,San Francisco,California,West,Furniture,Tables,15344.53,9,0.0,3525.85
ORD-54561,2022-09-08,2022-09-09,Same Day,Consumer,Colorado City,Colorado,West,Technology,Copiers,2817.05,4,0.0,858.21
ORD-54562,2021-10-12,2021-10-15,Standard Class,Home Office,San Francisco,California,West,Office Supplies,Art,398.34,1,0.5,-103.69
ORD-54563,2020-12-18,2020-12-23,First Class,Home Office,Kentucky City,Kentucky,South,Technology,Accessories,1604.81,1,0.0,241.07
ORD-54564,2022-06-06,2022-06-11,First Class,Consumer,San Diego,California,West,Technology,Accessories,4952.11,2,0.0,-890.1
ORD-54565,2024-10-03,2024-10-08,First Class,Consumer,Tacoma,Washington,West,Office Supplies,Storage,11641.11,7,0.1,1158.82
ORD-54566,2024-03-27,2024-03-30,Second Class,Consumer,Nevada City,Nevada,West,Technology,Copiers,2797.59,7,0.0,-363.25
ORD-54567,2023-02-10,2023-02-11,Standard Class,Consumer,Savannah,Georgia,South,Furniture,Bookcases,3081.1,2,0.25,747.0
ORD-54568,2023-05-01,2023-05-07,Standard Class,Home Office,Detroit,Michigan,Central,Office Supplies,Envelopes,4001.69,3,0.0,-253.71
ORD-54569,2022-11-28,2022-12-03,Standard Class,Consumer,Nevada City,Nevada,West,Technology,Copiers,9284.62,8,0.0,1111.91
ORD-54570,2020-05-11,2020-05-18,Standard Class,Corporate,Lansing,Michigan,Central,Furniture,Chairs,8002.99,4,0.0,2193.1
ORD-54571,2023-08-06,2023-08-11,Second Class,Corporate,Montana City,Montana,West,Furniture,Furnishings,1092.08,1,0.1,90.9
ORD-54572,2023-10-17,2023-10-19,Standard Class,Consumer,Kentucky City,Kentucky,South,Office Supplies,Envelopes,4206.51,5,0.3,302.46
ORD-54573,2020-01-08,2020-01-11,First Class,Corporate,Iowa City,Iowa,Central,Furniture,Bookcases,13375.66,7,0.0,1809.74
ORD-54574,2023-04-16,2023-04-22,Standard Class,Corporate,Louisiana City,Louisiana,South,Office Supplies,Storage,738.01,1,0.0,-101.38
ORD-54575,2020-05-06,2020-05-10,First Class,Consumer,Connecticut City,Connecticut,East,Furniture,Tables,6427.21,5,0.0,-1162.47
ORD-54576,2020-10-20,2020-10-26,Standard Class,Home Office,Lansing,Michigan,Central,Furniture,Bookcases,3325.93,6,0.0,-561.54
ORD-54577,2024-02-22,2024-02-25,Standard Class,Consumer,Oregon City,Oregon,West,Office Supplies,Binders,1327.75,2,0.0,51.86
ORD-54578,2024-06-20,2024-06-27,Standard Class,Consumer,Chicago,Illinois,Central,Office Supplies,Storage,1933.92,7,0.15,197.31
ORD-54579,2021-10-04,2021-10-05,First Class,Consumer,Iowa City,Iowa,Central,Office Supplies,Binders,1682.34,1,0.1,432.29
ORD-54580,2022-08-18,2022-08-24,Second Class,Home Office,Alabama City,Alabama,South,Office Supplies,Supplies,12546.35,6,0.0,-955.04
ORD-54581,2020-07-18,2020-07-21,Second Class,Consumer,Arkansas City,Arkansas,South,Furniture,Tables,640.22,8,0.0,-71.87
ORD-54582,2020-07-04,2020-07-09,Standard Class,Consumer,Tampa,Florida,South,Furniture,Furnishings,6246.25,9,0.0,2247.02
ORD-54583,2023-09-03,2023-09-10,Standard Class,Consumer,Idaho City,Idaho,West,Furniture,Bookcases,4802.12,2,0.0,1201.38
ORD-54584,2024-01-17,2024-01-19,Standard Class,Corporate,Mississippi City,Mississippi,South,Furniture,Furnishings,7296.23,4,0.2,1433.75
ORD-54585,2023-07-02,2023-07-03,Standard Class,Home Office,Kentucky City,Kentucky,South,Furniture,Furnishings,2410.73,2,0.0,11.92
ORD-54586,2024-12-07,2024-12-11,First Class,Corporate,Virginia City,Virginia,East,Technology,Machines,14123.37,9,0.25,1954.53
ORD-54587,2022-12-23,2022-12-29,Standard Class,Consumer,Alabama City,Alabama,South,Office Supplies,Storage,2364.83,1,0.0,-406.68
ORD-54588,2024-10-26,2024-10-28,First Class,Consumer,Nevada City,Nevada,West,Furniture,Chairs,9979.37,9,0.4,2590.01
ORD-54589,2023-01-19,2023-01-21,Standard Class,Home Office,Kentucky City,Kentucky,South,Furniture,Tables,9206.99,8,0.2,1521.85
ORD-54590,2021-12-25,2022-01-01,Standard Class,Consumer,Cleveland,Ohio,Central,Office Supplies,Envelopes,628.84,1,0.2,-135.36
ORD-54591,2020-02-08,2020-02-09,Standard Class,Consumer,Alabama City,Alabama,South,Technology,Machines,627.8,4,0.3,73.44
ORD-54592,2020-12-25,2020-12-29,First Class,Corporate,Montana City,Montana,West,Office Supplies,Art,165.1,1,0.1,46.6
ORD-54593,2022-01-31,2022-02-03,Standard Class,Consumer,Philadelphia,Pennsylvania,East,Office Supplies,Supplies,2086.19,1,0.1,-557.02
ORD-54594,2023-11-06,2023-11-13,Standard Class,Consumer,Massachusetts City,Massachusetts,East,Furniture,Furnishings,2824.21,2,0.1,-428.04
ORD-54595,2023-07-31,2023-08-06,Standard Class,Home Office,Idaho City,Idaho,West,Technology,Machines,538.68,2,0.0,22.28
ORD-54596,2024-06-15,2024-06-22,Standard Class,Consumer,Oregon City,Oregon,West,Technology,Accessories,7185.31,4,0.15,-1735.61
ORD-54597,2021-12-29,2021-12-31,First Class,Home Office,Wisconsin City,Wisconsin,Central,Technology,Machines,804.8,1,0.0,356.93
ORD-54598,2020-08-23,2020-08-27,Second Class,Home Office,Connecticut City,Connecticut,East,Furniture,Bookcases,353.63,3,0.15,-72.86
ORD-54599,2022-10-14,2022-10-21,Second Class,Corporate,Nebraska City,Nebraska,Central,Office Supplies,Binders,8575.08,6,0.0,128.8
ORD-54600,2021-09-30,2021-10-01,Second Class,Home Office,Arkansas City,Arkansas,South,Office Supplies,Binders,1024.96,1,0.1,272.32
ORD-54601,2022-02-10,2022-02-11,Standard Class,Home Office,Oregon City,Oregon,West,Technology,Phones,5939.36,4,0.0,0.57
ORD-54602,2022-06-10,2022-06-17,Standard Class,Consumer,Arizona City,Arizona,West,Technology,Accessories,90.11,1,0.0,-7.98
ORD-54603,2021-01-08,2021-01-11,Second Class,Corporate,Nebraska City,Nebraska,Central,Technology,Machines,15767.25,9,0.0,1698.6
ORD-54604,2020-02-05,2020-02-11,Second Class,Consumer,Kansas City,Kansas,Central,Office Supplies,Labels,710.34,1,0.15,7.11
ORD-54605,2021-08-17,2021-08-23,Standard Class,Consumer,Maryland City,Maryland,East,Furniture,Tables,10704.85,6,0.0,-2737.46
ORD-54606,2023-03-09,2023-03-10,Standard Class,Consumer,New Jersey City,New Jersey,East,Furniture,Tables,481.15,1,0.0,153.87
ORD-54607,2021-11-21,2021-11-24,Standard Class,Consumer,New Jersey City,New Jersey,East,Technology,Copiers,11960.83,5,0.0,1522.69
ORD-54608,2023-05-02,2023-05-04,Second Class,Corporate,Kansas City,Kansas,Central,Office Supplies,Fasteners,1316.86,8,0.0,391.21
ORD-54609,2022-06-28,2022-07-05,Standard Class,Consumer,Vermont City,Vermont,East,Technology,Phones,5788.32,3,0.0,-1373.04
ORD-54610,2021-03-13,2021-03-16,Standard Class,Corporate,Nebraska City,Nebraska,Central,Furniture,Bookcases,7453.38,7,0.5,503.29
ORD-54611,2020-05-28,2020-06-02,Standard Class,Corporate,Virginia City,Virginia,East,Furniture,Tables,4786.78,5,0.1,980.92
ORD-54612,2021-01-10,2021-01-13,Standard Class,Consumer,Delaware City,Delaware,East,Technology,Machines,1828.91,3,0.0,-5.27
ORD-54613,2020-10-31,2020-11-06,Standard Class,Consumer,Albany,New York,East,Furniture,Bookcases,6961.0,7,0.15,-1251.21
ORD-54614,2021-06-06,2021-06-07,Same Day,Consumer,Augusta,Georgia,South,Technology,Copiers,2453.3,1,0.0,962.86
ORD-54615,2023-11-07,2023-11-08,Second Class,Consumer,Maryland City,Maryland,East,Office Supplies,Paper,4496.83,3,0.1,-771.91
ORD-54616,2021-11-22,2021-11-26,First Class,Consumer,Savannah,Georgia,South,Office Supplies,Paper,13409.92,7,0.0,-470.27
ORD-54617,2023-07-28,2023-07-31,Second Class,Consumer,Missouri City,Missouri,Central,Technology,Phones,1092.64,1,0.0,165.61
ORD-54618,2023-03-24,2023-03-31,First Class,Consumer,Wisconsin City,Wisconsin,Central,Technology,Copiers,9395.38,6,0.0,2634.35
ORD-54619,2023-09-16,2023-09-19,Standard Class,Consumer,Massachusetts City,Massachusetts,East,Furniture,Furnishings,3117.92,7,0.0,130.7
ORD-54620,2022-11-29,2022-12-05,Standard Class,Corporate,Missouri City,Missouri,Central,Office Supplies,Envelopes,2333.37,3,0.0,-555.76
ORD-54621,2022-12-08,2022-12-12,Standard Class,Consumer,Tampa,Florida,South,Office Supplies,Storage,16065.76,7,0.0,6066.0
ORD-54622,2022-10-14,2022-10-21,Standard Class,Consumer,Orlando,Florida,South,Furniture,Chairs,2419.29,2,0.0,910.61
ORD-54623,2021-01-05,2021-01-09,Standard Class,Consumer,Louisiana City,Louisiana,South,Technology,Accessories,8735.69,4,0.0,-1614.86
ORD-54624,2020-01-13,2020-01-14,Standard Class,Consumer,Houston,Texas,Central,Office Supplies,Supplies,1614.69,4,0.0,597.01
ORD-54625,2021-01-18,2021-01-24,Standard Class,Consumer,Iowa City,Iowa,Central,Furniture,Chairs,20377.44,9,0.0,2334.02
ORD-54626,2024-06-14,2024-06-17,First Class,Corporate,Iowa City,Iowa,Central,Furniture,Bookcases,14930.4,8,0.0,1871.33
ORD-54627,2023-08-22,2023-08-28,Standard Class,Consumer,Arkansas City,Arkansas,South,Office Supplies,Envelopes,83.22,2,0.4,-18.21
ORD-54628,2024-06-25,2024-07-02,Second Class,Consumer,North Carolina City,North Carolina,South,Furniture,Chairs,2670.28,2,0.2,-423.92
ORD-54629,2020-03-28,2020-03-30,Standard Class,Home Office,Arizona City,Arizona,West,Office Supplies,Fasteners,701.36,1,0.25,43.73
ORD-54630,2021-05-02,2021-05-08,Standard Class,Home Office,Nebraska City,Nebraska,Central,Office Supplies,Labels,4438.27,3,0.0,1715.26
ORD-54631,2022-11-14,2022-11-18,Standard Class,Consumer,Savannah,Georgia,South,Furniture,Tables,21635.24,9,0.0,8697.38
ORD-54632,2020-03-22,2020-03-25,Second Class,Consumer,Maryland City,Maryland,East,Office Supplies,Paper,13440.59,6,0.1,741.75
ORD-54633,2021-12-31,2022-01-02,Standard Class,Consumer,Miami,Florida,South,Office Supplies,Fasteners,11737.95,6,0.0,-2687.35
ORD-54634,2024-07-18,2024-07-22,Second Class,Consumer,Lansing,Michigan,Central,Office Supplies,Fasteners,5293.66,8,0.2,1142.84
ORD-54635,2024-03-22,2024-03-28,Standard Class,Corporate,Maryland City,Maryland,East,Office Supplies,Storage,4604.84,2,0.0,696.57
ORD-54636,2023-01-11,2023-01-17,Standard Class,Corporate,Connecticut City,Connecticut,East,Furniture,Bookcases,1125.81,3,0.0,221.3
ORD-54637,2021-04-14,2021-04-19,Standard Class,Corporate,Virginia City,Virginia,East,Office Supplies,Supplies,4586.99,2,0.0,-923.9
ORD-54638,2024-12-28,2025-01-02,Same Day,Consumer,Nebraska City,Nebraska,Central,Technology,Phones,15703.83,8,0.0,5841.14
ORD-54639,2024-06-17,2024-06-20,Same Day,Consumer,North Carolina City,North Carolina,South,Office Supplies,Supplies,2971.69,4,0.0,580.78
ORD-54640,2021-11-05,2021-11-08,First Class,Corporate,Alabama City,Alabama,South,Technology,Copiers,511.21,1,0.0,-145.38
ORD-54641,2024-08-05,2024-08-09,Second Class,Consumer,Connecticut City,Connecticut,East,Technology,Accessories,1743.44,1,0.3,-319.61
ORD-54642,2020-11-30,2020-12-04,Standard Class,Home Office,Delaware City,Delaware,East,Technology,Copiers,638.19,1,0.1,230.03
ORD-54643,2023-06-05,2023-06-09,Standard Class,Corporate,Delaware City,Delaware,East,Furniture,Bookcases,4669.2,8,0.0,205.3
ORD-54644,2023-12-27,2023-12-30,Same Day,Consumer,Cincinnati,Ohio,Central,Technology,Copiers,4684.06,4,0.4,1411.44
ORD-54645,2021-08-20,2021-08-25,First Class,Corporate,Montana City,Montana,West,Furniture,Tables,3283.0,6,0.0,266.39
ORD-54646,2021-08-27,2021-09-03,Standard Class,Consumer,Montana City,Montana,West,Technology,Phones,9784.19,7,0.25,356.12
ORD-54647,2020-04-12,2020-04-13,Standard Class,Consumer,Alabama City,Alabama,South,Technology,Machines,2740.65,2,0.15,-781.56
ORD-54648,2020-09-07,2020-09-12,Standard Class,Consumer,Delaware City,Delaware,East,Office Supplies,Storage,14529.45,8,0.0,3470.2
ORD-54649,2024-04-04,2024-04-08,Second Class,Consumer,Colorado City,Colorado,West,Technology,Copiers,2128.81,9,0.5,776.76
ORD-54650,2023-12-25,2023-12-29,Standard Class,Home Office,Massachusetts City,Massachusetts,East,Furniture,Chairs,6834.95,3,0.0,2763.37
ORD-54651,2020-07-29,2020-07-30,Standard Class,Consumer,Alabama City,Alabama,South,Office Supplies,Paper,436.18,2,0.25,-95.94
ORD-54652,2021-11-18,2021-11-24,Standard Class,Consumer,Connecticut City,Connecticut,East,Office Supplies,Envelopes,9190.14,9,0.25,2134.14
ORD-54653,2020-08-30,2020-09-05,Second Class,Consumer,San Diego,California,West,Furniture,Furnishings,10391.32,9,0.3,4428.94
ORD-54654,2021-02-03,2021-02-10,Second Class,Corporate,Arizona City,Arizona,West,Furniture,Furnishings,940.69,3,0.2,186.03
ORD-54655,2024-09-12,2024-09-18,First Class,Corporate,Grand Rapids,Michigan,Central,Furniture,Bookcases,3298.89,3,0.2,1069.73
ORD-54656,2021-09-08,2021-09-09,Standard Class,Consumer,Arizona City,Arizona,West,Furniture,Bookcases,11679.64,9,0.0,-2313.33
ORD-54657,2021-12-20,2021-12-24,Second Class,Corporate,Oregon City,Oregon,West,Furniture,Furnishings,9627.32,5,0.0,-461.34
ORD-54658,2021-11-28,2021-12-05,Standard Class,Consumer,Delaware City,Delaware,East,Technology,Accessories,3820.22,3,0.0,-1053.05
ORD-54659,2023-04-15,2023-04-21,Standard Class,Consumer,New York City,New York,East,Furniture,Furnishings,3118.73,2,0.25,-165.95
ORD-54660,2022-02-20,2022-02-26,Second Class,Consumer,Colorado City,Colorado,West,Furniture,Tables,1559.3,3,0.0,672.06
ORD-54661,2020-12-10,2020-12-12,Standard Class,Consumer,Iowa City,Iowa,Central,Technology,Copiers,12152.33,5,0.0,2185.38
ORD-54662,2024-01-23,2024-01-24,First Class,Consumer,Missouri City,Missouri,Central,Office Supplies,Storage,17397.74,9,0.1,1747.55
ORD-54663,2021-03-25,2021-03-31,Second Class,Consumer,Idaho City,Idaho,West,Technology,Copiers,4014.76,6,0.4,653.85
ORD-54664,2022-12-18,2022-12-21,Standard Class,Consumer,Colorado City,Colorado,West,Technology,Machines,820.8,3,0.0,123.96
ORD-54665,2021-02-20,2021-02-23,Second Class,Corporate,Mississippi City,Mississippi,South,Office Supplies,Fasteners,549.68,1,0.4,189.85
ORD-54666,2020-06-29,2020-07-02,Standard Class,Consumer,Delaware City,Delaware,East,Technology,Phones,6449.04,7,0.0,-1097.15
ORD-54667,2021-12-10,2021-12-17,Standard Class,Home Office,Idaho City,Idaho,West,Technology,Phones,1184.11,4,0.0,-294.71
ORD-54668,2022-10-01,2022-10-02,First Class,Consumer,Minnesota City,Minnesota,Central,Office Supplies,Binders,7236.9,6,0.4,912.11
ORD-54669,2021-03-28,2021-03-31,Standard Class,Consumer,South Carolina City,South Carolina,South,Office Supplies,Paper,2377.84,2,0.2,144.97
ORD-54670,2020-11-30,2020-12-04,First Class,Corporate,New Mexico City,New Mexico,West,Technology,Copiers,4395.7,2,0.0,850.35
ORD-54671,2020-08-19,2020-08-21,Second Class,Consumer,Tennessee City,Tennessee,South,Technology,Accessories,3013.78,2,0.0,994.36
ORD-54672,2023-10-30,2023-11-03,Standard Class,Consumer,Alabama City,Alabama,South,Technology,Phones,4900.72,9,0.1,-506.94
ORD-54673,2021-12-11,2021-12-12,Standard Class,Corporate,Tennessee City,Tennessee,South,Technology,Machines,689.65,5,0.0,-11.59
ORD-54674,2021-10-28,2021-11-03,First Class,Corporate,Rhode Island City,Rhode Island,East,Furniture,Bookcases,6970.42,4,0.1,-1060.02
ORD-54675,2022-05-19,2022-05-22,Standard Class,Home Office,Massachusetts City,Massachusetts,East,Furniture,Bookcases,3193.41,3,0.0,1218.44
ORD-54676,2022-05-18,2022-05-20,First Class,Consumer,Minnesota City,Minnesota,Central,Technology,Accessories,2922.09,7,0.5,-685.59
ORD-54677,2023-01-13,2023-01-17,Standard Class,Consumer,Mississippi City,Mississippi,South,Furniture,Furnishings,3201.53,2,0.0,-190.45
ORD-54678,2021-02-15,2021-02-19,Standard Class,Consumer,Alabama City,Alabama,South,Technology,Accessories,2218.13,7,0.3,-528.48
ORD-54679,2020-01-05,2020-01-10,Standard Class,Consumer,Nebraska City,Nebraska,Central,Furniture,Tables,1520.93,6,0.0,542.61
ORD-54680,2024-06-10,2024-06-14,First Class,Corporate,Colorado City,Colorado,West,Technology,Accessories,16107.84,9,0.0,5137.12
ORD-54681,2023-05-19,2023-05-24,First Class,Corporate,Wisconsin City,Wisconsin,Central,Furniture,Furnishings,9549.56,4,0.0,4271.21
ORD-54682,2021-10-01,2021-10-04,Standard Class,Consumer,Wisconsin City,Wisconsin,Central,Technology,Phones,2345.91,7,0.0,-466.94
ORD-54683,2024-11-28,2024-12-02,First Class,Consumer,Seattle,Washington,West,Technology,Copiers,5238.36,5,0.5,-1300.49
ORD-54684,2020-12-14,2020-12-15,Standard Class,Home Office,Arizona City,Arizona,West,Furniture,Chairs,1859.75,7,0.0,588.03
ORD-54685,2024-06-05,2024-06-10,Standard Class,Consumer,Detroit,Michigan,Central,Technology,Machines,8775.55,5,0.15,3230.54
ORD-54686,2023-12-11,2023-12-14,Standard Class,Home Office,Buffalo,New York,East,Technology,Machines,2765.31,7,0.2,1055.62
ORD-54687,2024-04-08,2024-04-09,Standard Class,Consumer,Kentucky City,Kentucky,South,Furniture,Tables,974.08,1,0.15,334.64
ORD-54688,2023-03-06,2023-03-08,Second Class,Consumer,Oregon City,Oregon,West,Furniture,Furnishings,7117.72,5,0.1,1980.59
ORD-54689,2021-02-04,2021-02-08,First Class,Consumer,San Diego,California,West,Office Supplies,Supplies,4187.52,3,0.2,787.75
ORD-54690,2023-01-02,2023-01-06,Standard Class,Corporate,Mississippi City,Mississippi,South,Office Supplies,Art,3725.65,6,0.3,-1032.48
ORD-54691,2021-06-16,2021-06-23,Standard Class,Corporate,Delaware City,Delaware,East,Furniture,Chairs,3319.61,4,0.0,-523.54
ORD-54692,2021-07-01,2021-07-07,First Class,Corporate,Kentucky City,Kentucky,South,Furniture,Tables,3087.13,3,0.0,738.45
ORD-54693,2020-12-10,2020-12-13,Standard Class,Consumer,Arizona City,Arizona,West,Technology,Phones,7072.21,6,0.5,475.31
ORD-54694,2021-01-22,2021-01-25,First Class,Consumer,Iowa City,Iowa,Central,Furniture,Tables,429.37,2,0.2,-50.38
ORD-54695,2021-04-08,2021-04-14,Standard Class,Home Office,Colorado City,Colorado,West,Office Supplies,Binders,9097.34,8,0.0,1007.89
ORD-54696,2020-08-10,2020-08-16,Standard Class,Consumer,Chicago,Illinois,Central,Office Supplies,Art,12360.4,6,0.0,-664.4
ORD-54697,2022-09-24,2022-09-25,Standard Class,Consumer,Delaware City,Delaware,East,Furniture,Furnishings,5667.81,3,0.0,1676.83
ORD-54698,2021-07-13,2021-07-16,Same Day,Corporate,Arkansas City,Arkansas,South,Technology,Accessories,4843.52,8,0.0,-693.69
ORD-54699,2022-11-15,2022-11-19,Standard Class,Consumer,Kentucky City,Kentucky,South,Office Supplies,Supplies,15181.97,7,0.0,5804.74
ORD-54700,2021-02-23,2021-02-26,Standard Class,Consumer,Minnesota City,Minnesota,Central,Technology,Accessories,6792.43,9,0.15,-1317.76
ORD-54701,2023-07-26,2023-07-30,First Class,Consumer,Atlanta,Georgia,South,Technology,Phones,2166.82,7,0.0,376.96
ORD-54702,2023-03-13,2023-03-16,Standard Class,Consumer,Rhode Island City,Rhode Island,East,Office Supplies,Storage,9381.34,8,0.0,-1208.46
ORD-54703,2024-07-16,2024-07-22,Standard Class,Consumer,Massachusetts City,Massachusetts,East,Furniture,Tables,1172.0,1,0.0,151.86
ORD-54704,2020-01-16,2020-01-20,Standard Class,Corporate,Montana City,Montana,West,Technology,Copiers,10136.88,8,0.4,4407.9
ORD-54705,2020-12-11,2020-12-12,Standard Class,Corporate,Delaware City,Delaware,East,Office Supplies,Binders,5717.56,8,0.1,2277.46
ORD-54706,2022-09-18,2022-09-19,Standard Class,Corporate,Delaware City,Delaware,East,Technology,Phones,1614.5,1,0.3,452.4
ORD-54707,2024-11-30,2024-12-06,First Class,Consumer,Colorado City,Colorado,West,Office Supplies,Binders,2010.45,2,0.0,644.17
ORD-54708,2021-01-11,2021-01-12,First Class,Consumer,Maryland City,Maryland,East,Furniture,Bookcases,6575.7,8,0.0,-229.47
ORD-54709,2020-10-23,2020-10-25,Standard Class,Corporate,Virginia City,Virginia,East,Technology,Machines,2071.97,6,0.0,326.42
ORD-54710,2023-02-28,2023-03-01,First Class,Home Office,Arkansas City,Arkansas,South,Technology,Machines,7120.0,4,0.0,-1785.45
ORD-54711,2023-06-10,2023-06-17,Standard Class,Consumer,Arizona City,Arizona,West,Technology,Machines,8029.57,9,0.5,993.13
ORD-54712,2024-05-10,2024-05-11,Second Class,Consumer,New Mexico City,New Mexico,West,Office Supplies,Supplies,2261.92,2,0.0,-640.58
ORD-54713,2022-06-11,2022-06-15,Standard Class,Consumer,Idaho City,Idaho,West,Furniture,Furnishings,8586.35,9,0.25,3825.09
ORD-54714,2020-05-27,2020-06-01,Second Class,Corporate,Massachusetts City,Massachusetts,East,Office Supplies,Supplies,13638.75,7,0.0,5148.57
ORD-54715,2024-02-19,2024-02-20,Standard Class,Corporate,North Carolina City,North Carolina,South,Furniture,Tables,377.67,7,0.0,84.25
ORD-54716,2020-01-15,2020-01-20,Standard Class,Corporate,Buffalo,New York,East,Furniture,Chairs,905.59,5,0.5,276.97
ORD-54717,2023-09-24,2023-09-27,Standard Class,Consumer,South Carolina City,South Carolina,South,Furniture,Tables,4089.73,2,0.0,1199.28
ORD-54718,2021-10-02,2021-10-07,Standard Class,Consumer,Rhode Island City,Rhode Island,East,Furniture,Bookcases,4668.85,3,0.0,-1062.5
ORD-54719,2022-10-17,2022-10-20,Standard Class,Consumer,Sacramento,California,West,Office Supplies,Paper,5617.6,8,0.0,2102.08
ORD-54720,2022-12-04,2022-12-08,Standard Class,Consumer,Seattle,Washington,West,Office Supplies,Fasteners,6400.08,5,0.0,-821.91
ORD-54721,2022-05-13,2022-05-20,Standard Class,Home Office,Arizona City,Arizona,West,Furniture,Furnishings,2479.43,4,0.1,151.86
ORD-54722,2022-01-19,2022-01-21,Second Class,Corporate,Kansas City,Kansas,Central,Furniture,Tables,298.35,3,0.4,72.24
ORD-54723,2021-09-19,2021-09-21,Standard Class,Consumer,Alabama City,Alabama,South,Office Supplies,Labels,4306.4,2,0.0,-1231.56
ORD-54724,2023-07-11,2023-07-16,Standard Class,Home Office,Nevada City,Nevada,West,Technology,Machines,1616.7,7,0.1,292.92
ORD-54725,2023-01-29,2023-02-01,Standard Class,Consumer,Cincinnati,Ohio,Central,Furniture,Tables,1062.01,2,0.3,78.81
ORD-54726,2023-03-11,2023-03-16,Standard Class,Consumer,Arkansas City,Arkansas,South,Furniture,Chairs,1004.98,1,0.25,163.56
ORD-54727,2023-06-07,2023-06-14,Standard Class,Consumer,Orlando,Florida,South,Office Supplies,Envelopes,3310.93,4,0.15,1343.76
ORD-54728,2020-09-21,2020-09-22,Standard Class,Consumer,Nevada City,Nevada,West,Furniture,Bookcases,15609.44,9,0.0,5154.36
ORD-54729,2023-06-10,2023-06-17,Standard Class,Consumer,Vermont City,Vermont,East,Office Supplies,Art,7891.59,6,0.0,268.24
ORD-54730,2024-10-12,2024-10-19,Standard Class,Consumer,Kentucky City,Kentucky,South,Technology,Copiers,7514.56,9,0.2,1692.91
ORD-54731,2021-02-20,2021-02-27,Standard Class,Corporate,Virginia City,Virginia,East,Office Supplies,Labels,6050.44,4,0.0,-1308.23
ORD-54732,2022-08-28,2022-08-31,Standard Class,Consumer,Miami,Florida,South,Office Supplies,Envelopes,1000.99,2,0.0,57.37
ORD-54733,2021-07-14,2021-07-15,Standard Class,Corporate,Rhode Island City,Rhode Island,East,Office Supplies,Labels,4971.89,3,0.0,-140.38
ORD-54734,2023-08-31,2023-09-06,Standard Class,Corporate,Vermont City,Vermont,East,Furniture,Bookcases,7546.03,6,0.2,-972.62
ORD-54735,2020-10-12,2020-10-19,Standard Class,Corporate,New Jersey City,New Jersey,East,Furniture,Chairs,8696.13,7,0.0,-2203.41
ORD-54736,2023-06-19,2023-06-26,Standard Class,Corporate,Utah City,Utah,West,Furniture,Furnishings,13511.31,9,0.25,5763.56
ORD-54737,2021-04-21,2021-04-24,First Class,Home Office,New York City,New York,East,Technology,Machines,7693.0,4,0.0,2842.39
ORD-54738,2021-05-16,2021-05-22,Standard Class,Consumer,Idaho City,Idaho,West,Furniture,Furnishings,727.61,9,0.0,180.72
ORD-54739,2021-08-08,2021-08-15,Standard Class,Consumer,Arizona City,Arizona,West,Technology,Copiers,7337.14,8,0.0,-189.94
ORD-54740,2021-02-28,2021-03-05,Second Class,Consumer,Cincinnati,Ohio,Central,Furniture,Furnishings,2240.44,2,0.0,674.16
ORD-54741,2024-01-20,2024-01-21,Second Class,Consumer,Alabama City,Alabama,South,Technology,Machines,174.46,1,0.25,3.74
ORD-54742,2021-01-18,2021-01-21,Standard Class,Consumer,Tacoma,Washington,West,Furniture,Tables,5596.49,5,0.0,-1210.52
ORD-54743,2021-06-01,2021-06-02,Same Day,Home Office,Missouri City,Missouri,Central,Technology,Machines,11472.79,7,0.0,4901.01
ORD-54744,2020-05-12,2020-05-17,Standard Class,Corporate,Minnesota City,Minnesota,Central,Office Supplies,Paper,8821.18,6,0.25,1619.56
ORD-54745,2021-02-12,2021-02-18,First Class,Corporate,Detroit,Michigan,Central,Technology,Phones,9321.56,7,0.2,-614.26
ORD-54746,2020-02-13,2020-02-14,Same Day,Consumer,Cincinnati,Ohio,Central,Furniture,Furnishings,10264.03,7,0.0,-400.22
ORD-54747,2021-07-29,2021-08-01,First Class,Consumer,Mississippi City,Mississippi,South,Furniture,Bookcases,2606.58,2,0.0,615.25
ORD-54748,2024-10-17,2024-10-23,Second Class,Consumer,Rhode Island City,Rhode Island,East,Furniture,Tables,7293.79,8,0.0,42.36
ORD-54749,2022-09-15,2022-09-21,Second Class,Home Office,Minnesota City,Minnesota,Central,Furniture,Tables,3354.03,6,0.0,-632.81
ORD-54750,2023-04-27,2023-04-30,Standard Class,Corporate,Spokane,Washington,West,Office Supplies,Labels,6663.68,7,0.0,2724.24
ORD-54751,2020-08-15,2020-08-17,Second Class,Consumer,Missouri City,Missouri,Central,Furniture,Furnishings,20687.36,9,0.0,-3269.21
ORD-54752,2022-08-25,2022-08-28,Second Class,Corporate,New Jersey City,New Jersey,East,Furniture,Chairs,575.59,9,0.0,-129.45
ORD-54753,2020-01-11,2020-01-18,Standard Class,Corporate,Iowa City,Iowa,Central,Technology,Machines,9586.17,4,0.0,-551.15
ORD-54754,2020-01-01,2020-01-04,First Class,Corporate,Colorado City,Colorado,West,Office Supplies,Paper,874.18,2,0.1,106.94
ORD-54755,2021-03-16,2021-03-22,Same Day,Consumer,Utah City,Utah,West,Office Supplies,Labels,5014.48,3,0.2,-246.99
ORD-54756,2023-11-06,2023-11-13,Standard Class,Home Office,Miami,Florida,South,Furniture,Bookcases,196.19,2,0.0,3.6
ORD-54757,2022-04-07,2022-04-09,Standard Class,Corporate,Nebraska City,Nebraska,Central,Furniture,Bookcases,7776.73,6,0.1,2616.97
ORD-54758,2020-02-09,2020-02-15,Standard Class,Consumer,South Carolina City,South Carolina,South,Office Supplies,Fasteners,15226.55,8,0.0,368.89
ORD-54759,2023-08-03,2023-08-08,Standard Class,Corporate,Arizona City,Arizona,West,Furniture,Tables,12084.25,9,0.25,252.41
ORD-54760,2021-04-02,2021-04-07,First Class,Corporate,Nevada City,Nevada,West,Office Supplies,Envelopes,3154.81,5,0.4,407.75
ORD-54761,2023-02-17,2023-02-23,Standard Class,Corporate,Missouri City,Missouri,Central,Office Supplies,Envelopes,1141.46,1,0.0,320.65
ORD-54762,2022-01-26,2022-01-31,Standard Class,Consumer,Arkansas City,Arkansas,South,Technology,Phones,6911.96,5,0.25,2759.71
ORD-54763,2024-04-30,2024-05-05,Standard Class,Consumer,Massachusetts City,Massachusetts,East,Office Supplies,Binders,6629.24,8,0.0,-1754.06
ORD-54764,2023-05-01,2023-05-06,Standard Class,Corporate,Grand Rapids,Michigan,Central,Furniture,Tables,6949.43,5,0.25,2941.57
ORD-54765,2022-11-25,2022-11-29,First Class,Consumer,Virginia City,Virginia,East,Furniture,Furnishings,18594.47,8,0.0,-5404.09
ORD-54766,2021-06-29,2021-07-01,Standard Class,Home Office,New Jersey City,New Jersey,East,Office Supplies,Storage,581.23,6,0.0,153.45
ORD-54767,2020-11-05,2020-11-11,Standard Class,Corporate,North Carolina City,North Carolina,South,Technology,Phones,15593.8,7,0.0,6115.5
ORD-54768,2020-09-15,2020-09-16,Standard Class,Consumer,Wisconsin City,Wisconsin,Central,Furniture,Furnishings,9903.98,8,0.0,2301.22
ORD-54769,2022-03-12,2022-03-18,Standard Class,Corporate,Wisconsin City,Wisconsin,Central,Technology,Copiers,1206.86,2,0.0,144.87
ORD-54770,2023-05-01,2023-05-07,First Class,Consumer,Kansas City,Kansas,Central,Office Supplies,Storage,6889.26,9,0.0,-113.34
ORD-54771,2021-12-29,2021-12-31,Second Class,Consumer,Idaho City,Idaho,West,Furniture,Furnishings,6418.12,3,0.0,947.82
ORD-54772,2023-03-26,2023-03-27,Standard Class,Consumer,New Mexico City,New Mexico,West,Technology,Copiers,328.92,2,0.5,-37.8
ORD-54773,2021-06-12,2021-06-17,Standard Class,Corporate,Montana City,Montana,West,Technology,Phones,2993.39,4,0.0,561.8
ORD-54774,2022-12-25,2022-12-28,Standard Class,Consumer,Wisconsin City,Wisconsin,Central,Furniture,Chairs,9125.07,9,0.2,3304.91
ORD-54775,2024-04-19,2024-04-22,Standard Class,Home Office,Oregon City,Oregon,West,Furniture,Furnishings,3346.65,5,0.5,-151.78
ORD-54776,2023-06-13,2023-06-20,Standard Class,Home Office,Rhode Island City,Rhode Island,East,Technology,Phones,4037.72,8,0.0,-807.34
ORD-54777,2023-08-17,2023-08-22,Standard Class,Consumer,Savannah,Georgia,South,Technology,Copiers,18665.16,9,0.1,3276.71
ORD-54778,2020-02-14,2020-02-16,Standard Class,Corporate,Philadelphia,Pennsylvania,East,Furniture,Chairs,203.34,1,0.0,-8.68
ORD-54779,2020-10-25,2020-10-31,Standard Class,Consumer,Louisiana City,Louisiana,South,Technology,Copiers,6381.27,8,0.0,1142.13
ORD-54780,2021-01-04,2021-01-07,Second Class,Corporate,Minnesota City,Minnesota,Central,Technology,Phones,3219.73,2,0.1,-326.77
ORD-54781,2021-11-02,2021-11-05,Standard Class,Corporate,Montana City,Montana,West,Office Supplies,Labels,2019.35,4,0.0,-381.03
ORD-54782,2021-06-26,2021-06-29,First Class,Consumer,North Carolina City,North Carolina,South,Technology,Phones,5973.35,4,0.2,1555.15
ORD-54783,2021-01-03,2021-01-09,Standard Class,Home Office,Peoria,Illinois,Central,Office Supplies,Labels,669.04,1,0.2,-8.86
ORD-54784,2020-11-24,2020-11-25,First Class,Corporate,Maryland City,Maryland,East,Technology,Phones,1472.86,1,0.3,-239.07
ORD-54785,2024-06-06,2024-06-10,Standard Class,Consumer,Rhode Island City,Rhode Island,East,Technology,Machines,5404.81,9,0.0,-477.12
ORD-54786,2022-10-02,2022-10-05,Standard Class,Corporate,Vermont City,Vermont,East,Technology,Phones,11979.38,6,0.2,-2680.21
ORD-54787,2020-03-04,2020-03-05,Standard Class,Corporate,Louisiana City,Louisiana,South,Office Supplies,Labels,13444.7,9,0.0,-3368.35
ORD-54788,2020-08-22,2020-08-24,Second Class,Consumer,Iowa City,Iowa,Central,Furniture,Tables,20157.89,9,0.0,-4072.6
ORD-54789,2020-07-04,2020-07-06,Standard Class,Corporate,Kentucky City,Kentucky,South,Office Supplies,Binders,8484.89,7,0.25,3744.6
ORD-54790,2022-07-18,2022-07-22,First Class,Consumer,Arkansas City,Arkansas,South,Technology,Accessories,6545.86,4,0.0,1134.96
ORD-54791,2021-05-31,2021-06-01,Standard Class,Corporate,Tampa,Florida,South,Office Supplies,Labels,4368.9,9,0.0,1922.98
ORD-54792,2022-06-10,2022-06-12,Second Class,Corporate,Colorado City,Colorado,West,Furniture,Furnishings,88.62,1,0.0,-7.77
ORD-54793,2024-02-02,2024-02-09,Second Class,Consumer,New Jersey City,New Jersey,East,Furniture,Bookcases,11741.0,6,0.1,1386.6
ORD-54794,2020-04-30,2020-05-03,Standard Class,Home Office,Arizona City,Arizona,West,Furniture,Furnishings,483.1,5,0.0,99.55
ORD-54795,2023-05-20,2023-05-24,Standard Class,Consumer,Utah City,Utah,West,Office Supplies,Fasteners,1261.38,1,0.3,-65.83
ORD-54796,2020-12-21,2020-12-28,Standard Class,Consumer,Springfield,Illinois,Central,Office Supplies,Fasteners,10879.76,7,0.0,3120.38
ORD-54797,2020-07-28,2020-08-04,Second Class,Corporate,Wisconsin City,Wisconsin,Central,Technology,Phones,1936.59,5,0.15,-376.13
ORD-54798,2024-10-08,2024-10-12,Second Class,Consumer,Minnesota City,Minnesota,Central,Technology,Copiers,1883.84,1,0.15,32.97
ORD-54799,2021-12-19,2021-12-21,Second Class,Home Office,Kansas City,Kansas,Central,Technology,Accessories,5113.18,8,0.0,589.82
ORD-54800,2024-11-18,2024-11-21,Standard Class,Consumer,Louisiana City,Louisiana,South,Technology,Machines,13242.53,7,0.0,-3807.84
ORD-54801,2024-01-15,2024-01-16,Second Class,Corporate,Mississippi City,Mississippi,South,Office Supplies,Labels,321.35,5,0.1,109.46
ORD-54802,2023-05-01,2023-05-08,Standard Class,Corporate,Massachusetts City,Massachusetts,East,Furniture,Tables,4864.93,4,0.0,2015.38
ORD-54803,2023-04-04,2023-04-05,Standard Class,Home Office,Maryland City,Maryland,East,Office Supplies,Storage,12402.12,9,0.0,-437.48
ORD-54804,2022-07-10,2022-07-16,Standard Class,Consumer,Lansing,Michigan,Central,Technology,Machines,275.48,2,0.0,-78.87
ORD-54805,2021-08-08,2021-08-14,Standard Class,Consumer,North Carolina City,North Carolina,South,Technology,Accessories,3700.17,3,0.4,1162.68
ORD-54806,2023-07-17,2023-07-20,Standard Class,Corporate,Virginia City,Virginia,East,Furniture,Chairs,196.45,1,0.4,2.05
ORD-54807,2024-06-06,2024-06-12,Standard Class,Consumer,Alabama City,Alabama,South,Furniture,Bookcases,2592.9,4,0.0,899.12
ORD-54808,2022-12-02,2022-12-03,Standard Class,Consumer,Utah City,Utah,West,Furniture,Tables,5706.99,3,0.15,-1627.85
ORD-54809,2021-04-21,2021-04-28,Standard Class,Corporate,Kentucky City,Kentucky,South,Technology,Accessories,6821.13,8,0.0,2746.67
ORD-54810,2023-03-03,2023-03-10,Standard Class,Consumer,Albany,New York,East,Furniture,Chairs,8883.24,7,0.1,1574.47
ORD-54811,2024-04-02,2024-04-09,Standard Class,Consumer,Chicago,Illinois,Central,Office Supplies,Art,6200.72,5,0.1,-1615.82
ORD-54812,2024-02-24,2024-03-01,First Class,Consumer,New Jersey City,New Jersey,East,Office Supplies,Labels,3053.35,5,0.0,-805.88
ORD-54813,2024-06-28,2024-07-01,Standard Class,Home Office,Delaware City,Delaware,East,Technology,Accessories,10154.41,9,0.0,3071.52
ORD-54814,2024-06-29,2024-07-06,Standard Class,Consumer,Colorado City,Colorado,West,Technology,Copiers,5362.77,6,0.0,-1018.84
ORD-54815,2024-10-12,2024-10-17,First Class,Home Office,Massachusetts City,Massachusetts,East,Technology,Accessories,3915.14,4,0.4,282.34
ORD-54816,2022-06-03,2022-06-10,Standard Class,Consumer,San Diego,California,West,Office Supplies,Paper,6340.87,8,0.0,-92.86
ORD-54817,2022-05-18,2022-05-24,Standard Class,Consumer,Delaware City,Delaware,East,Technology,Accessories,3030.03,3,0.0,569.55
ORD-54818,2020-09-07,2020-09-08,Second Class,Corporate,Vermont City,Vermont,East,Furniture,Tables,11641.03,9,0.0,-2570.52
ORD-54819,2022-07-10,2022-07-13,Standard Class,Home Office,Missouri City,Missouri,Central,Office Supplies,Envelopes,7717.17,6,0.3,1952.48
ORD-54820,2021-02-24,2021-03-01,Same Day,Consumer,Minnesota City,Minnesota,Central,Technology,Machines,7086.5,9,0.0,2130.21
ORD-54821,2023-08-02,2023-08-09,Standard Class,Consumer,Tennessee City,Tennessee,South,Furniture,Tables,3986.15,4,0.0,-314.3
ORD-54822,2023-11-19,2023-11-22,Second Class,Consumer,North Carolina City,North Carolina,South,Furniture,Furnishings,588.47,1,0.0,94.64
ORD-54823,2021-03-02,2021-03-08,Standard Class,Consumer,Kentucky City,Kentucky,South,Furniture,Tables,7553.35,7,0.0,2664.07
ORD-54824,2022-04-16,2022-04-19,Standard Class,Consumer,Maryland City,Maryland,East,Technology,Copiers,3490.49,4,0.0,-849.77
ORD-54825,2020-10-30,2020-10-31,Standard Class,Consumer,New Mexico City,New Mexico,West,Office Supplies,Fasteners,2607.66,2,0.0,-51.7
ORD-54826,2021-12-15,2021-12-16,First Class,Consumer,South Carolina City,South Carolina,South,Technology,Machines,8377.01,5,0.3,-1106.72
ORD-54827,2022-10-05,2022-10-06,Standard Class,Consumer,Arkansas City,Arkansas,South,Technology,Phones,987.69,8,0.0,-113.73
ORD-54828,2023-08-13,2023-08-17,Standard Class,Corporate,Missouri City,Missouri,Central,Technology,Accessories,4635.83,3,0.0,73.45
ORD-54829,2022-01-03,2022-01-06,Standard Class,Corporate,Vermont City,Vermont,East,Technology,Copiers,1756.82,4,0.4,338.89
ORD-54830,2022-06-10,2022-06-11,First Class,Corporate,Columbus,Ohio,Central,Office Supplies,Storage,3158.99,3,0.3,428.45
ORD-54831,2020-11-13,2020-11-15,Second Class,Home Office,Arizona City,Arizona,West,Technology,Machines,13983.23,6,0.0,1830.36
ORD-54832,2023-07-10,2023-07-15,Standard Class,Consumer,Kentucky City,Kentucky,South,Technology,Accessories,576.79,1,0.0,68.98
ORD-54833,2022-07-06,2022-07-09,Standard Class,Corporate,Spokane,Washington,West,Technology,Machines,5949.39,3,0.0,1144.61
ORD-54834,2023-01-31,2023-02-05,First Class,Consumer,Chicago,Illinois,Central,Furniture,Chairs,2440.12,2,0.0,172.27
ORD-54835,2022-05-08,2022-05-14,Standard Class,Consumer,Seattle,Washington,West,Furniture,Furnishings,6037.05,3,0.15,621.0
ORD-54836,2020-06-10,2020-06-17,First Class,Corporate,Iowa City,Iowa,Central,Furniture,Furnishings,1697.28,5,0.0,-137.34
ORD-54837,2023-04-20,2023-04-24,First Class,Corporate,Montana City,Montana,West,Technology,Accessories,8433.5,4,0.0,161.81
ORD-54838,2021-07-28,2021-08-02,Standard Class,Home Office,Cleveland,Ohio,Central,Furniture,Tables,5122.78,4,0.3,-1461.51
ORD-54839,2024-06-13,2024-06-20,Standard Class,Consumer,Cincinnati,Ohio,Central,Office Supplies,Paper,179.01,5,0.0,-49.94
ORD-54840,2021-03-14,2021-03-19,Standard Class,Consumer,Oregon City,Oregon,West,Technology,Copiers,132.56,2,0.0,36.16
ORD-54841,2021-03-05,2021-03-07,Standard Class,Consumer,Savannah,Georgia,South,Office Supplies,Labels,2549.2,5,0.0,740.17
ORD-54842,2021-12-10,2021-12-14,First Class,Consumer,Iowa City,Iowa,Central,Furniture,Chairs,1948.12,2,0.0,192.1
ORD-54843,2021-11-14,2021-11-15,Standard Class,Consumer,Alabama City,Alabama,South,Furniture,Tables,12124.89,8,0.0,1597.81
ORD-54844,2020-09-27,2020-10-02,Standard Class,Consumer,Cleveland,Ohio,Central,Office Supplies,Paper,1732.71,3,0.0,-325.07
ORD-54845,2022-05-09,2022-05-16,Standard Class,Consumer,Utah City,Utah,West,Technology,Copiers,434.0,3,0.0,-22.26
ORD-54846,2020-07-19,2020-07-22,First Class,Home Office,Los Angeles,California,West,Technology,Machines,4095.06,2,0.0,1559.74
ORD-54847,2024-12-06,2024-12-08,Standard Class,Consumer,Los Angeles,California,West,Office Supplies,Binders,11169.27,5,0.0,759.41
ORD-54848,2024-09-17,2024-09-24,Standard Class,Consumer,Orlando,Florida,South,Office Supplies,Storage,6560.72,8,0.0,695.07
ORD-54849,2020-12-02,2020-12-09,First Class,Home Office,Idaho City,Idaho,West,Office Supplies,Paper,3212.52,2,0.1,845.73
ORD-54850,2023-05-24,2023-05-25,Standard Class,Consumer,Louisiana City,Louisiana,South,Furniture,Chairs,5126.76,3,0.0,-254.5
ORD-54851,2020-04-08,2020-04-14,Standard Class,Corporate,Detroit,Michigan,Central,Office Supplies,Art,16800.44,8,0.0,5007.17
ORD-54852,2022-02-12,2022-02-17,Standard Class,Home Office,Tacoma,Washington,West,Office Supplies,Paper,3910.99,8,0.25,-259.59
ORD-54853,2024-01-03,2024-01-10,First Class,Home Office,Detroit,Michigan,Central,Technology,Accessories,1747.04,1,0.0,638.25
ORD-54854,2021-02-23,2021-02-28,Standard Class,Corporate,Arizona City,Arizona,West,Office Supplies,Supplies,1020.47,8,0.0,284.36
ORD-54855,2021-04-25,2021-05-01,First Class,Consumer,Montana City,Montana,West,Office Supplies,Art,10630.4,9,0.0,-652.73
ORD-54856,2022-04-06,2022-04-10,Standard Class,Home Office,Virginia City,Virginia,East,Furniture,Bookcases,7834.82,9,0.0,-2281.42
ORD-54857,2024-02-09,2024-02-12,Same Day,Corporate,Connecticut City,Connecticut,East,Technology,Accessories,7252.64,5,0.4,1106.7
ORD-54858,2022-12-23,2022-12-30,First Class,Corporate,Nebraska City,Nebraska,Central,Office Supplies,Art,2207.19,2,0.0,567.42
ORD-54859,2024-03-26,2024-03-29,Second Class,Home Office,Connecticut City,Connecticut,East,Technology,Machines,2115.36,2,0.0,771.44
ORD-54860,2024-04-18,2024-04-19,First Class,Consumer,Orlando,Florida,South,Furniture,Tables,17351.13,9,0.0,883.39
ORD-54861,2024-08-24,2024-08-26,Standard Class,Consumer,Delaware City,Delaware,East,Technology,Phones,2096.51,1,0.0,-350.68
ORD-54862,2020-06-19,2020-06-23,Standard Class,Corporate,Savannah,Georgia,South,Furniture,Tables,402.26,1,0.0,153.33
ORD-54863,2021-11-17,2021-11-19,Same Day,Home Office,Arkansas City,Arkansas,South,Furniture,Chairs,5171.75,7,0.25,1501.19
ORD-54864,2024-03-08,2024-03-15,Second Class,Corporate,New Mexico City,New Mexico,West,Furniture,Chairs,278.45,2,0.0,42.73
ORD-54865,2020-07-07,2020-07-14,Standard Class,Corporate,Colorado City,Colorado,West,Furniture,Bookcases,449.0,1,0.0,20.56
ORD-54866,2022-09-08,2022-09-10,Standard Class,Consumer,Mississippi City,Mississippi,South,Technology,Phones,11193.95,5,0.1,2657.85
ORD-54867,2022-12-16,2022-12-19,Standard Class,Home Office,New Mexico City,New Mexico,West,Furniture,Chairs,72.65,4,0.15,13.56
ORD-54868,2022-05-15,2022-05-21,Standard Class,Consumer,New Jersey City,New Jersey,East,Office Supplies,Binders,4861.37,4,0.1,-1182.81
ORD-54869,2020-06-30,2020-07-03,Standard Class,Consumer,Maryland City,Maryland,East,Office Supplies,Envelopes,12229.72,9,0.0,-2825.12
ORD-54870,2020-11-03,2020-11-07,Second Class,Corporate,Arizona City,Arizona,West,Furniture,Furnishings,4627.38,8,0.15,-785.08
ORD-54871,2022-10-25,2022-10-28,Same Day,Consumer,Minnesota City,Minnesota,Central,Technology,Phones,9234.78,5,0.0,4100.82
ORD-54872,2021-09-11,2021-09-15,Standard Class,Corporate,Tacoma,Washington,West,Furniture,Tables,2247.59,3,0.0,609.05
ORD-54873,2021-05-02,2021-05-08,Standard Class,Corporate,Orlando,Florida,South,Technology,Accessories,12261.87,5,0.0,4534.31
ORD-54874,2021-07-28,2021-08-01,Standard Class,Consumer,Harrisburg,Pennsylvania,East,Technology,Machines,705.73,5,0.0,-46.78
ORD-54875,2021-10-14,2021-10-19,Second Class,Consumer,Lansing,Michigan,Central,Office Supplies,Labels,8312.86,7,0.0,427.69
ORD-54876,2022-10-26,2022-10-31,Standard Class,Consumer,Virginia City,Virginia,East,Technology,Copiers,15639.58,8,0.0,506.58
ORD-54877,2023-09-28,2023-09-29,Second Class,Consumer,Savannah,Georgia,South,Office Supplies,Labels,4684.12,7,0.0,-99.92
ORD-54878,2024-02-28,2024-03-01,Standard Class,Consumer,Rhode Island City,Rhode Island,East,Furniture,Furnishings,4362.26,3,0.0,-40.32
ORD-54879,2023-01-27,2023-02-02,Second Class,Corporate,Colorado City,Colorado,West,Furniture,Chairs,4745.36,5,0.0,-1016.66
ORD-54880,2024-03-16,2024-03-19,Second Class,Consumer,Virginia City,Virginia,East,Technology,Machines,12369.19,6,0.0,3349.05
ORD-54881,2020-06-15,2020-06-16,First Class,Consumer,Vermont City,Vermont,East,Technology,Accessories,2128.82,1,0.0,108.27
ORD-54882,2022-08-31,2022-09-07,Standard Class,Home Office,Colorado City,Colorado,West,Technology,Copiers,3053.34,2,0.0,-753.36
ORD-54883,2023-09-10,2023-09-17,Second Class,Consumer,Arizona City,Arizona,West,Technology,Copiers,6873.79,9,0.4,1290.38
ORD-54884,2021-10-20,2021-10-21,Standard Class,Corporate,Minnesota City,Minnesota,Central,Office Supplies,Envelopes,11410.09,8,0.0,-673.58
ORD-54885,2022-02-18,2022-02-19,Second Class,Corporate,Colorado City,Colorado,West,Furniture,Bookcases,5211.1,4,0.4,-1296.95
ORD-54886,2022-08-12,2022-08-14,First Class,Consumer,Nebraska City,Nebraska,Central,Furniture,Bookcases,13883.01,7,0.0,-734.59
ORD-54887,2023-10-21,2023-10-25,First Class,Corporate,Colorado City,Colorado,West,Office Supplies,Fasteners,4739.6,5,0.15,1769.82
ORD-54888,2020-03-20,2020-03-21,Standard Class,Consumer,Utah City,Utah,West,Furniture,Furnishings,1083.91,5,0.15,413.2
ORD-54889,2024-02-29,2024-03-05,Standard Class,Consumer,Montana City,Montana,West,Technology,Machines,5883.89,9,0.0,2292.44
ORD-54890,2023-07-16,2023-07-20,Second Class,Corporate,North Carolina City,North Carolina,South,Office Supplies,Art,663.72,1,0.0,51.49
ORD-54891,2020-12-31,2021-01-06,Standard Class,Consumer,Nevada City,Nevada,West,Office Supplies,Envelopes,5255.94,6,0.0,2130.97
ORD-54892,2022-05-29,2022-06-03,Second Class,Consumer,Louisiana City,Louisiana,South,Technology,Copiers,8072.27,6,0.0,-2362.03
ORD-54893,2020-04-15,2020-04-21,First Class,Consumer,Nebraska City,Nebraska,Central,Office Supplies,Labels,5812.56,9,0.25,-123.0
ORD-54894,2021-02-18,2021-02-24,Standard Class,Home Office,Chicago,Illinois,Central,Technology,Accessories,1380.62,7,0.5,-373.56
ORD-54895,2021-05-06,2021-05-11,Standard Class,Consumer,Montana City,Montana,West,Technology,Accessories,1942.51,1,0.0,657.86
ORD-54896,2023-01-27,2023-01-31,Standard Class,Consumer,Atlanta,Georgia,South,Office Supplies,Envelopes,2228.39,9,0.0,-644.01
ORD-54897,2022-11-16,2022-11-20,Standard Class,Consumer,Pittsburgh,Pennsylvania,East,Technology,Phones,3319.89,2,0.0,901.39
ORD-54898,2022-12-01,2022-12-06,Standard Class,Consumer,Missouri City,Missouri,Central,Furniture,Furnishings,12935.34,6,0.0,1593.73
ORD-54899,2024-03-20,2024-03-27,Standard Class,Corporate,Iowa City,Iowa,Central,Office Supplies,Art,1388.97,1,0.25,-344.26
ORD-54900,2021-12-09,2021-12-12,Second Class,Consumer,New Jersey City,New Jersey,East,Office Supplies,Supplies,1707.71,2,0.0,262.58
ORD-54901,2022-08-24,2022-08-25,Standard Class,Consumer,Nevada City,Nevada,West,Furniture,Bookcases,3625.06,2,0.1,887.53
ORD-54902,2024-09-11,2024-09-17,First Class,Consumer,Idaho City,Idaho,West,Furniture,Tables,13636.52,9,0.0,18.77
ORD-54903,2023-10-05,2023-10-09,Second Class,Consumer,Minnesota City,Minnesota,Central,Furniture,Furnishings,4271.71,4,0.0,-220.44
ORD-54904,2022-08-02,2022-08-05,Standard Class,Consumer,Oregon City,Oregon,West,Technology,Machines,1096.17,4,0.5,390.58
ORD-54905,2023-02-20,2023-02-26,Second Class,Corporate,Iowa City,Iowa,Central,Furniture,Chairs,594.18,3,0.0,-160.17
ORD-54906,2021-03-31,2021-04-02,Standard Class,Consumer,Delaware City,Delaware,East,Technology,Machines,14683.74,6,0.0,2658.71
ORD-54907,2022-04-09,2022-04-15,Same Day,Consumer,Virginia City,Virginia,East,Technology,Copiers,2794.4,4,0.0,596.28
ORD-54908,2020-03-12,2020-03-18,Standard Class,Consumer,Colorado City,Colorado,West,Technology,Copiers,5830.47,3,0.0,1595.39
ORD-54909,2020-02-15,2020-02-21,Standard Class,Home Office,Montana City,Montana,West,Furniture,Furnishings,188.45,9,0.0,6.47
ORD-54910,2020-10-05,2020-10-07,Standard Class,Consumer,Oregon City,Oregon,West,Technology,Copiers,3951.87,6,0.0,390.82
ORD-54911,2023-11-18,2023-11-24,Second Class,Home Office,Connecticut City,Connecticut,East,Furniture,Furnishings,13222.03,6,0.0,-3037.5
ORD-54912,2023-01-10,2023-01-14,Standard Class,Corporate,Spokane,Washington,West,Office Supplies,Storage,5356.46,7,0.0,1388.76
ORD-54913,2022-12-01,2022-12-05,Standard Class,Consumer,Utah City,Utah,West,Furniture,Chairs,10477.96,9,0.15,-692.43
ORD-54914,2024-05-07,2024-05-14,Second Class,Consumer,Rhode Island City,Rhode Island,East,Technology,Phones,11559.38,5,0.0,1283.78
ORD-54915,2021-05-27,2021-05-31,Standard Class,Consumer,Connecticut City,Connecticut,East,Furniture,Bookcases,5521.21,8,0.0,2328.9
ORD-54916,2022-11-09,2022-11-16,First Class,Corporate,Los Angeles,California,West,Furniture,Bookcases,212.79,2,0.5,84.45
ORD-54917,2020-05-10,2020-05-13,Standard Class,Consumer,San Diego,California,West,Office Supplies,Supplies,36.28,1,0.5,12.28
ORD-54918,2022-05-06,2022-05-10,Standard Class,Consumer,Utah City,Utah,West,Technology,Machines,3306.69,2,0.1,-8.52
ORD-54919,2023-04-18,2023-04-24,Same Day,Home Office,New York City,New York,East,Furniture,Bookcases,2073.3,1,0.0,913.22
ORD-54920,2021-05-24,2021-05-26,Standard Class,Consumer,Rhode Island City,Rhode Island,East,Technology,Phones,10041.13,7,0.4,788.86
ORD-54921,2024-11-09,2024-11-12,Standard Class,Consumer,Colorado City,Colorado,West,Furniture,Chairs,1572.07,4,0.0,559.23
ORD-54922,2021-12-12,2021-12-14,Standard Class,Consumer,Rhode Island City,Rhode Island,East,Office Supplies,Envelopes,3445.87,2,0.0,1419.28
ORD-54923,2023-02-25,2023-03-03,Standard Class,Consumer,Houston,Texas,Central,Office Supplies,Paper,6816.44,4,0.0,-818.68
ORD-54924,2020-10-29,2020-10-31,Standard Class,Consumer,New Jersey City,New Jersey,East,Technology,Phones,2174.25,9,0.0,307.29
ORD-54925,2022-08-07,2022-08-10,Second Class,Consumer,Savannah,Georgia,South,Office Supplies,Fasteners,220.28,3,0.2,-42.18
ORD-54926,2021-09-13,2021-09-14,Standard Class,Corporate,Arkansas City,Arkansas,South,Furniture,Furnishings,518.39,1,0.3,112.67
ORD-54927,2020-05-11,2020-05-14,Standard Class,Corporate,Minnesota City,Minnesota,Central,Technology,Copiers,7041.92,8,0.3,2202.05
ORD-54928,2022-09-22,2022-09-27,Standard Class,Consumer,Tacoma,Washington,West,Office Supplies,Supplies,762.83,1,0.0,167.91
ORD-54929,2021-03-08,2021-03-10,Standard Class,Home Office,Kansas City,Kansas,Central,Furniture,Tables,1666.25,1,0.0,-57.78
ORD-54930,2021-11-18,2021-11-20,Second Class,Consumer,Wisconsin City,Wisconsin,Central,Technology,Copiers,902.4,1,0.0,333.14
ORD-54931,2023-03-17,2023-03-23,First Class,Home Office,South Carolina City,South Carolina,South,Office Supplies,Envelopes,2636.25,4,0.0,440.88
ORD-54932,2020-11-01,2020-11-04,Standard Class,Corporate,Arizona City,Arizona,West,Furniture,Bookcases,2362.49,1,0.0,-261.16
ORD-54933,2024-08-30,2024-09-06,First Class,Consumer,Virginia City,Virginia,East,Technology,Copiers,4188.91,4,0.0,-1083.04
ORD-54934,2020-07-18,2020-07-22,Standard Class,Corporate,Montana City,Montana,West,Technology,Accessories,12521.26,6,0.0,1250.27
ORD-54935,2023-05-26,2023-05-28,Standard Class,Corporate,Minnesota City,Minnesota,Central,Office Supplies,Storage,846.92,3,0.0,-142.49
ORD-54936,2022-11-25,2022-11-30,Standard Class,Consumer,Virginia City,Virginia,East,Furniture,Furnishings,8034.81,6,0.0,761.0
ORD-54937,2020-10-04,2020-10-11,Same Day,Consumer,Vermont City,Vermont,East,Technology,Machines,1633.64,3,0.0,571.1
ORD-54938,2022-02-28,2022-03-01,Standard Class,Home Office,Delaware City,Delaware,East,Office Supplies,Fasteners,1127.76,9,0.1,186.63
ORD-54939,2023-02-27,2023-03-02,Standard Class,Consumer,Tampa,Florida,South,Office Supplies,Fasteners,5348.54,8,0.0,1678.86
ORD-54940,2021-12-23,2021-12-25,Second Class,Consumer,Minnesota City,Minnesota,Central,Furniture,Tables,657.72,1,0.0,273.39
ORD-54941,2021-11-19,2021-11-21,Second Class,Consumer,Miami,Florida,South,Office Supplies,Labels,2610.78,5,0.3,781.94
ORD-54942,2021-01-29,2021-01-30,Standard Class,Consumer,Missouri City,Missouri,Central,Office Supplies,Paper,9388.6,8,0.0,1996.41
ORD-54943,2020-10-28,2020-11-02,Standard Class,Corporate,Virginia City,Virginia,East,Furniture,Chairs,7030.83,7,0.0,-395.55
ORD-54944,2021-09-23,2021-09-29,Second Class,Consumer,Rhode Island City,Rhode Island,East,Office Supplies,Binders,7122.69,4,0.2,-376.13
ORD-54945,2024-07-12,2024-07-19,Standard Class,Home Office,Sacramento,California,West,Office Supplies,Labels,3384.46,5,0.0,1406.12
ORD-54946,2023-12-15,2023-12-20,Standard Class,Consumer,Oregon City,Oregon,West,Office Supplies,Storage,524.45,1,0.0,78.5
ORD-54947,2024-06-14,2024-06-16,First Class,Consumer,Spokane,Washington,West,Technology,Phones,2528.11,5,0.0,-743.23
ORD-54948,2022-03-02,2022-03-09,Second Class,Corporate,South Carolina City,South Carolina,South,Technology,Phones,803.68,8,0.0,109.43
ORD-54949,2021-07-05,2021-07-08,Standard Class,Corporate,Minnesota City,Minnesota,Central,Technology,Copiers,3632.21,4,0.0,-556.92
ORD-54950,2024-12-03,2024-12-09,Standard Class,Consumer,Atlanta,Georgia,South,Technology,Copiers,3617.38,2,0.15,-915.2
ORD-54951,2021-04-16,2021-04-17,Standard Class,Consumer,Nevada City,Nevada,West,Technology,Accessories,11274.13,7,0.0,1057.16
ORD-54952,2021-07-11,2021-07-17,Standard Class,Corporate,Missouri City,Missouri,Central,Furniture,Chairs,3131.71,4,0.5,-369.69
ORD-54953,2020-06-06,2020-06-07,Standard Class,Home Office,Nebraska City,Nebraska,Central,Technology,Copiers,13547.24,9,0.0,2344.29
ORD-54954,2024-07-12,2024-07-17,Standard Class,Consumer,Connecticut City,Connecticut,East,Furniture,Bookcases,14092.35,6,0.0,3104.52
ORD-54955,2021-08-24,2021-08-30,Second Class,Home Office,Tacoma,Washington,West,Technology,Machines,6339.57,9,0.0,727.46
ORD-54956,2020-10-23,2020-10-26,Second Class,Consumer,Arkansas City,Arkansas,South,Furniture,Tables,1972.76,7,0.0,-337.35
ORD-54957,2020-06-07,2020-06-11,Standard Class,Home Office,Alabama City,Alabama,South,Technology,Phones,1660.66,6,0.4,-6.59
ORD-54958,2021-06-16,2021-06-17,Standard Class,Home Office,Missouri City,Missouri,Central,Furniture,Bookcases,19316.01,9,0.1,3523.63
ORD-54959,2022-04-26,2022-04-27,Second Class,Consumer,Missouri City,Missouri,Central,Office Supplies,Labels,657.64,1,0.0,250.32
ORD-54960,2020-04-30,2020-05-01,Standard Class,Corporate,Nebraska City,Nebraska,Central,Furniture,Bookcases,4265.41,2,0.0,-371.22
ORD-54961,2023-06-02,2023-06-04,Second Class,Consumer,Tacoma,Washington,West,Furniture,Furnishings,1071.69,1,0.15,-126.08
ORD-54962,2024-11-02,2024-11-09,Standard Class,Corporate,Louisiana City,Louisiana,South,Furniture,Chairs,948.95,1,0.3,400.4
ORD-54963,2024-07-02,2024-07-03,Standard Class,Corporate,Dallas,Texas,Central,Office Supplies,Envelopes,1956.49,3,0.0,224.75
ORD-54964,2024-11-05,2024-11-09,First Class,Consumer,Sacramento,California,West,Furniture,Furnishings,5234.02,4,0.0,0.66
ORD-54965,2024-03-26,2024-03-31,First Class,Consumer,Kansas City,Kansas,Central,Technology,Machines,12440.26,6,0.0,1792.71
ORD-54966,2021-04-12,2021-04-14,First Class,Corporate,Vermont City,Vermont,East,Technology,Accessories,646.8,1,0.0,232.02
ORD-54967,2023-08-23,2023-08-29,Second Class,Home Office,New Jersey City,New Jersey,East,Technology,Machines,1898.34,1,0.2,179.77
ORD-54968,2023-01-03,2023-01-08,Second Class,Consumer,Colorado City,Colorado,West,Technology,Machines,1540.34,4,0.0,-183.12
ORD-54969,2021-02-06,2021-02-08,Standard Class,Consumer,Alabama City,Alabama,South,Office Supplies,Supplies,2528.53,2,0.0,1110.19
ORD-54970,2024-09-07,2024-09-14,Second Class,Corporate,South Carolina City,South Carolina,South,Furniture,Bookcases,1678.32,2,0.2,348.02
ORD-54971,2022-08-27,2022-09-01,Standard Class,Home Office,Nevada City,Nevada,West,Office Supplies,Storage,3387.51,6,0.4,1205.54
ORD-54972,2024-02-05,2024-02-07,Same Day,Corporate,Philadelphia,Pennsylvania,East,Office Supplies,Labels,10258.12,8,0.0,3819.07
ORD-54973,2024-11-24,2024-11-27,Standard Class,Consumer,Arizona City,Arizona,West,Technology,Machines,13495.6,9,0.4,2262.62
ORD-54974,2020-11-04,2020-11-06,Standard Class,Consumer,Colorado City,Colorado,West,Technology,Accessories,3650.58,2,0.0,-808.98
ORD-54975,2023-08-01,2023-08-08,Standard Class,Corporate,Albany,New York,East,Furniture,Tables,7877.42,8,0.0,-541.85
ORD-54976,2020-09-24,2020-09-25,First Class,Consumer,Austin,Texas,Central,Furniture,Chairs,2880.09,2,0.0,840.87
ORD-54977,2020-08-02,2020-08-06,Standard Class,Consumer,Louisiana City,Louisiana,South,Furniture,Tables,16626.53,9,0.0,-2163.9
ORD-54978,2024-03-22,2024-03-25,Same Day,Home Office,Philadelphia,Pennsylvania,East,Technology,Copiers,7365.89,5,0.15,2154.35
ORD-54979,2022-09-03,2022-09-09,Second Class,Home Office,Nebraska City,Nebraska,Central,Furniture,Bookcases,1036.95,6,0.0,-97.47
ORD-54980,2023-06-10,2023-06-14,Standard Class,Corporate,Kansas City,Kansas,Central,Office Supplies,Paper,1536.54,1,0.0,198.5
ORD-54981,2021-06-25,2021-06-29,Standard Class,Home Office,Idaho City,Idaho,West,Technology,Machines,5243.14,4,0.25,245.86
ORD-54982,2022-07-01,2022-07-03,First Class,Consumer,Missouri City,Missouri,Central,Office Supplies,Art,8858.1,4,0.0,2684.01
ORD-54983,2024-09-16,2024-09-21,Standard Class,Consumer,North Carolina City,North Carolina,South,Technology,Accessories,510.72,2,0.4,-100.79
ORD-54984,2020-11-11,2020-11-18,Standard Class,Consumer,Kentucky City,Kentucky,South,Technology,Copiers,1949.85,1,0.0,598.44
ORD-54985,2024-09-04,2024-09-05,First Class,Consumer,Cleveland,Ohio,Central,Office Supplies,Envelopes,601.54,6,0.0,161.03
ORD-54986,2022-06-27,2022-06-29,Standard Class,Corporate,Kentucky City,Kentucky,South,Office Supplies,Envelopes,9220.05,7,0.25,3219.23
ORD-54987,2024-12-09,2024-12-15,Standard Class,Consumer,Minnesota City,Minnesota,Central,Technology,Machines,4348.48,9,0.0,214.09
ORD-54988,2022-11-27,2022-12-01,Standard Class,Consumer,Mississippi City,Mississippi,South,Furniture,Chairs,962.82,3,0.2,-84.02
ORD-54989,2021-08-12,2021-08-18,First Class,Consumer,Arizona City,Arizona,West,Technology,Copiers,76.93,1,0.0,18.68
ORD-54990,2023-08-17,2023-08-21,Second Class,Consumer,Utah City,Utah,West,Office Supplies,Envelopes,4420.94,5,0.15,1729.69
ORD-54991,2023-10-12,2023-10-19,Same Day,Consumer,Colorado City,Colorado,West,Technology,Accessories,6635.45,4,0.1,1073.77
ORD-54992,2022-12-13,2022-12-15,Second Class,Corporate,Idaho City,Idaho,West,Technology,Phones,10349.15,8,0.15,4308.61
ORD-54993,2024-12-27,2024-12-30,Standard Class,Corporate,New Mexico City,New Mexico,West,Furniture,Chairs,1741.47,4,0.0,62.42
ORD-54994,2020-09-18,2020-09-22,Standard Class,Consumer,New Mexico City,New Mexico,West,Technology,Copiers,4216.65,2,0.0,-59.61
ORD-54995,2021-03-02,2021-03-03,Standard Class,Corporate,Arizona City,Arizona,West,Technology,Copiers,510.46,2,0.0,53.32
ORD-54996,2020-10-04,2020-10-05,Standard Class,Home Office,Vermont City,Vermont,East,Office Supplies,Labels,6882.11,3,0.0,146.75
ORD-54997,2021-01-25,2021-01-27,Standard Class,Home Office,Connecticut City,Connecticut,East,Furniture,Chairs,2892.59,4,0.2,207.46
ORD-54998,2020-07-25,2020-07-30,Standard Class,Home Office,North Carolina City,North Carolina,South,Furniture,Bookcases,668.79,3,0.0,-121.14
ORD-54999,2020-03-11,2020-03-15,Same Day,Consumer,Mississippi City,Mississippi,South,Office Supplies,Supplies,20010.08,9,0.0,2051.81
ORD-55000,2022-10-30,2022-10-31,Standard Class,Home Office,Alabama City,Alabama,South,Office Supplies,Storage,8238.8,4,0.1,3440.16
